account_index,credit_risk_score,customer_age,income,velocity_6h
794993,-57.0,20.0,0.1,6108.017
794995,17.0,20.0,0.7,4937.1577
795001,69.0,20.0,0.6,8762.479
795022,217.0,50.0,0.9,1067.0497
795059,105.0,20.0,0.9,4174.6006
795090,124.0,20.0,0.6,4072.5964
795094,141.0,20.0,0.1,4885.844
795117,130.0,40.0,0.5,3202.558
795118,127.0,20.0,0.9,4376.0234
795120,79.0,30.0,0.8,6405.3535
795227,128.0,30.0,0.6,5086.9487
795261,282.0,30.0,0.9,3671.9246
795262,271.0,50.0,0.8,5060.8286
795274,111.0,20.0,0.7,4584.5503
795287,193.0,40.0,0.9,889.9228
795291,13.0,40.0,0.7,4690.1597
795297,113.0,20.0,0.6,3484.872
795310,128.0,30.0,0.4,4668.159
795318,176.0,30.0,0.9,677.2884
795389,156.0,30.0,0.8,6346.766
795408,207.0,30.0,0.4,1483.6705
795501,206.0,40.0,0.9,5488.5723
795538,102.0,20.0,0.1,991.3855
795561,70.0,20.0,0.9,4607.9478
795562,111.0,40.0,0.7,3850.324
795586,71.0,50.0,0.7,4808.5576
795600,216.0,40.0,0.9,4782.021
795657,217.0,40.0,0.9,3898.7922
795689,109.0,20.0,0.8,2989.4868
795707,152.0,30.0,0.1,2861.196
795724,150.0,50.0,0.9,6289.713
795763,173.0,40.0,0.9,7995.269
795764,123.0,20.0,0.1,9204.884
795784,77.0,50.0,0.8,4313.5815
795786,143.0,20.0,0.1,3415.319
795789,17.0,50.0,0.9,2516.8574
795798,106.0,50.0,0.7,2037.0631
795833,146.0,20.0,0.9,5322.256
795848,302.0,20.0,0.3,2499.4534
795885,95.0,20.0,0.1,3936.5144
795888,128.0,30.0,0.9,1802.0354
795889,198.0,40.0,0.6,3511.3174
795893,98.0,40.0,0.6,2342.9282
795925,101.0,20.0,0.6,5985.5347
795936,231.0,30.0,0.9,3819.5652
795938,148.0,30.0,0.9,6858.6426
795977,109.0,20.0,0.7,4361.895
796006,100.0,40.0,0.8,3015.9487
796013,120.0,50.0,0.7,720.0315
796016,193.0,50.0,0.7,941.343
796021,181.0,30.0,0.6,1026.869
796025,116.0,20.0,0.3,3395.4055
796029,207.0,20.0,0.9,4105.567
796034,70.0,30.0,0.7,1253.9585
796048,47.0,20.0,0.1,6017.0576
796058,207.0,60.0,0.5,5036.0635
796059,124.0,40.0,0.9,4788.5522
796090,130.0,20.0,0.1,4453.555
796111,258.0,50.0,0.5,1408.7716
796145,143.0,30.0,0.7,4443.759
796213,150.0,30.0,0.9,2724.567
796249,188.0,40.0,0.6,1081.1517
796289,254.0,40.0,0.4,4651.4585
796307,117.0,40.0,0.7,4270.8135
796314,99.0,50.0,0.2,3912.2512
796333,154.0,60.0,0.6,3575.1199
796341,166.0,30.0,0.8,2092.1692
796382,116.0,20.0,0.7,3197.507
796387,91.0,50.0,0.2,5504.978
796400,145.0,30.0,0.8,9390.386
796405,241.0,20.0,0.8,4156.0894
796406,208.0,40.0,0.7,2700.2068
796419,105.0,40.0,0.3,3819.8906
796446,81.0,20.0,0.7,2532.0747
796461,141.0,20.0,0.2,13110.607
796480,131.0,60.0,0.9,5742.786
796539,19.0,20.0,0.6,4347.8525
796555,169.0,40.0,0.9,3016.418
796561,6.0,30.0,0.3,9293.348
796564,105.0,40.0,0.1,4729.54
796565,116.0,40.0,0.6,2146.6724
796588,186.0,40.0,0.7,5374.962
796637,222.0,20.0,0.7,3821.233
796648,140.0,30.0,0.9,3505.9492
796676,106.0,20.0,0.2,1822.31
796716,105.0,30.0,0.8,2046.8721
796730,147.0,50.0,0.9,6715.738
796737,260.0,20.0,0.3,3546.383
796761,184.0,60.0,0.9,3105.9553
796779,59.0,30.0,0.7,3316.7234
796791,124.0,20.0,0.7,7918.7095
796808,291.0,50.0,0.8,9176.679
796815,211.0,30.0,0.9,4822.0415
796842,212.0,20.0,0.1,5054.877
796877,226.0,20.0,0.1,858.2613
796890,168.0,30.0,0.2,1266.8069
796911,178.0,20.0,0.2,3261.854
796912,121.0,50.0,0.9,6302.992
796922,271.0,50.0,0.7,1292.6648
796923,117.0,30.0,0.9,5294.7905
796954,106.0,20.0,0.7,3764.935
796965,142.0,30.0,0.8,11574.368
796988,98.0,20.0,0.5,1203.6204
796991,209.0,40.0,0.9,5519.072
797029,57.0,60.0,0.8,891.6964
797102,96.0,20.0,0.5,5918.571
797141,133.0,30.0,0.8,1229.0419
797156,69.0,40.0,0.9,3383.8167
797173,105.0,20.0,0.6,953.7762
797222,15.0,30.0,0.1,4905.5615
797224,250.0,20.0,0.9,1478.0721
797243,91.0,30.0,0.4,6181.246
797251,214.0,20.0,0.8,799.42303
797253,112.0,30.0,0.4,1812.1056
797285,150.0,20.0,0.4,1546.2112
797320,109.0,30.0,0.8,1671.8127
797335,237.0,50.0,0.8,2007.7483
797352,181.0,20.0,0.8,2757.3267
797356,171.0,20.0,0.8,7616.036
797364,198.0,40.0,0.9,3401.164
797368,89.0,20.0,0.3,4823.443
797370,193.0,50.0,0.9,5701.0576
797382,118.0,50.0,0.8,6157.0728
797418,99.0,30.0,0.9,2344.1558
797438,130.0,50.0,0.9,2925.1677
797483,256.0,50.0,0.5,5179.0615
797487,238.0,30.0,0.9,5001.766
797493,116.0,20.0,0.7,2416.9373
797527,227.0,30.0,0.9,4870.289
797529,74.0,30.0,0.9,5466.069
797559,124.0,40.0,0.2,4646.153
797577,241.0,50.0,0.8,3774.8164
797616,200.0,60.0,0.9,5106.399
797622,108.0,40.0,0.7,5971.6304
797664,199.0,40.0,0.8,3495.778
797698,245.0,30.0,0.6,3817.3572
797702,-3.0,20.0,0.1,2628.1873
797707,238.0,40.0,0.9,5159.1396
797713,97.0,30.0,0.9,4896.139
797730,290.0,30.0,0.4,1060.5721
797756,179.0,40.0,0.6,1636.7892
797771,217.0,40.0,0.5,5495.462
797804,205.0,40.0,0.9,2521.0361
797830,115.0,30.0,0.8,11305.865
797835,75.0,20.0,0.4,7270.9624
797851,139.0,30.0,0.9,1137.9265
797852,86.0,30.0,0.1,3333.5955
797854,220.0,50.0,0.9,1529.394
797882,110.0,20.0,0.7,3410.87
797902,180.0,50.0,0.7,4204.8154
797945,66.0,40.0,0.9,1543.4474
797985,166.0,40.0,0.7,5008.861
797990,114.0,40.0,0.5,2296.681
798005,56.0,50.0,0.9,5297.2754
798038,116.0,30.0,0.9,3142.4526
798046,16.0,20.0,0.2,5686.175
798052,65.0,40.0,0.7,2226.7556
798061,208.0,30.0,0.4,3562.8042
798088,230.0,50.0,0.6,1347.4547
798150,200.0,30.0,0.5,4340.8013
798170,87.0,30.0,0.8,4022.956
798200,188.0,50.0,0.8,4489.8135
798216,239.0,40.0,0.6,1301.2389
798224,195.0,30.0,0.4,5163.8813
798231,195.0,20.0,0.9,2207.3748
798276,182.0,20.0,0.2,2589.6592
798277,71.0,30.0,0.4,1526.6725
798278,99.0,20.0,0.9,11595.679
798288,227.0,40.0,0.7,2492.2825
798293,248.0,50.0,0.3,6235.492
798354,181.0,40.0,0.9,3883.1702
798371,127.0,20.0,0.3,1874.3784
798415,98.0,20.0,0.7,2724.6968
798437,98.0,50.0,0.9,5005.59
798440,30.0,20.0,0.9,6122.4443
798446,83.0,40.0,0.5,5055.584
798452,194.0,50.0,0.9,2621.5369
798468,246.0,40.0,0.7,1240.6925
798479,183.0,20.0,0.8,2333.151
798483,164.0,40.0,0.9,323.5078
798496,119.0,40.0,0.9,3508.386
798548,132.0,50.0,0.8,5596.4727
798603,120.0,20.0,0.4,4626.8716
798619,225.0,20.0,0.9,4139.559
798645,91.0,20.0,0.6,14512.845
798647,88.0,40.0,0.8,3636.2993
798665,66.0,20.0,0.3,10198.266
798678,84.0,30.0,0.8,1572.4845
798684,107.0,30.0,0.1,8212.314
798734,135.0,20.0,0.1,1059.272
798786,158.0,40.0,0.8,1980.787
798789,114.0,20.0,0.8,2530.4514
798815,149.0,40.0,0.9,3570.1238
798874,73.0,20.0,0.9,5669.5264
798876,79.0,30.0,0.4,9441.18
798885,239.0,50.0,0.9,2074.4563
798890,105.0,20.0,0.2,5290.246
798902,151.0,60.0,0.9,3101.3525
798922,72.0,30.0,0.9,1460.7435
798940,76.0,20.0,0.1,3431.9934
798943,139.0,30.0,0.1,5617.355
798952,75.0,20.0,0.1,7224.3887
798964,138.0,20.0,0.2,337.3746
798971,275.0,60.0,0.4,756.2094
798986,129.0,20.0,0.5,4253.033
799020,120.0,70.0,0.2,4285.9395
799021,97.0,40.0,0.9,2746.402
799039,116.0,60.0,0.9,4478.4185
799071,133.0,20.0,0.5,3174.4463
799113,117.0,50.0,0.9,3521.6677
799178,67.0,20.0,0.6,6654.1445
799179,162.0,70.0,0.1,1119.9333
799221,204.0,30.0,0.9,5999.3286
799259,100.0,50.0,0.6,6163.4478
799287,81.0,30.0,0.4,8875.93
799369,127.0,40.0,0.8,2580.7854
799388,223.0,40.0,0.8,796.8981
799392,90.0,20.0,0.7,1140.6265
799450,230.0,20.0,0.4,701.6481
799457,149.0,40.0,0.9,3652.218
799549,133.0,60.0,0.9,1459.293
799557,240.0,30.0,0.4,1137.3844
799593,80.0,40.0,0.6,5731.844
799595,79.0,30.0,0.1,4994.7993
799602,164.0,70.0,0.1,763.75024
799609,149.0,20.0,0.8,1279.7446
799611,181.0,30.0,0.6,1373.0221
799723,115.0,30.0,0.1,5253.4175
799728,157.0,20.0,0.9,4538.8325
799741,159.0,40.0,0.9,4302.2573
799756,203.0,30.0,0.8,2954.2686
799759,152.0,60.0,0.7,5772.0166
799819,208.0,40.0,0.9,5811.869
799844,139.0,30.0,0.7,2982.7378
799848,219.0,20.0,0.5,1135.5376
799863,129.0,20.0,0.1,2644.6985
799889,174.0,20.0,0.7,2509.3372
799893,69.0,20.0,0.6,4139.9453
799900,194.0,50.0,0.9,3378.6248
799968,181.0,30.0,0.6,3865.9287
799991,77.0,20.0,0.1,646.61926
800011,102.0,30.0,0.2,4805.131
800017,96.0,20.0,0.5,4685.141
800033,104.0,40.0,0.5,13967.49
800036,151.0,30.0,0.9,1090.0907
800047,185.0,30.0,0.9,815.5903
800060,76.0,50.0,0.8,6304.134
800104,130.0,40.0,0.9,3118.2786
800120,119.0,20.0,0.9,1547.4247
800122,105.0,40.0,0.2,2582.2554
800162,210.0,60.0,0.5,1760.4716
800212,223.0,50.0,0.9,3003.7358
800233,116.0,30.0,0.1,8760.6
800243,67.0,30.0,0.9,5466.9175
800313,106.0,50.0,0.7,6112.073
800347,236.0,30.0,0.8,2962.6594
800383,130.0,30.0,0.8,768.24567
800421,104.0,20.0,0.4,2916.0432
800515,86.0,30.0,0.5,2657.8354
800537,221.0,30.0,0.2,2112.9658
800577,173.0,40.0,0.8,2948.585
800584,93.0,30.0,0.4,4098.4683
800616,112.0,20.0,0.9,4192.066
800626,201.0,20.0,0.1,4543.322
800682,156.0,40.0,0.6,548.50073
800703,109.0,20.0,0.9,2204.36
800716,176.0,20.0,0.1,1341.1792
800726,106.0,20.0,0.9,4861.2847
800747,144.0,30.0,0.1,4449.3135
800748,148.0,50.0,0.8,3834.3428
800788,242.0,40.0,0.5,2781.6035
800807,93.0,40.0,0.8,6035.668
800846,153.0,20.0,0.7,1933.875
800847,76.0,30.0,0.8,7608.405
800855,269.0,50.0,0.9,3957.0068
800860,163.0,40.0,0.7,7266.7017
800924,234.0,20.0,0.7,4063.6448
800949,125.0,40.0,0.9,4262.2124
800969,239.0,40.0,0.8,1407.1172
800978,225.0,50.0,0.4,1534.747
800980,213.0,50.0,0.8,9001.69
801014,170.0,20.0,0.8,6120.436
801018,109.0,40.0,0.4,2568.7166
801043,238.0,40.0,0.6,5719.948
801047,191.0,30.0,0.1,3922.7988
801048,170.0,40.0,0.1,3939.9043
801064,147.0,70.0,0.9,3534.7302
801079,126.0,30.0,0.4,3241.6018
801087,164.0,50.0,0.3,3621.6401
801090,45.0,20.0,0.8,3100.2546
801125,242.0,50.0,0.8,2482.8372
801161,308.0,40.0,0.9,6103.586
801202,124.0,30.0,0.3,1839.9485
801223,72.0,50.0,0.4,637.4057
801241,-82.0,20.0,0.9,4421.8447
801301,205.0,30.0,0.5,1237.9802
801321,86.0,50.0,0.8,7814.4473
801334,123.0,30.0,0.9,6467.1343
801336,255.0,40.0,0.4,1966.0818
801338,259.0,40.0,0.9,2397.9668
801359,104.0,30.0,0.6,4472.906
801371,162.0,30.0,0.7,4990.3833
801382,109.0,30.0,0.4,6070.981
801440,168.0,40.0,0.9,2576.144
801458,85.0,30.0,0.9,2146.6365
801514,216.0,40.0,0.8,4186.1904
801526,142.0,30.0,0.9,4193.254
801529,187.0,60.0,0.7,2185.3875
801584,237.0,30.0,0.4,5739.4487
801586,119.0,20.0,0.9,1714.0225
801651,208.0,40.0,0.8,3555.7605
801671,115.0,20.0,0.7,4775.7124
801673,196.0,30.0,0.8,3943.9106
801689,169.0,30.0,0.9,3646.9536
801694,189.0,30.0,0.9,6516.8604
801718,140.0,40.0,0.8,4096.4727
801793,73.0,20.0,0.6,2763.3215
801882,79.0,20.0,0.3,6024.7437
801920,73.0,30.0,0.5,3873.2642
801924,220.0,20.0,0.8,1581.2423
801969,146.0,20.0,0.9,3471.8176
801985,138.0,20.0,0.9,10151.442
801988,-78.0,30.0,0.1,7641.779
802043,192.0,20.0,0.6,4417.5254
802066,95.0,40.0,0.4,2609.667
802081,134.0,30.0,0.9,4989.9517
802126,110.0,60.0,0.1,1421.1836
802132,223.0,50.0,0.8,6693.801
802169,100.0,20.0,0.8,3905.5024
802240,93.0,20.0,0.8,3909.8884
802244,105.0,60.0,0.2,4369.838
802266,118.0,30.0,0.3,1222.1705
802283,96.0,20.0,0.4,4776.4683
802286,162.0,30.0,0.9,1625.1957
802312,199.0,30.0,0.4,2978.541
802318,69.0,30.0,0.4,4742.1753
802337,160.0,20.0,0.8,1473.9993
802351,150.0,20.0,0.4,7570.0493
802387,77.0,30.0,0.3,3721.059
802431,175.0,40.0,0.7,4934.1265
802460,230.0,20.0,0.8,5002.907
802475,216.0,30.0,0.8,3594.6233
802486,171.0,40.0,0.7,3657.346
802513,260.0,30.0,0.9,1257.8906
802527,85.0,30.0,0.9,906.69385
802543,124.0,30.0,0.5,2779.6318
802573,271.0,50.0,0.4,5608.1987
802589,83.0,50.0,0.2,3363.8582
802594,92.0,30.0,0.8,3803.2666
802597,184.0,20.0,0.9,4467.4653
802603,241.0,30.0,0.7,9989.971
802616,299.0,40.0,0.7,3961.6814
802643,260.0,20.0,0.1,8003.7593
802674,4.0,50.0,0.8,1202.9655
802687,119.0,20.0,0.5,5534.159
802707,65.0,50.0,0.1,4750.023
802711,122.0,30.0,0.7,5257.7183
802770,169.0,40.0,0.6,3016.826
802775,163.0,30.0,0.8,9986.513
802790,114.0,50.0,0.7,5759.1973
802804,77.0,40.0,0.6,1089.6105
802805,204.0,50.0,0.1,3918.5557
802807,193.0,40.0,0.9,4470.503
802809,181.0,30.0,0.8,4441.866
802821,269.0,30.0,0.4,1613.834
802840,157.0,40.0,0.9,861.4242
802873,140.0,30.0,0.1,4875.7114
802899,215.0,50.0,0.9,4424.2607
802905,98.0,40.0,0.9,1988.819
802911,162.0,30.0,0.8,6464.722
802912,141.0,60.0,0.9,7218.083
802939,116.0,20.0,0.9,6352.6255
802949,175.0,30.0,0.5,5403.5903
802951,218.0,50.0,0.9,2966.8652
802999,105.0,20.0,0.7,5322.513
803008,236.0,50.0,0.9,3949.6206
803034,186.0,30.0,0.5,4637.871
803041,307.0,20.0,0.8,4264.4956
803066,96.0,30.0,0.8,6050.6895
803094,152.0,20.0,0.5,5880.2695
803102,59.0,40.0,0.9,4804.9385
803103,98.0,40.0,0.1,6090.9497
803158,89.0,60.0,0.8,9405.036
803160,104.0,40.0,0.5,9143.911
803197,132.0,20.0,0.1,3228.9285
803251,75.0,30.0,0.9,3962.8208
803255,73.0,20.0,0.1,1209.6123
803259,98.0,20.0,0.6,7341.246
803266,104.0,50.0,0.6,4524.0996
803271,77.0,30.0,0.6,361.39554
803280,166.0,30.0,0.3,4122.367
803284,174.0,30.0,0.9,1483.2535
803314,194.0,20.0,0.9,2322.0852
803334,119.0,40.0,0.6,11911.485
803342,115.0,30.0,0.9,3728.5623
803372,81.0,30.0,0.4,1510.3771
803394,128.0,20.0,0.6,1757.1
803404,148.0,40.0,0.7,1244.5087
803468,212.0,10.0,0.7,9883.164
803481,111.0,40.0,0.9,3244.283
803498,147.0,30.0,0.8,996.1451
803540,136.0,40.0,0.1,3793.7166
803555,279.0,50.0,0.6,4827.479
803569,211.0,30.0,0.9,1386.5958
803577,127.0,40.0,0.2,2544.3586
803587,131.0,20.0,0.2,6460.7427
803595,336.0,50.0,0.6,854.8824
803616,84.0,50.0,0.6,1505.6763
803633,116.0,20.0,0.9,2312.8562
803644,100.0,50.0,0.9,2390.8992
803676,109.0,40.0,0.9,4342.4277
803677,62.0,50.0,0.8,6646.1064
803737,289.0,50.0,0.1,8401.9795
803739,111.0,30.0,0.4,4399.1777
803779,94.0,20.0,0.9,3463.8486
803804,149.0,30.0,0.1,2940.779
803827,86.0,20.0,0.1,5798.2886
803845,116.0,40.0,0.8,3796.8867
803849,228.0,10.0,0.7,4034.419
803891,144.0,20.0,0.8,3320.2314
803910,178.0,60.0,0.3,9149.4
803913,117.0,40.0,0.4,308.58957
803920,184.0,50.0,0.3,9762.726
803928,188.0,50.0,0.9,1892.4495
803929,82.0,50.0,0.6,6737.027
803937,75.0,30.0,0.1,4782.568
803957,117.0,40.0,0.4,2608.74
803997,149.0,30.0,0.6,6193.018
804003,259.0,40.0,0.7,3909.0664
804014,97.0,40.0,0.1,1105.0424
804050,144.0,30.0,0.7,8397.71
804097,96.0,30.0,0.6,8589.191
804144,150.0,30.0,0.8,3947.8896
804148,148.0,30.0,0.1,2632.845
804150,109.0,40.0,0.6,3859.1936
804164,157.0,50.0,0.8,1231.0493
804186,168.0,40.0,0.9,8204.338
804242,158.0,30.0,0.1,7545.8237
804301,98.0,30.0,0.8,4132.7417
804303,76.0,40.0,0.9,4523.5596
804319,256.0,50.0,0.8,4984.363
804344,200.0,30.0,0.4,2273.2075
804347,86.0,30.0,0.1,4587.6216
804423,88.0,30.0,0.1,4519.13
804436,80.0,30.0,0.9,1980.9062
804443,121.0,30.0,0.8,6382.4756
804458,112.0,40.0,0.5,3816.3066
804481,31.0,20.0,0.7,2734.6545
804486,124.0,40.0,0.8,6338.312
804509,226.0,30.0,0.9,2248.2412
804544,110.0,20.0,0.9,1081.607
804559,100.0,40.0,0.7,2414.542
804564,159.0,40.0,0.3,7509.1475
804574,117.0,50.0,0.3,3872.4185
804643,156.0,40.0,0.2,7890.215
804644,87.0,20.0,0.5,2172.249
804648,130.0,30.0,0.8,4209.2773
804669,213.0,20.0,0.1,5568.6323
804679,235.0,60.0,0.8,1495.499
804747,87.0,30.0,0.9,2113.779
804749,112.0,40.0,0.4,1511.5544
804751,161.0,50.0,0.7,721.73157
804760,157.0,50.0,0.8,1824.2792
804775,119.0,40.0,0.6,1984.1654
804776,247.0,30.0,0.5,720.52844
804783,212.0,50.0,0.8,13599.578
804822,111.0,40.0,0.7,2369.8599
804837,248.0,40.0,0.1,1557.6849
804890,53.0,20.0,0.8,7651.7153
804893,77.0,20.0,0.7,774.79395
804918,293.0,50.0,0.9,5840.7046
804927,127.0,40.0,0.4,1604.1841
804943,242.0,40.0,0.8,758.07355
804944,112.0,20.0,0.8,6170.4404
804958,120.0,40.0,0.6,2293.529
804977,175.0,50.0,0.8,1623.0647
804978,118.0,40.0,0.9,4251.787
804999,214.0,20.0,0.9,3758.3218
805025,114.0,50.0,0.9,3922.5615
805028,105.0,40.0,0.9,5057.6826
805034,71.0,30.0,0.1,4472.8477
805064,124.0,20.0,0.8,2923.7925
805083,210.0,30.0,0.8,3840.7375
805095,105.0,20.0,0.4,3223.8384
805107,160.0,30.0,0.9,1761.8322
805152,12.0,20.0,0.3,3771.141
805185,147.0,30.0,0.9,2999.4385
805245,116.0,30.0,0.1,7095.8423
805287,93.0,40.0,0.9,2153.7966
805294,93.0,40.0,0.2,2966.4236
805295,111.0,20.0,0.8,5445.356
805297,60.0,60.0,0.6,1114.012
805299,92.0,30.0,0.9,2104.5867
805301,229.0,50.0,0.4,3134.308
805303,216.0,20.0,0.6,3150.0632
805313,83.0,20.0,0.7,2133.016
805315,215.0,30.0,0.5,6536.082
805323,78.0,30.0,0.4,5217.577
805345,215.0,30.0,0.8,1868.796
805354,231.0,30.0,0.8,4646.9116
805372,218.0,30.0,0.1,3187.603
805378,236.0,40.0,0.9,302.26794
805379,236.0,20.0,0.6,9193.567
805387,182.0,40.0,0.9,703.6223
805404,119.0,30.0,0.4,4430.594
805411,166.0,30.0,0.7,8064.0493
805437,252.0,40.0,0.9,1439.2697
805461,80.0,30.0,0.2,3601.6746
805531,226.0,30.0,0.9,2529.0159
805546,202.0,20.0,0.8,3194.5625
805613,274.0,40.0,0.8,7222.5645
805630,25.0,50.0,0.9,7449.321
805642,110.0,40.0,0.7,1051.1366
805648,114.0,40.0,0.9,1814.6738
805695,212.0,30.0,0.9,1062.982
805706,99.0,20.0,0.8,2997.182
805735,128.0,30.0,0.1,6394.4595
805737,190.0,30.0,0.8,3732.9429
805739,162.0,30.0,0.2,3125.9436
805756,218.0,30.0,0.9,1017.1679
805784,235.0,40.0,0.4,4007.5652
805817,173.0,20.0,0.8,1483.9644
805871,175.0,20.0,0.3,7293.528
805877,176.0,30.0,0.4,561.4947
805888,97.0,20.0,0.7,7637.6104
805919,95.0,20.0,0.6,2528.7896
806015,183.0,40.0,0.8,5444.856
806022,195.0,50.0,0.8,656.0412
806024,81.0,20.0,0.1,11522.682
806028,217.0,20.0,0.9,1800.961
806051,133.0,30.0,0.7,5207.7197
806070,93.0,20.0,0.9,2892.859
806085,96.0,30.0,0.7,2811.1018
806111,276.0,50.0,0.9,1679.0896
806118,123.0,40.0,0.4,4287.902
806189,231.0,40.0,0.9,626.1663
806201,83.0,30.0,0.3,4450.3853
806239,129.0,40.0,0.1,4100.9326
806307,192.0,60.0,0.1,5454.4766
806320,87.0,50.0,0.4,4281.451
806337,241.0,30.0,0.7,4370.8535
806348,106.0,40.0,0.9,5266.797
806350,144.0,20.0,0.4,3534.2522
806351,83.0,30.0,0.1,11193.164
806361,175.0,20.0,0.1,6577.081
806406,145.0,30.0,0.8,4299.64
806465,160.0,20.0,0.3,2499.5942
806468,124.0,20.0,0.1,1933.7599
806501,132.0,30.0,0.1,5924.595
806522,151.0,20.0,0.6,2341.7578
806530,233.0,30.0,0.4,4351.35
806551,161.0,30.0,0.2,4872.5713
806561,10.0,50.0,0.6,4622.671
806596,162.0,30.0,0.9,8982.078
806619,170.0,30.0,0.5,2583.7302
806627,120.0,40.0,0.4,6698.362
806639,77.0,40.0,0.5,1881.9125
806650,130.0,20.0,0.1,4414.082
806657,217.0,40.0,0.6,3297.6016
806662,154.0,50.0,0.7,3597.8982
806675,147.0,20.0,0.8,9627.339
806677,90.0,20.0,0.7,3381.6003
806688,110.0,30.0,0.8,4093.8105
806702,121.0,20.0,0.4,6958.414
806722,127.0,30.0,0.9,1499.9766
806747,104.0,30.0,0.9,3471.4915
806766,200.0,30.0,0.8,2757.7097
806829,80.0,20.0,0.4,2073.4607
806838,206.0,30.0,0.7,3584.3625
806847,119.0,40.0,0.9,3766.961
806862,130.0,30.0,0.1,3207.5066
806869,61.0,30.0,0.8,3516.1929
806874,209.0,70.0,0.9,1398.94
806895,181.0,20.0,0.1,3984.678
806921,88.0,20.0,0.2,4449.4546
806925,111.0,20.0,0.9,2883.145
806949,111.0,30.0,0.8,3434.1084
806953,291.0,40.0,0.8,961.6186
806976,161.0,20.0,0.9,5017.858
806996,240.0,60.0,0.9,5681.6113
807024,96.0,40.0,0.7,2645.177
807025,77.0,10.0,0.1,3491.174
807030,233.0,40.0,0.9,1075.6437
807057,198.0,40.0,0.9,4363.1484
807059,161.0,50.0,0.9,2044.0416
807068,188.0,40.0,0.3,1292.249
807069,172.0,40.0,0.7,4858.5474
807114,248.0,30.0,0.9,2104.3562
807131,40.0,40.0,0.9,4825.974
807151,65.0,40.0,0.7,6081.3696
807158,105.0,40.0,0.9,4866.323
807178,187.0,20.0,0.6,1093.1151
807185,191.0,50.0,0.9,5395.112
807206,245.0,30.0,0.7,2037.653
807235,211.0,50.0,0.9,4394.741
807242,68.0,30.0,0.1,2880.7383
807272,133.0,40.0,0.8,1885.7646
807310,108.0,20.0,0.2,5195.5967
807314,86.0,30.0,0.3,3561.1348
807336,125.0,40.0,0.8,3811.6008
807346,191.0,50.0,0.8,5629.1777
807397,236.0,40.0,0.1,3877.9324
807401,70.0,40.0,0.9,2542.696
807428,117.0,20.0,0.3,3331.4902
807468,119.0,30.0,0.9,3258.9062
807471,129.0,20.0,0.6,4412.8643
807498,85.0,40.0,0.8,2730.733
807507,213.0,30.0,0.2,579.26544
807517,101.0,50.0,0.7,5758.1987
807520,98.0,40.0,0.9,1432.2798
807526,282.0,90.0,0.8,1891.4501
807537,126.0,20.0,0.9,5009.014
807551,87.0,40.0,0.1,944.5901
807581,53.0,20.0,0.7,4516.966
807582,137.0,40.0,0.2,4325.491
807604,98.0,50.0,0.9,3129.2751
807610,228.0,30.0,0.9,1777.2731
807689,178.0,30.0,0.8,1559.7712
807780,264.0,60.0,0.9,5859.7593
807783,170.0,20.0,0.8,6856.4146
807803,195.0,50.0,0.8,2313.5513
807808,162.0,20.0,0.4,4993.0566
807813,118.0,30.0,0.1,7391.108
807829,106.0,20.0,0.9,1839.6504
807833,75.0,20.0,0.4,1098.9692
807840,105.0,40.0,0.9,2710.2222
807844,209.0,30.0,0.9,5316.247
807905,274.0,30.0,0.2,3702.0647
807906,59.0,60.0,0.6,3631.8342
807933,105.0,30.0,0.9,5645.883
807939,132.0,20.0,0.9,1568.2925
807953,98.0,20.0,0.8,6053.415
807991,242.0,40.0,0.8,2745.0437
807998,177.0,10.0,0.9,4666.6475
808002,145.0,20.0,0.9,4621.7886
808029,151.0,50.0,0.8,4668.0063
808058,146.0,30.0,0.9,2920.3232
808072,99.0,30.0,0.1,4354.697
808088,41.0,30.0,0.9,4558.402
808119,60.0,40.0,0.8,2813.0974
808120,107.0,20.0,0.3,3539.9077
808231,116.0,20.0,0.1,2119.7297
808235,143.0,20.0,0.9,6271.848
808238,83.0,20.0,0.2,743.4746
808251,225.0,50.0,0.7,5691.0586
808295,120.0,30.0,0.8,3666.28
808313,62.0,20.0,0.1,2082.2852
808316,194.0,40.0,0.9,3395.4836
808372,310.0,30.0,0.8,2996.5942
808384,178.0,20.0,0.4,9672.172
808385,100.0,30.0,0.1,4342.4106
808425,204.0,30.0,0.9,3022.6333
808441,126.0,20.0,0.6,1477.0698
808447,31.0,30.0,0.3,963.716
808457,177.0,50.0,0.8,4840.0474
808468,86.0,30.0,0.8,3276.1177
808470,110.0,20.0,0.5,7712.979
808471,100.0,40.0,0.9,1664.0486
808483,137.0,10.0,0.1,3054.0547
808486,98.0,10.0,0.5,4002.1506
808494,174.0,30.0,0.8,1111.2284
808497,16.0,20.0,0.6,8363.432
808521,196.0,40.0,0.9,3169.7905
808531,154.0,20.0,0.1,2744.8413
808540,202.0,40.0,0.9,3721.0107
808553,189.0,40.0,0.9,1017.9179
808599,204.0,40.0,0.8,3221.9443
808603,126.0,40.0,0.6,4940.03
808644,135.0,50.0,0.8,2374.5676
808645,172.0,40.0,0.9,2389.925
808677,74.0,30.0,0.9,3262.4304
808690,198.0,20.0,0.9,6567.2715
808691,174.0,30.0,0.7,3564.8018
808700,226.0,30.0,0.9,4733.805
808742,93.0,40.0,0.1,11130.792
808771,159.0,40.0,0.9,5463.6885
808833,127.0,10.0,0.4,4859.2197
808834,51.0,30.0,0.1,5864.3306
808847,55.0,50.0,0.4,7420.562
808860,73.0,30.0,0.6,5775.271
808873,93.0,30.0,0.8,6031.933
808878,122.0,10.0,0.6,4040.206
808885,123.0,30.0,0.9,2369.5532
808910,139.0,30.0,0.7,1501.7324
808941,152.0,40.0,0.9,1969.209
808958,171.0,40.0,0.9,3013.4622
808963,127.0,40.0,0.9,4913.7583
808985,117.0,20.0,0.9,6344.682
809032,119.0,30.0,0.8,2779.3293
809053,54.0,30.0,0.2,4179.6187
809126,100.0,20.0,0.5,3376.3145
809167,177.0,20.0,0.6,5486.195
809171,251.0,40.0,0.4,4295.1123
809175,136.0,40.0,0.7,5002.3745
809199,155.0,50.0,0.8,2584.8354
809210,221.0,30.0,0.6,780.9905
809217,64.0,30.0,0.5,3405.6294
809227,128.0,50.0,0.8,2287.9424
809262,191.0,20.0,0.1,730.47906
809268,61.0,30.0,0.3,4570.8174
809274,104.0,20.0,0.5,3689.3767
809300,190.0,30.0,0.6,1130.8417
809323,135.0,30.0,0.4,3611.9495
809332,182.0,40.0,0.2,4114.397
809335,97.0,10.0,0.3,3684.777
809355,222.0,30.0,0.9,3809.0022
809395,84.0,60.0,0.6,7427.287
809413,111.0,30.0,0.9,1072.9016
809442,151.0,50.0,0.9,2254.6262
809450,311.0,50.0,0.4,2441.0244
809596,179.0,40.0,0.8,3179.3276
809623,102.0,30.0,0.4,4529.545
809659,154.0,40.0,0.6,1991.446
809674,197.0,50.0,0.9,2379.966
809690,91.0,20.0,0.8,3650.2297
809697,138.0,20.0,0.8,9194.489
809717,107.0,30.0,0.9,1993.478
809722,106.0,40.0,0.7,8349.464
809782,162.0,30.0,0.9,1467.0553
809805,230.0,60.0,0.1,7191.321
809809,220.0,30.0,0.9,1723.575
809820,94.0,30.0,0.8,3204.444
809843,250.0,40.0,0.9,4968.934
809900,121.0,40.0,0.7,4797.7188
809921,123.0,40.0,0.9,3995.1643
809950,121.0,20.0,0.9,2763.8965
809962,83.0,30.0,0.9,9399.74
809972,56.0,20.0,0.6,11128.119
809980,20.0,30.0,0.7,3599.375
809989,124.0,40.0,0.9,2020.1274
810032,35.0,30.0,0.1,4761.592
810043,248.0,40.0,0.7,897.07214
810055,239.0,40.0,0.9,1969.2887
810058,100.0,40.0,0.9,3630.0579
810114,103.0,20.0,0.7,5888.1606
810117,115.0,40.0,0.9,2465.2285
810120,150.0,20.0,0.6,5493.118
810145,111.0,20.0,0.4,4631.7754
810166,109.0,30.0,0.9,5145.2036
810173,98.0,30.0,0.7,5166.6104
810188,89.0,40.0,0.7,6550.834
810218,74.0,20.0,0.1,4594.455
810251,154.0,30.0,0.8,6657.837
810284,117.0,60.0,0.9,3430.7087
810293,41.0,50.0,0.3,4083.9065
810334,112.0,70.0,0.7,5356.3384
810343,70.0,20.0,0.9,3315.0498
810402,108.0,10.0,0.7,4421.9907
810411,195.0,30.0,0.8,4715.491
810413,106.0,20.0,0.4,4728.338
810505,256.0,30.0,0.9,3664.9048
810514,177.0,50.0,0.9,1010.4912
810559,223.0,40.0,0.9,2832.9468
810569,158.0,20.0,0.6,6812.392
810574,187.0,50.0,0.1,8042.4663
810585,138.0,50.0,0.7,8103.1377
810591,157.0,30.0,0.6,3705.1414
810597,111.0,40.0,0.8,4608.1562
810608,238.0,30.0,0.9,3882.6233
810610,152.0,20.0,0.6,4912.7446
810616,29.0,50.0,0.3,5436.4116
810634,184.0,50.0,0.4,1082.4358
810642,119.0,30.0,0.8,6077.314
810726,44.0,50.0,0.8,7091.0635
810744,80.0,30.0,0.8,5625.159
810749,171.0,20.0,0.9,5957.535
810760,182.0,30.0,0.8,4783.999
810787,83.0,40.0,0.9,3844.8342
810807,114.0,20.0,0.9,5906.381
810816,116.0,30.0,0.9,4157.196
810821,130.0,20.0,0.3,3936.639
810834,126.0,40.0,0.7,3389.875
810855,86.0,20.0,0.8,4751.178
810873,119.0,30.0,0.1,1613.2349
810895,203.0,20.0,0.8,5943.822
810909,84.0,50.0,0.6,7726.9272
810914,225.0,30.0,0.3,4719.236
810920,196.0,30.0,0.8,3300.9375
810951,115.0,50.0,0.9,3495.367
810966,60.0,40.0,0.1,11876.794
810969,60.0,40.0,0.7,14593.469
810970,91.0,40.0,0.2,3884.7031
810985,251.0,30.0,0.7,4684.325
810988,152.0,60.0,0.4,1771.1182
811017,199.0,40.0,0.7,4918.3965
811073,180.0,30.0,0.5,4917.0493
811085,258.0,20.0,0.9,2248.091
811115,115.0,20.0,0.5,2618.2246
811132,151.0,40.0,0.9,4101.4214
811133,98.0,40.0,0.1,1628.0974
811179,167.0,30.0,0.9,1214.5713
811189,133.0,20.0,0.9,13439.432
811201,129.0,40.0,0.6,611.0695
811223,159.0,30.0,0.9,3238.8997
811236,105.0,40.0,0.9,5665.329
811250,55.0,20.0,0.2,3530.4734
811271,284.0,40.0,0.7,4180.5815
811291,248.0,40.0,0.7,2112.1216
811303,93.0,20.0,0.1,2739.9011
811329,90.0,40.0,0.9,990.253
811334,93.0,30.0,0.1,4230.8447
811375,83.0,50.0,0.7,1211.3849
811408,156.0,30.0,0.7,4540.142
811419,169.0,20.0,0.2,5587.7197
811424,135.0,40.0,0.6,5007.1636
811488,333.0,40.0,0.1,2042.0889
811494,197.0,30.0,0.1,480.17902
811496,113.0,40.0,0.2,2750.8677
811532,328.0,70.0,0.2,1177.6715
811550,136.0,30.0,0.3,595.904
811579,115.0,60.0,0.9,4178.8657
811582,185.0,40.0,0.8,1550.8645
811615,189.0,50.0,0.6,2659.5725
811642,142.0,40.0,0.2,5929.1807
811689,245.0,50.0,0.7,4656.176
811777,187.0,50.0,0.6,4250.317
811789,180.0,40.0,0.9,5630.2314
811798,173.0,40.0,0.9,2299.8953
811805,115.0,30.0,0.8,4561.562
811824,159.0,40.0,0.8,2411.9768
811843,115.0,30.0,0.9,4472.83
811890,124.0,20.0,0.6,8258.441
811891,142.0,10.0,0.2,1569.6646
811909,211.0,50.0,0.9,1195.6932
812012,204.0,40.0,0.9,5641.9355
812013,129.0,40.0,0.3,4097.6177
812018,97.0,40.0,0.7,3118.4622
812038,83.0,30.0,0.6,1567.1727
812043,138.0,70.0,0.6,2520.1785
812059,105.0,40.0,0.5,5101.4673
812102,158.0,50.0,0.9,4650.1743
812109,129.0,20.0,0.4,2759.37
812111,79.0,30.0,0.1,9003.583
812136,154.0,30.0,0.9,1137.3092
812137,155.0,30.0,0.8,5104.147
812159,136.0,40.0,0.8,3203.3372
812176,85.0,20.0,0.9,4681.595
812184,191.0,30.0,0.8,464.4393
812211,188.0,30.0,0.9,3497.3816
812231,185.0,40.0,0.8,1975.3154
812234,216.0,40.0,0.9,4138.946
812242,174.0,60.0,0.9,7772.449
812246,194.0,20.0,0.8,3848.0789
812295,104.0,70.0,0.3,4779.84
812297,107.0,40.0,0.5,6205.06
812299,98.0,40.0,0.1,5593.6743
812344,198.0,30.0,0.8,4373.0815
812383,183.0,20.0,0.1,1877.3616
812386,162.0,30.0,0.8,4580.2295
812394,216.0,20.0,0.7,904.58813
812425,129.0,40.0,0.2,1010.68475
812457,255.0,40.0,0.9,1906.8986
812483,88.0,30.0,0.4,4746.723
812501,260.0,40.0,0.9,684.5659
812568,258.0,50.0,0.9,2308.2463
812576,227.0,30.0,0.9,3507.722
812596,192.0,40.0,0.7,8068.7476
812631,81.0,20.0,0.7,2685.8762
812648,182.0,30.0,0.8,1235.9093
812701,148.0,20.0,0.7,433.8296
812745,152.0,40.0,0.7,13308.802
812763,134.0,50.0,0.5,2399.9143
812807,214.0,50.0,0.7,1201.6101
812845,72.0,40.0,0.1,4439.712
812847,109.0,20.0,0.6,10244.736
812861,133.0,40.0,0.3,1766.6516
812873,117.0,20.0,0.1,8423.186
812906,101.0,20.0,0.2,5938.6167
812912,204.0,30.0,0.6,4690.8267
812919,227.0,40.0,0.9,839.17615
812927,264.0,50.0,0.9,2004.1869
812942,109.0,30.0,0.6,755.60187
812945,113.0,40.0,0.5,4696.074
812966,116.0,30.0,0.7,1748.5212
812985,311.0,20.0,0.1,4766.3013
813043,76.0,30.0,0.9,5329.709
813093,200.0,40.0,0.9,4928.139
813125,149.0,20.0,0.1,8473.529
813183,280.0,50.0,0.9,4510.7495
813202,159.0,50.0,0.9,758.98724
813223,99.0,10.0,0.1,6278.5425
813235,113.0,20.0,0.9,2512.1235
813247,125.0,20.0,0.8,3075.7979
813290,54.0,30.0,0.6,1223.4822
813303,236.0,50.0,0.8,5591.4062
813318,182.0,60.0,0.8,4344.1987
813353,80.0,30.0,0.6,3889.456
813417,165.0,30.0,0.5,5755.672
813420,122.0,40.0,0.9,6244.7866
813481,88.0,20.0,0.1,5114.4727
813493,141.0,40.0,0.8,4754.1626
813556,236.0,40.0,0.3,3573.062
813562,114.0,20.0,0.5,2416.853
813623,119.0,40.0,0.8,838.2388
813627,150.0,40.0,0.9,8070.199
813653,229.0,40.0,0.7,4976.0703
813664,134.0,30.0,0.4,2617.7305
813672,173.0,40.0,0.6,5432.2446
813682,143.0,50.0,0.2,7103.44
813719,157.0,30.0,0.6,3775.1064
813731,206.0,40.0,0.9,4685.155
813740,179.0,50.0,0.9,2386.8306
813744,45.0,30.0,0.3,1249.1459
813754,234.0,40.0,0.9,857.7666
813790,82.0,40.0,0.8,6675.755
813802,166.0,50.0,0.5,4608.9805
813827,179.0,50.0,0.9,921.1821
813835,188.0,50.0,0.3,4490.318
813839,123.0,50.0,0.9,4978.566
813847,198.0,40.0,0.4,1986.8136
813911,128.0,60.0,0.6,6865.374
813945,140.0,30.0,0.7,4542.974
813948,190.0,30.0,0.7,4666.226
813993,102.0,40.0,0.9,3892.5137
813996,248.0,50.0,0.8,9509.656
814016,188.0,40.0,0.9,3172.2588
814020,149.0,40.0,0.9,3635.4126
814040,97.0,60.0,0.9,4214.153
814070,196.0,40.0,0.4,3729.8567
814089,133.0,40.0,0.8,3051.71
814097,185.0,60.0,0.9,1943.94
814210,91.0,40.0,0.9,3685.7017
814231,120.0,60.0,0.9,7417.3926
814266,67.0,50.0,0.6,1278.4796
814273,108.0,30.0,0.4,4608.2656
814299,107.0,40.0,0.9,961.9694
814345,33.0,40.0,0.9,1365.5472
814357,182.0,20.0,0.9,4049.2993
814404,93.0,70.0,0.4,4263.065
814442,236.0,50.0,0.9,4135.4375
814471,191.0,30.0,0.6,4863.5254
814481,178.0,30.0,0.4,2321.642
814509,208.0,50.0,0.9,3907.8096
814568,63.0,30.0,0.7,2769.9397
814588,122.0,40.0,0.9,2998.2776
814594,207.0,50.0,0.4,658.3207
814628,167.0,50.0,0.9,3135.7761
814633,54.0,20.0,0.8,4774.4277
814636,84.0,30.0,0.2,2678.7637
814702,104.0,50.0,0.1,798.65015
814707,149.0,20.0,0.9,4341.608
814730,255.0,30.0,0.6,919.0081
814783,131.0,30.0,0.8,3019.8872
814797,97.0,50.0,0.1,2788.153
814800,100.0,40.0,0.9,2489.682
814866,52.0,40.0,0.9,6253.307
814869,260.0,30.0,0.8,2472.9756
814882,79.0,50.0,0.8,3951.5063
814883,108.0,20.0,0.4,4094.069
814938,196.0,20.0,0.6,6075.001
814939,248.0,40.0,0.2,2730.3337
814944,116.0,40.0,0.3,968.55896
814982,89.0,40.0,0.9,3135.9287
815009,216.0,70.0,0.3,5030.8535
815025,114.0,40.0,0.9,6293.2646
815048,114.0,50.0,0.2,3321.7808
815050,232.0,40.0,0.8,2627.2434
815059,245.0,40.0,0.8,4564.4785
815062,-103.0,40.0,0.7,1019.78064
815079,53.0,20.0,0.1,3563.3096
815094,111.0,50.0,0.5,8080.2964
815098,241.0,50.0,0.5,1573.1138
815109,147.0,20.0,0.6,5661.9106
815199,105.0,40.0,0.8,2541.0615
815201,284.0,40.0,0.9,2453.6294
815207,159.0,20.0,0.8,5248.72
815220,111.0,30.0,0.2,1480.818
815233,190.0,50.0,0.9,1438.6294
815273,92.0,20.0,0.9,2863.1394
815372,143.0,40.0,0.7,5118.1323
815426,166.0,40.0,0.9,5370.519
815456,118.0,50.0,0.9,8189.6206
815457,98.0,20.0,0.3,12266.197
815464,116.0,20.0,0.1,3155.716
815502,183.0,50.0,0.5,5449.4985
815503,133.0,30.0,0.9,3898.15
815523,97.0,30.0,0.9,4554.2554
815531,166.0,30.0,0.4,5456.756
815535,158.0,40.0,0.8,4976.3447
815563,123.0,20.0,0.8,3735.048
815567,146.0,40.0,0.9,2277.5718
815595,154.0,50.0,0.8,2560.3452
815612,47.0,20.0,0.3,11271.373
815671,153.0,30.0,0.6,4114.894
815686,89.0,40.0,0.8,614.295
815726,77.0,30.0,0.1,3368.1924
815745,105.0,20.0,0.9,631.1322
815746,147.0,40.0,0.3,5600.8438
815764,123.0,30.0,0.5,6673.0464
815776,81.0,30.0,0.2,11890.214
815784,171.0,20.0,0.8,6870.97
815798,113.0,40.0,0.9,1754.655
815799,206.0,20.0,0.1,1534.5295
815800,101.0,30.0,0.7,4318.517
815803,138.0,30.0,0.2,1702.2506
815813,206.0,30.0,0.9,4219.9507
815838,167.0,50.0,0.7,3920.5322
815854,255.0,40.0,0.9,3751.998
815858,71.0,50.0,0.8,4383.6196
815860,107.0,30.0,0.5,7145.795
815963,103.0,50.0,0.4,5534.9263
815976,116.0,20.0,0.1,3223.558
816038,153.0,50.0,0.7,11239.163
816043,70.0,30.0,0.9,1671.326
816064,205.0,20.0,0.5,2121.9116
816070,75.0,30.0,0.8,2354.4583
816071,126.0,40.0,0.4,6644.2925
816101,183.0,30.0,0.2,2292.652
816102,309.0,40.0,0.5,1040.838
816127,81.0,20.0,0.6,4037.6875
816200,48.0,40.0,0.7,2787.8042
816241,183.0,40.0,0.9,1786.8208
816244,197.0,40.0,0.4,11952.052
816302,121.0,10.0,0.5,1272.384
816306,127.0,40.0,0.9,5666.385
816313,142.0,20.0,0.1,7755.4663
816338,223.0,40.0,0.9,4017.0137
816345,123.0,40.0,0.5,1312.0103
816364,91.0,50.0,0.8,3920.9202
816397,134.0,30.0,0.8,1078.0262
816457,151.0,30.0,0.8,5861.945
816467,88.0,30.0,0.8,6318.667
816475,146.0,40.0,0.9,2904.5815
816508,111.0,20.0,0.7,5872.19
816517,192.0,30.0,0.4,7082.5215
816532,192.0,10.0,0.1,8163.9263
816560,103.0,30.0,0.1,5537.3975
816694,84.0,50.0,0.3,2105.668
816712,119.0,20.0,0.2,4922.537
816715,157.0,20.0,0.3,2627.8687
816718,-24.0,50.0,0.6,659.4736
816720,183.0,20.0,0.9,2728.0576
816737,121.0,20.0,0.7,4230.313
816758,88.0,30.0,0.1,1698.971
816779,220.0,30.0,0.6,693.6577
816811,146.0,50.0,0.4,4686.3496
816883,95.0,30.0,0.8,6865.046
816887,208.0,50.0,0.9,3340.8525
816904,140.0,50.0,0.7,1791.7838
816933,351.0,50.0,0.9,4689.2046
816949,177.0,40.0,0.8,5186.3604
816954,229.0,20.0,0.7,4422.064
816960,43.0,30.0,0.4,5218.032
816992,172.0,30.0,0.9,2690.4011
817021,107.0,50.0,0.9,6680.7603
817038,174.0,20.0,0.3,3945.3423
817048,100.0,30.0,0.9,3153.8154
817116,248.0,50.0,0.9,2303.597
817123,169.0,20.0,0.9,3243.2769
817164,63.0,40.0,0.5,8374.688
817238,220.0,30.0,0.9,3588.1501
817262,262.0,30.0,0.9,1829.7607
817267,30.0,20.0,0.7,7545.007
817271,139.0,20.0,0.6,2917.5574
817285,225.0,30.0,0.9,1924.5048
817294,218.0,60.0,0.9,4196.3013
817313,178.0,30.0,0.9,814.744
817337,117.0,50.0,0.9,9497.287
817338,283.0,30.0,0.9,1043.2709
817342,161.0,30.0,0.8,4471.026
817350,83.0,30.0,0.6,4108.8975
817362,139.0,50.0,0.9,5140.712
817366,49.0,20.0,0.5,1019.4305
817376,74.0,30.0,0.9,2966.717
817393,160.0,30.0,0.9,7820.6553
817483,112.0,20.0,0.1,679.2849
817501,249.0,50.0,0.9,4822.243
817502,44.0,20.0,0.9,7535.3066
817534,150.0,30.0,0.4,4753.2524
817560,129.0,30.0,0.6,5767.8213
817578,181.0,40.0,0.8,2624.3914
817615,112.0,30.0,0.9,3853.0784
817634,77.0,30.0,0.3,5243.2085
817637,201.0,40.0,0.4,3960.9
817652,192.0,40.0,0.7,4311.512
817658,118.0,50.0,0.9,5414.028
817672,84.0,50.0,0.2,6997.0273
817677,149.0,30.0,0.1,9700.845
817680,180.0,50.0,0.7,2665.9302
817712,172.0,40.0,0.8,2156.8494
817788,97.0,40.0,0.8,3181.8335
817798,170.0,50.0,0.8,1932.92
817821,84.0,40.0,0.1,2833.9612
817864,78.0,40.0,0.6,3892.3828
817888,154.0,40.0,0.5,3542.6062
817945,155.0,20.0,0.7,1342.4813
817977,152.0,40.0,0.7,1233.1925
817995,203.0,30.0,0.9,6071.4683
818009,252.0,60.0,0.9,3559.0317
818030,116.0,20.0,0.5,5009.2095
818033,191.0,50.0,0.3,656.6431
818053,190.0,30.0,0.5,1683.0917
818079,257.0,40.0,0.4,4717.3657
818120,87.0,20.0,0.1,5374.2246
818129,253.0,40.0,0.1,533.8347
818134,83.0,30.0,0.2,5603.899
818135,234.0,50.0,0.8,4509.256
818182,69.0,20.0,0.7,3021.8494
818184,50.0,20.0,0.6,10919.491
818200,85.0,20.0,0.8,1672.0834
818208,98.0,20.0,0.9,4405.286
818212,111.0,30.0,0.9,2443.5164
818220,-25.0,30.0,0.4,2621.924
818224,254.0,20.0,0.9,3011.9448
818229,164.0,30.0,0.8,2832.3086
818262,203.0,40.0,0.9,1857.0867
818275,125.0,40.0,0.9,1503.3885
818281,102.0,20.0,0.8,3458.2217
818282,44.0,50.0,0.9,5881.123
818303,104.0,30.0,0.6,5333.8267
818313,131.0,70.0,0.8,2687.979
818314,82.0,50.0,0.1,4368.7446
818322,96.0,30.0,0.6,1397.2021
818344,211.0,20.0,0.4,4960.8174
818355,255.0,50.0,0.8,3595.7673
818389,251.0,20.0,0.9,1593.9346
818444,122.0,30.0,0.2,4898.588
818448,179.0,40.0,0.9,4843.5947
818454,126.0,30.0,0.9,3335.1355
818474,126.0,50.0,0.9,5736.3228
818475,155.0,50.0,0.7,694.0526
818490,46.0,20.0,0.1,8144.0845
818526,162.0,30.0,0.7,8193.183
818579,88.0,30.0,0.2,3757.235
818617,-51.0,20.0,0.1,9408.518
818635,173.0,60.0,0.4,2434.2295
818636,122.0,60.0,0.1,4360.3223
818647,154.0,30.0,0.6,4584.6064
818662,223.0,50.0,0.9,4985.7134
818672,207.0,50.0,0.2,4857.1597
818702,144.0,50.0,0.4,3267.0178
818719,224.0,30.0,0.9,4304.614
818732,251.0,30.0,0.9,1024.8257
818734,4.0,40.0,0.4,885.42944
818821,202.0,40.0,0.8,3214.0908
818852,161.0,20.0,0.2,4848.1787
818855,130.0,20.0,0.1,5613.6304
818903,-1.0,20.0,0.8,3127.4836
818906,213.0,50.0,0.1,3827.4363
818941,207.0,40.0,0.8,6820.871
818946,132.0,80.0,0.1,7723.123
818996,188.0,30.0,0.5,1220.729
819022,174.0,40.0,0.9,6222.2812
819038,156.0,30.0,0.9,3304.3413
819048,162.0,20.0,0.2,833.773
819085,99.0,30.0,0.8,4190.347
819089,191.0,40.0,0.7,5509.9507
819090,104.0,30.0,0.9,3526.8955
819099,87.0,20.0,0.6,4433.955
819100,158.0,20.0,0.2,3574.1228
819122,173.0,30.0,0.8,3479.04
819129,134.0,20.0,0.1,5209.1553
819134,215.0,30.0,0.9,3106.2026
819175,174.0,20.0,0.6,5837.623
819260,140.0,20.0,0.5,5034.472
819269,183.0,20.0,0.9,4094.972
819285,305.0,40.0,0.9,4913.657
819293,131.0,20.0,0.8,3575.1074
819367,208.0,40.0,0.1,5434.879
819371,107.0,60.0,0.9,4282.298
819374,195.0,20.0,0.8,1786.4113
819381,190.0,50.0,0.9,2400.7712
819417,13.0,20.0,0.5,6198.6357
819443,139.0,40.0,0.1,733.73956
819470,171.0,10.0,0.2,3191.001
819476,124.0,20.0,0.1,5307.8984
819493,226.0,20.0,0.6,5233.616
819500,130.0,20.0,0.7,4449.4575
819517,165.0,30.0,0.9,890.4927
819524,179.0,40.0,0.8,2904.345
819538,86.0,30.0,0.1,3269.7104
819560,98.0,50.0,0.6,3488.2295
819570,89.0,20.0,0.2,3010.7827
819582,147.0,60.0,0.8,5505.8213
819584,195.0,20.0,0.5,1347.7238
819598,124.0,20.0,0.1,4876.2666
819656,221.0,20.0,0.9,4136.9478
819660,175.0,20.0,0.9,2682.291
819670,156.0,20.0,0.8,945.17926
819672,71.0,20.0,0.8,5491.3525
819678,241.0,20.0,0.9,3313.5562
819694,100.0,40.0,0.5,1871.0703
819697,133.0,10.0,0.2,2388.2314
819709,158.0,30.0,0.8,4904.201
819727,119.0,30.0,0.9,1526.8186
819745,173.0,30.0,0.9,519.9524
819762,275.0,30.0,0.7,1043.0127
819767,189.0,30.0,0.9,1214.0502
819773,113.0,30.0,0.8,1794.9532
819781,182.0,40.0,0.6,5703.317
819784,125.0,20.0,0.9,3421.923
819806,186.0,20.0,0.6,1787.7181
819835,124.0,40.0,0.9,8313.085
819908,94.0,40.0,0.1,6158.5215
819915,103.0,20.0,0.7,3980.0574
819916,119.0,20.0,0.2,5550.956
820002,239.0,40.0,0.7,4101.689
820036,187.0,30.0,0.4,4578.239
820037,199.0,50.0,0.9,5740.128
820076,72.0,40.0,0.7,2447.2178
820089,289.0,30.0,0.4,811.2792
820105,75.0,30.0,0.4,2898.2654
820110,62.0,30.0,0.4,5626.77
820138,141.0,50.0,0.6,1085.9392
820211,268.0,20.0,0.7,2116.336
820234,190.0,30.0,0.7,5067.0273
820242,190.0,30.0,0.9,851.74414
820274,129.0,40.0,0.8,4759.9893
820281,126.0,30.0,0.9,721.7702
820294,154.0,20.0,0.6,3257.5637
820316,168.0,40.0,0.8,594.4247
820326,88.0,40.0,0.6,5000.824
820356,220.0,50.0,0.2,2659.15
820420,97.0,40.0,0.4,1270.9729
820423,180.0,30.0,0.9,3949.319
820455,121.0,30.0,0.2,3953.817
820478,123.0,20.0,0.9,3850.5715
820485,187.0,30.0,0.9,1615.6847
820493,109.0,40.0,0.9,3531.9756
820507,115.0,30.0,0.9,3055.891
820528,108.0,20.0,0.1,2762.2795
820535,98.0,20.0,0.1,1845.7825
820543,122.0,20.0,0.6,968.5238
820576,127.0,30.0,0.9,4322.025
820595,276.0,40.0,0.7,5255.263
820632,98.0,40.0,0.9,5017.2246
820676,83.0,40.0,0.2,2496.447
820685,99.0,30.0,0.3,1162.221
820695,159.0,20.0,0.2,2995.295
820706,192.0,30.0,0.1,4060.9873
820738,86.0,40.0,0.4,7064.0337
820740,113.0,40.0,0.4,2347.5908
820745,145.0,50.0,0.9,2310.0867
820752,153.0,30.0,0.8,4582.805
820763,79.0,20.0,0.3,5204.1396
820847,127.0,30.0,0.5,3616.4373
820880,133.0,30.0,0.9,3347.3923
820919,192.0,40.0,0.9,3309.5388
820951,111.0,40.0,0.9,4074.3564
820996,212.0,20.0,0.9,8480.078
821033,98.0,30.0,0.9,4151.8604
821041,61.0,30.0,0.2,4270.1235
821061,103.0,20.0,0.5,887.2283
821076,122.0,20.0,0.7,3758.279
821135,131.0,40.0,0.7,8618.374
821169,227.0,50.0,0.9,6492.06
821177,218.0,30.0,0.7,498.5324
821178,60.0,40.0,0.9,3561.9717
821192,-10.0,40.0,0.7,4504.912
821218,199.0,40.0,0.9,6022.1553
821242,169.0,20.0,0.5,5420.1895
821293,88.0,20.0,0.2,4379.4893
821299,157.0,30.0,0.9,1099.5339
821305,92.0,20.0,0.7,9603.407
821355,77.0,20.0,0.8,4425.84
821395,149.0,40.0,0.5,3032.1875
821413,93.0,40.0,0.1,2933.4226
821439,119.0,20.0,0.7,399.40967
821442,121.0,40.0,0.9,5334.1235
821452,296.0,50.0,0.9,9962.993
821469,142.0,40.0,0.6,4236.886
821511,112.0,30.0,0.9,13167.408
821513,130.0,30.0,0.9,2941.2341
821529,55.0,30.0,0.9,4230.135
821570,165.0,20.0,0.1,2081.0273
821612,137.0,20.0,0.8,6022.7827
821633,134.0,40.0,0.7,11404.005
821634,116.0,20.0,0.2,2629.0417
821642,121.0,10.0,0.9,2869.3828
821648,148.0,40.0,0.5,3130.1868
821678,184.0,60.0,0.9,7000.5825
821691,156.0,50.0,0.9,7372.5146
821729,134.0,20.0,0.9,3619.611
821742,40.0,60.0,0.6,6238.7026
821761,176.0,30.0,0.8,5017.0
821773,172.0,40.0,0.9,8442.122
821781,100.0,70.0,0.7,5352.901
821805,322.0,50.0,0.7,6963.2246
821816,158.0,40.0,0.7,728.3296
821858,198.0,50.0,0.6,2481.3635
821868,198.0,20.0,0.4,4966.8467
821884,148.0,20.0,0.2,5891.69
821952,76.0,30.0,0.4,5233.0767
821953,57.0,30.0,0.2,6352.166
821959,135.0,50.0,0.8,3745.2275
822011,259.0,40.0,0.1,1302.2273
822055,158.0,30.0,0.7,801.0546
822096,117.0,80.0,0.8,2481.1191
822114,125.0,30.0,0.6,4294.7134
822120,188.0,30.0,0.2,1529.1971
822125,88.0,30.0,0.6,4699.588
822236,288.0,60.0,0.8,1404.8085
822325,114.0,50.0,0.9,5217.1284
822328,242.0,40.0,0.9,1955.7952
822335,97.0,10.0,0.9,2766.1921
822351,108.0,20.0,0.4,4481.111
822423,68.0,20.0,0.3,4846.857
822433,207.0,40.0,0.9,3408.778
822436,51.0,40.0,0.8,4621.2314
822446,106.0,40.0,0.7,10613.578
822459,122.0,30.0,0.4,1255.0151
822460,80.0,40.0,0.9,3246.834
822509,126.0,20.0,0.3,2671.5286
822519,216.0,50.0,0.9,5174.1636
822525,239.0,20.0,0.1,4492.19
822531,160.0,50.0,0.5,4747.143
822578,110.0,30.0,0.1,5464.5264
822626,70.0,40.0,0.9,4515.403
822638,224.0,50.0,0.7,4869.755
822677,198.0,30.0,0.9,4165.4277
822678,123.0,30.0,0.9,3322.3132
822689,196.0,40.0,0.8,2928.8198
822706,176.0,30.0,0.9,4975.4863
822722,116.0,20.0,0.9,1006.4237
822737,155.0,30.0,0.9,2646.7595
822768,86.0,30.0,0.2,2719.6643
822839,79.0,30.0,0.9,5895.5044
822846,239.0,40.0,0.8,2872.4463
822847,61.0,40.0,0.4,1803.8428
822863,28.0,60.0,0.2,5700.319
822869,271.0,30.0,0.9,1568.1884
822895,116.0,40.0,0.9,5732.9365
822900,247.0,40.0,0.9,7095.2935
822926,122.0,20.0,0.1,2063.4407
822934,80.0,20.0,0.7,5148.3574
822971,176.0,40.0,0.3,2192.4048
822974,197.0,30.0,0.9,5860.734
822995,179.0,60.0,0.9,7278.7505
823031,61.0,30.0,0.7,1030.5022
823035,161.0,40.0,0.8,1192.5463
823039,188.0,40.0,0.9,2971.2974
823053,141.0,20.0,0.8,1572.5376
823066,39.0,50.0,0.6,6934.3174
823093,122.0,20.0,0.5,1161.6066
823129,132.0,40.0,0.2,5071.7637
823148,129.0,30.0,0.6,2271.435
823178,109.0,20.0,0.5,3328.8645
823216,179.0,30.0,0.2,1293.5963
823267,77.0,30.0,0.6,1343.9945
823283,139.0,20.0,0.5,3441.8503
823299,176.0,30.0,0.9,1609.6992
823300,135.0,50.0,0.9,5753.671
823302,203.0,40.0,0.8,828.4918
823304,119.0,40.0,0.6,3418.771
823320,72.0,30.0,0.7,4418.186
823329,210.0,60.0,0.8,7863.289
823335,200.0,40.0,0.8,3487.3464
823381,88.0,20.0,0.8,4376.7075
823394,140.0,40.0,0.8,2813.0195
823412,103.0,30.0,0.8,4217.595
823430,101.0,20.0,0.1,1879.947
823436,61.0,30.0,0.8,4561.018
823485,260.0,30.0,0.9,6671.747
823497,95.0,40.0,0.5,4152.1167
823540,92.0,40.0,0.9,3305.6545
823562,86.0,10.0,0.4,2645.7314
823578,55.0,30.0,0.2,4749.048
823586,189.0,40.0,0.9,2801.7407
823613,153.0,20.0,0.8,7485.313
823618,202.0,20.0,0.6,9319.473
823646,96.0,40.0,0.9,2829.7126
823648,108.0,50.0,0.9,5365.949
823656,189.0,50.0,0.8,2642.722
823667,138.0,30.0,0.4,5187.989
823675,112.0,30.0,0.3,1596.5571
823686,222.0,30.0,0.2,1125.0187
823692,164.0,30.0,0.6,4841.6562
823709,162.0,30.0,0.1,6239.597
823715,178.0,40.0,0.8,1942.7765
823738,247.0,40.0,0.8,3746.7979
823774,156.0,40.0,0.8,5534.089
823817,181.0,40.0,0.2,7891.3003
823833,122.0,30.0,0.8,3550.0916
823837,287.0,30.0,0.5,5093.301
823864,153.0,50.0,0.9,5883.5303
823870,99.0,30.0,0.8,848.18463
823881,271.0,30.0,0.8,4354.4785
823896,103.0,40.0,0.9,1363.4058
823905,140.0,30.0,0.8,5077.437
823941,64.0,40.0,0.3,4718.3696
823947,95.0,40.0,0.5,4811.9194
824028,207.0,20.0,0.9,5683.1475
824032,139.0,20.0,0.6,980.0375
824043,141.0,40.0,0.8,2666.4697
824063,59.0,20.0,0.8,5603.3247
824080,109.0,40.0,0.7,3706.9868
824109,72.0,30.0,0.5,3040.242
824130,115.0,30.0,0.7,3957.2273
824145,102.0,30.0,0.4,5048.7036
824149,205.0,30.0,0.9,3844.7974
824192,196.0,30.0,0.9,4032.7522
824215,73.0,40.0,0.6,1503.9272
824232,121.0,40.0,0.7,5244.742
824233,115.0,20.0,0.8,4889.486
824265,165.0,50.0,0.1,4337.923
824277,248.0,30.0,0.2,1527.6365
824288,94.0,30.0,0.8,3717.4438
824302,81.0,60.0,0.1,5318.449
824320,149.0,50.0,0.3,3204.3293
824467,76.0,30.0,0.1,2984.6035
824474,70.0,60.0,0.1,9436.527
824485,285.0,40.0,0.9,1363.5977
824507,187.0,40.0,0.9,2138.313
824520,136.0,20.0,0.9,4555.8574
824577,75.0,40.0,0.8,4005.2397
824588,85.0,20.0,0.1,4397.878
824639,257.0,20.0,0.8,846.979
824645,241.0,40.0,0.9,4401.012
824649,184.0,30.0,0.9,732.2422
824657,27.0,40.0,0.3,3284.972
824664,82.0,30.0,0.9,3236.7983
824679,109.0,40.0,0.1,4187.86
824686,163.0,40.0,0.6,7148.097
824695,82.0,40.0,0.9,4374.2437
824713,253.0,30.0,0.9,3149.6912
824751,186.0,30.0,0.9,5559.235
824763,198.0,60.0,0.1,5216.9834
824796,166.0,50.0,0.9,6127.428
824803,178.0,30.0,0.9,1412.0183
824804,135.0,30.0,0.6,3715.804
824837,102.0,20.0,0.3,5084.8853
824858,184.0,50.0,0.9,3772.8586
824889,115.0,20.0,0.9,4260.89
824891,174.0,30.0,0.8,1391.2609
824921,109.0,20.0,0.6,3674.5015
824955,283.0,50.0,0.3,5790.021
824961,177.0,40.0,0.4,3296.0784
824990,140.0,40.0,0.6,5140.7324
825008,71.0,40.0,0.1,1490.9613
825043,111.0,20.0,0.3,8997.581
825046,51.0,20.0,0.7,7609.6855
825063,128.0,30.0,0.2,5229.6196
825084,59.0,30.0,0.1,13149.199
825091,312.0,70.0,0.4,5650.1626
825105,155.0,40.0,0.9,1614.8347
825119,261.0,30.0,0.9,4006.0857
825122,107.0,30.0,0.7,3160.2537
825131,161.0,40.0,0.9,3834.1204
825211,107.0,30.0,0.8,3848.982
825218,270.0,40.0,0.8,1435.2079
825230,198.0,10.0,0.7,2846.5583
825271,232.0,40.0,0.8,5371.175
825292,183.0,30.0,0.8,1181.7731
825304,70.0,30.0,0.3,3848.0906
825305,242.0,30.0,0.9,848.6884
825351,101.0,20.0,0.5,1086.5863
825359,166.0,20.0,0.7,3384.9333
825374,229.0,40.0,0.8,3930.2698
825375,95.0,20.0,0.9,3634.8562
825380,55.0,10.0,0.1,5149.9844
825443,113.0,40.0,0.9,2671.1555
825506,162.0,40.0,0.2,2280.7864
825545,117.0,30.0,0.6,4538.333
825546,208.0,30.0,0.8,6677.0874
825552,69.0,30.0,0.1,4101.948
825556,99.0,50.0,0.1,4279.5566
825561,60.0,50.0,0.9,6499.8784
825577,260.0,40.0,0.9,2354.3225
825583,110.0,50.0,0.8,2100.6638
825594,211.0,10.0,0.9,6878.8057
825619,215.0,20.0,0.6,1467.7079
825626,157.0,20.0,0.6,5310.479
825666,137.0,20.0,0.8,2670.7876
825676,228.0,40.0,0.5,802.5726
825678,258.0,50.0,0.8,2014.2727
825679,52.0,20.0,0.8,8509.589
825701,106.0,30.0,0.7,1576.074
825715,62.0,40.0,0.8,4282.162
825742,106.0,40.0,0.9,3245.9067
825800,259.0,60.0,0.4,4630.764
825817,177.0,40.0,0.3,4222.9004
825832,97.0,30.0,0.8,3514.9385
825844,128.0,30.0,0.7,11552.756
825851,149.0,40.0,0.5,2138.835
825855,214.0,30.0,0.9,2002.5807
825859,82.0,60.0,0.6,8895.452
825868,80.0,20.0,0.6,1259.4823
825890,200.0,30.0,0.9,2630.138
825911,95.0,20.0,0.4,12024.524
825931,167.0,30.0,0.3,4965.6313
825986,186.0,30.0,0.5,3667.2188
825998,66.0,30.0,0.6,3558.9204
826022,174.0,20.0,0.1,8958.294
826038,195.0,50.0,0.9,3781.9558
826058,76.0,20.0,0.6,4864.9756
826099,236.0,40.0,0.9,3108.688
826114,138.0,40.0,0.6,1479.6694
826130,271.0,20.0,0.9,5503.2446
826151,175.0,40.0,0.3,1702.981
826205,90.0,20.0,0.6,3123.76
826210,124.0,30.0,0.9,4364.6274
826232,269.0,40.0,0.9,975.7718
826244,103.0,40.0,0.7,3904.057
826248,152.0,30.0,0.6,3756.4236
826270,147.0,40.0,0.8,2939.7788
826276,189.0,50.0,0.7,4108.0156
826288,57.0,20.0,0.5,8294.416
826319,84.0,40.0,0.1,5105.2256
826381,146.0,70.0,0.7,8229.729
826395,129.0,40.0,0.9,8539.653
826397,129.0,50.0,0.9,1104.3492
826416,102.0,20.0,0.9,1568.3004
826436,66.0,20.0,0.1,12131.847
826454,234.0,60.0,0.9,4886.122
826457,150.0,50.0,0.6,3289.178
826460,60.0,20.0,0.4,6689.3267
826462,129.0,30.0,0.8,3302.353
826475,143.0,30.0,0.2,617.3955
826495,130.0,30.0,0.9,3671.5078
826497,160.0,50.0,0.9,5686.245
826501,208.0,30.0,0.6,3380.4211
826538,133.0,30.0,0.1,4782.7744
826544,202.0,20.0,0.9,2424.0415
826558,122.0,20.0,0.7,3195.073
826579,55.0,30.0,0.6,3763.2026
826660,129.0,30.0,0.5,11028.971
826713,138.0,50.0,0.9,2444.6401
826718,105.0,40.0,0.2,4319.9634
826721,24.0,40.0,0.9,5318.584
826736,179.0,30.0,0.5,3681.1147
826738,124.0,30.0,0.7,8447.192
826793,332.0,30.0,0.9,3321.903
826802,214.0,50.0,0.8,5579.4863
826822,116.0,50.0,0.9,2473.49
826826,92.0,20.0,0.1,3998.7327
826827,100.0,40.0,0.9,1726.2401
826855,258.0,40.0,0.7,8423.233
826892,142.0,20.0,0.5,2242.745
826929,71.0,30.0,0.4,1909.7783
826967,192.0,30.0,0.9,3141.4646
827037,99.0,30.0,0.8,8308.08
827062,103.0,30.0,0.7,5535.5767
827064,82.0,40.0,0.8,6847.9136
827065,143.0,50.0,0.9,1483.1005
827112,288.0,30.0,0.9,5951.5938
827123,270.0,50.0,0.7,3781.8696
827134,119.0,30.0,0.2,4460.6567
827178,113.0,30.0,0.8,3702.522
827218,58.0,20.0,0.1,5617.003
827225,149.0,50.0,0.8,4194.1055
827227,303.0,40.0,0.8,5154.6963
827277,95.0,30.0,0.8,3009.806
827291,160.0,30.0,0.5,5651.3823
827308,95.0,20.0,0.6,1956.7402
827325,120.0,20.0,0.9,1650.9977
827328,197.0,50.0,0.7,3975.221
827335,266.0,40.0,0.5,1297.5211
827355,133.0,30.0,0.9,1520.0444
827366,68.0,40.0,0.7,8068.355
827375,180.0,30.0,0.8,8296.652
827388,215.0,40.0,0.7,992.89197
827393,172.0,10.0,0.4,8424.5
827414,204.0,40.0,0.1,10924.98
827416,156.0,20.0,0.9,1111.5045
827450,145.0,50.0,0.9,3669.3481
827479,81.0,40.0,0.9,11029.678
827523,110.0,40.0,0.7,889.207
827530,120.0,20.0,0.1,8849.228
827569,227.0,30.0,0.8,2735.552
827570,31.0,40.0,0.9,8278.162
827584,180.0,20.0,0.8,1641.7421
827596,138.0,20.0,0.9,2163.7517
827597,68.0,20.0,0.2,5039.2705
827744,90.0,30.0,0.7,3611.1829
827751,81.0,40.0,0.7,3157.5383
827759,102.0,30.0,0.5,3689.6267
827798,134.0,20.0,0.7,2485.452
827799,204.0,20.0,0.8,2641.8655
827808,202.0,50.0,0.6,2080.231
827873,128.0,30.0,0.9,5741.642
827898,54.0,20.0,0.3,8244.174
827912,126.0,40.0,0.3,922.4823
827949,63.0,40.0,0.4,9378.584
827960,227.0,40.0,0.9,1198.3944
827967,213.0,40.0,0.6,1036.8799
828002,209.0,20.0,0.5,3330.2676
828008,79.0,30.0,0.9,2713.726
828086,315.0,50.0,0.9,6704.017
828087,96.0,30.0,0.9,4008.0552
828089,94.0,20.0,0.1,5816.836
828120,154.0,40.0,0.4,5537.2124
828129,136.0,20.0,0.8,2414.7407
828134,201.0,30.0,0.6,1802.2118
828148,88.0,30.0,0.3,3737.3967
828154,183.0,40.0,0.9,6126.913
828183,303.0,50.0,0.8,396.0033
828202,83.0,30.0,0.4,2032.1421
828250,195.0,40.0,0.8,3568.3945
828272,94.0,50.0,0.9,12676.17
828304,104.0,40.0,0.7,3708.886
828316,157.0,50.0,0.9,8239.473
828326,309.0,30.0,0.2,1663.2952
828351,114.0,40.0,0.2,4877.4624
828352,118.0,20.0,0.5,5737.1772
828383,120.0,30.0,0.9,395.13263
828385,192.0,30.0,0.7,4417.178
828389,181.0,10.0,0.6,5280.757
828420,116.0,30.0,0.4,1237.5671
828434,89.0,30.0,0.9,1723.7728
828465,119.0,30.0,0.6,1944.8114
828525,175.0,10.0,0.1,5550.5435
828650,174.0,40.0,0.9,5844.277
828716,243.0,40.0,0.3,1351.1814
828720,183.0,60.0,0.8,8840.835
828786,140.0,30.0,0.9,2370.6655
828809,156.0,30.0,0.8,2819.0642
828827,225.0,40.0,0.9,2678.1113
828829,240.0,30.0,0.9,2490.303
828851,83.0,20.0,0.1,3359.211
828890,61.0,20.0,0.2,4530.0757
828914,199.0,40.0,0.3,1861.0468
828921,130.0,40.0,0.8,2824.4016
828936,97.0,30.0,0.7,3443.9282
828961,118.0,60.0,0.4,4558.4795
828964,120.0,30.0,0.7,3454.9424
829032,144.0,40.0,0.8,1982.5922
829039,212.0,50.0,0.9,3762.1914
829081,116.0,30.0,0.8,2055.1033
829089,79.0,40.0,0.2,4898.1167
829091,191.0,50.0,0.9,674.548
829097,42.0,10.0,0.7,2578.4404
829099,259.0,50.0,0.9,5136.1035
829132,140.0,40.0,0.1,4124.5366
829136,103.0,20.0,0.4,4957.0146
829213,105.0,40.0,0.6,2087.5588
829235,113.0,30.0,0.5,3504.784
829247,92.0,50.0,0.8,2126.074
829279,110.0,40.0,0.8,3681.0583
829308,105.0,40.0,0.9,2656.0376
829309,125.0,30.0,0.3,3105.1526
829335,181.0,40.0,0.2,2632.0269
829344,198.0,40.0,0.1,8409.732
829354,80.0,40.0,0.2,3221.768
829375,121.0,40.0,0.5,4165.218
829395,128.0,40.0,0.6,7849.6094
829401,193.0,40.0,0.8,746.53
829416,71.0,40.0,0.3,1382.1649
829427,87.0,40.0,0.1,3757.1252
829467,324.0,40.0,0.6,3460.144
829513,235.0,40.0,0.9,5491.8267
829524,155.0,40.0,0.9,2172.592
829537,194.0,70.0,0.6,6693.7847
829554,262.0,40.0,0.7,5628.725
829556,144.0,20.0,0.1,4964.14
829597,197.0,50.0,0.9,677.0365
829602,153.0,40.0,0.9,4904.486
829606,212.0,30.0,0.9,4818.213
829614,182.0,20.0,0.6,2958.5522
829684,135.0,40.0,0.9,2101.8223
829745,156.0,30.0,0.2,4638.7026
829763,92.0,20.0,0.8,1660.5085
829769,232.0,30.0,0.9,12977.124
829773,218.0,40.0,0.1,3073.8643
829783,230.0,40.0,0.9,1135.1075
829807,177.0,30.0,0.9,-106.978294
829845,106.0,20.0,0.2,2963.1497
829855,277.0,40.0,0.9,4108.9688
829862,140.0,40.0,0.9,6118.4326
829871,190.0,20.0,0.9,5674.1807
829881,89.0,40.0,0.1,3152.6194
829902,117.0,20.0,0.8,4543.4927
829949,17.0,40.0,0.9,4760.7754
829950,139.0,20.0,0.1,1842.6595
829956,266.0,60.0,0.6,4245.75
829958,113.0,20.0,0.1,2461.763
829977,203.0,50.0,0.9,4516.048
829991,154.0,40.0,0.9,3430.1616
830003,173.0,30.0,0.7,7500.3384
830032,96.0,30.0,0.1,4155.9893
830034,83.0,20.0,0.9,2695.781
830045,184.0,30.0,0.9,3404.345
830067,127.0,40.0,0.8,2287.7969
830076,103.0,20.0,0.1,3621.8977
830081,202.0,30.0,0.8,3510.7607
830094,218.0,40.0,0.9,898.35583
830100,144.0,30.0,0.1,2377.49
830112,86.0,20.0,0.5,5510.585
830142,116.0,30.0,0.7,2353.2256
830143,246.0,40.0,0.4,3092.7676
830181,175.0,60.0,0.9,3422.0278
830193,200.0,20.0,0.8,3454.2725
830203,142.0,40.0,0.7,7589.5903
830215,138.0,40.0,0.5,4658.813
830353,183.0,30.0,0.8,992.5753
830375,169.0,40.0,0.7,812.67786
830403,260.0,40.0,0.8,2206.9592
830451,129.0,30.0,0.9,836.9029
830468,164.0,40.0,0.2,554.62573
830469,48.0,50.0,0.9,3501.6753
830497,187.0,60.0,0.2,7006.072
830517,118.0,20.0,0.8,4227.306
830521,223.0,50.0,0.7,5771.4336
830525,186.0,40.0,0.9,2142.6934
830539,164.0,20.0,0.8,4409.962
830578,173.0,30.0,0.9,4643.6577
830614,122.0,40.0,0.1,3801.195
830681,149.0,20.0,0.8,480.26733
830718,127.0,50.0,0.9,6342.215
830734,120.0,40.0,0.9,6299.7764
830739,115.0,40.0,0.4,2081.2476
830767,152.0,30.0,0.5,1759.5089
830769,218.0,50.0,0.4,5435.853
830789,122.0,30.0,0.4,2662.8765
830790,84.0,40.0,0.5,11758.125
830841,184.0,30.0,0.1,4263.8965
830846,192.0,50.0,0.9,4660.3037
830850,65.0,70.0,0.9,6356.319
830877,150.0,50.0,0.3,5272.072
830884,183.0,40.0,0.9,8502.333
830898,118.0,30.0,0.6,1451.6003
830899,182.0,50.0,0.4,1331.7075
830912,154.0,50.0,0.7,3257.9204
830944,205.0,30.0,0.9,5966.6543
830945,99.0,40.0,0.8,3210.7012
830953,174.0,50.0,0.7,1210.5829
830955,161.0,30.0,0.4,3379.499
830971,94.0,40.0,0.8,1106.4606
830983,116.0,20.0,0.4,6372.2334
831067,201.0,40.0,0.9,1189.4431
831128,64.0,30.0,0.9,5222.978
831150,241.0,40.0,0.9,6197.4395
831161,130.0,20.0,0.7,5433.932
831227,122.0,20.0,0.1,9848.734
831259,69.0,30.0,0.4,2795.5833
831267,181.0,50.0,0.8,2736.6177
831290,63.0,30.0,0.1,8981.031
831298,114.0,40.0,0.9,3271.9219
831329,111.0,40.0,0.9,3258.8127
831353,99.0,30.0,0.4,1909.976
831358,199.0,50.0,0.6,2986.7747
831391,217.0,30.0,0.5,1510.2987
831404,55.0,20.0,0.8,1714.9592
831438,159.0,40.0,0.1,4879.6177
831446,108.0,50.0,0.6,945.2368
831484,94.0,30.0,0.1,6182.9453
831490,210.0,50.0,0.9,2360.4148
831492,150.0,30.0,0.9,3727.9226
831543,125.0,20.0,0.6,5538.9214
831551,186.0,30.0,0.9,2741.4219
831556,202.0,30.0,0.3,1712.2966
831580,188.0,50.0,0.9,5932.692
831585,325.0,30.0,0.9,5197.262
831600,224.0,30.0,0.6,4533.384
831603,209.0,40.0,0.3,3993.111
831610,73.0,40.0,0.9,10558.056
831621,134.0,70.0,0.6,6250.3047
831630,176.0,40.0,0.8,4187.219
831631,247.0,50.0,0.9,2364.857
831634,147.0,40.0,0.5,2686.1494
831638,110.0,30.0,0.3,2450.1543
831652,84.0,20.0,0.8,8022.131
831656,211.0,50.0,0.7,5559.215
831664,176.0,40.0,0.2,7576.3145
831717,233.0,50.0,0.9,1662.3754
831759,102.0,20.0,0.7,3757.8665
831760,79.0,10.0,0.6,5431.4995
831788,117.0,30.0,0.8,2636.7358
831794,102.0,30.0,0.8,10307.218
831799,114.0,40.0,0.9,3017.3462
831875,108.0,40.0,0.9,3635.6934
831920,155.0,20.0,0.5,6481.587
831924,201.0,40.0,0.9,3781.8738
831946,201.0,30.0,0.3,4016.9973
831950,115.0,20.0,0.9,3950.2559
831952,160.0,40.0,0.6,6244.276
831953,146.0,30.0,0.7,1885.1016
831959,128.0,30.0,0.6,3970.7485
831992,243.0,30.0,0.2,982.6708
832075,136.0,40.0,0.2,5334.537
832138,66.0,30.0,0.8,4776.106
832170,183.0,50.0,0.9,1203.6228
832173,162.0,10.0,0.1,1245.0757
832176,108.0,20.0,0.7,6013.0703
832177,201.0,40.0,0.9,2611.9194
832193,218.0,30.0,0.2,3267.362
832230,161.0,50.0,0.8,4427.5054
832270,249.0,50.0,0.7,1296.8394
832294,135.0,40.0,0.9,5414.394
832319,125.0,20.0,0.4,2757.016
832334,110.0,40.0,0.1,434.27243
832342,109.0,20.0,0.7,5677.5737
832360,173.0,30.0,0.4,5061.194
832385,115.0,30.0,0.9,5717.208
832387,311.0,40.0,0.6,4082.1873
832473,173.0,20.0,0.9,5159.3037
832507,193.0,20.0,0.9,3919.0376
832509,225.0,20.0,0.5,3426.3923
832516,101.0,20.0,0.4,3147.764
832550,83.0,10.0,0.1,2652.604
832554,211.0,40.0,0.9,6978.9727
832557,229.0,40.0,0.1,3974.0527
832568,119.0,30.0,0.9,3548.7974
832625,202.0,20.0,0.8,1568.2286
832636,162.0,50.0,0.8,1305.6343
832637,206.0,50.0,0.7,675.49866
832652,182.0,30.0,0.4,4828.0776
832677,123.0,20.0,0.8,2227.7058
832703,151.0,30.0,0.4,986.8313
832713,135.0,40.0,0.6,3579.4243
832743,129.0,10.0,0.6,13112.007
832748,69.0,30.0,0.6,4108.5376
832760,111.0,30.0,0.1,1830.5435
832765,116.0,40.0,0.6,5584.112
832805,184.0,40.0,0.4,5010.041
832824,79.0,30.0,0.6,1964.5846
832851,191.0,30.0,0.8,3081.3052
832893,98.0,20.0,0.6,2297.349
832899,67.0,30.0,0.6,4392.808
832950,106.0,40.0,0.7,5290.309
832952,123.0,50.0,0.7,4830.198
832959,101.0,50.0,0.7,2515.919
832993,125.0,60.0,0.4,3341.184
833005,91.0,40.0,0.6,716.48865
833006,243.0,30.0,0.3,3526.784
833044,95.0,30.0,0.9,6423.525
833047,185.0,20.0,0.6,595.79846
833082,196.0,30.0,0.6,1560.3036
833102,111.0,50.0,0.6,3786.9666
833111,254.0,50.0,0.6,3102.816
833113,194.0,20.0,0.9,1363.1208
833118,75.0,20.0,0.2,4615.8193
833142,112.0,20.0,0.6,9170.713
833183,152.0,30.0,0.9,5183.7275
833201,158.0,20.0,0.9,4367.805
833231,97.0,50.0,0.6,8320.673
833296,242.0,40.0,0.8,3938.7307
833298,189.0,20.0,0.7,2151.505
833319,205.0,20.0,0.9,3209.303
833324,246.0,40.0,0.2,5276.9688
833361,163.0,40.0,0.2,5701.9
833366,209.0,40.0,0.8,2000.0568
833376,184.0,20.0,0.8,9442.44
833439,192.0,40.0,0.9,3553.272
833441,71.0,30.0,0.1,4287.0786
833455,91.0,40.0,0.6,2583.5896
833464,69.0,20.0,0.1,4022.039
833471,84.0,60.0,0.9,2710.7642
833478,199.0,40.0,0.9,4082.5005
833500,224.0,30.0,0.1,5912.015
833507,199.0,40.0,0.8,711.9226
833511,165.0,20.0,0.5,2489.7659
833525,104.0,40.0,0.4,5273.054
833545,81.0,60.0,0.6,5512.865
833572,197.0,30.0,0.5,3971.4675
833584,97.0,30.0,0.1,4362.3965
833589,76.0,20.0,0.1,6873.5
833610,100.0,30.0,0.9,2299.7578
833636,141.0,20.0,0.5,4387.567
833648,84.0,20.0,0.4,4589.3267
833655,95.0,10.0,0.2,3243.6602
833685,83.0,10.0,0.4,7431.6
833688,132.0,40.0,0.9,4757.5234
833751,65.0,40.0,0.6,2966.8467
833770,359.0,50.0,0.9,6037.164
833788,157.0,60.0,0.8,2620.9778
833815,99.0,40.0,0.6,3010.1875
833845,101.0,30.0,0.1,4864.646
833885,179.0,50.0,0.1,2682.1921
833890,80.0,20.0,0.8,4081.422
833914,110.0,50.0,0.8,3824.4917
833943,71.0,40.0,0.3,750.93066
833983,164.0,70.0,0.1,609.4328
833987,91.0,40.0,0.8,2929.0938
833992,116.0,20.0,0.9,1875.9296
833999,105.0,10.0,0.5,4498.1714
834029,89.0,20.0,0.4,3743.2466
834034,175.0,30.0,0.6,4860.2705
834042,203.0,30.0,0.9,4355.852
834072,153.0,20.0,0.8,6786.4526
834081,281.0,30.0,0.5,456.18973
834155,84.0,40.0,0.7,3717.7456
834164,218.0,40.0,0.8,3465.8445
834178,172.0,20.0,0.2,4274.464
834192,60.0,30.0,0.8,5298.9775
834260,242.0,80.0,0.9,7914.3125
834289,212.0,20.0,0.6,1042.7778
834324,182.0,40.0,0.8,8324.221
834361,207.0,30.0,0.9,3901.9246
834377,158.0,20.0,0.6,4824.817
834405,154.0,30.0,0.8,1497.7251
834410,325.0,60.0,0.4,2589.1985
834425,74.0,30.0,0.1,1906.4569
834433,166.0,30.0,0.8,4657.655
834463,103.0,40.0,0.8,4510.674
834482,201.0,50.0,0.1,3290.2158
834483,97.0,20.0,0.1,4891.1533
834505,174.0,40.0,0.9,6516.536
834528,196.0,30.0,0.5,2183.412
834545,116.0,30.0,0.1,6073.9526
834548,106.0,40.0,0.9,5781.987
834557,249.0,30.0,0.9,4458.5635
834564,124.0,30.0,0.8,2243.6257
834565,182.0,30.0,0.1,2162.3027
834570,183.0,50.0,0.9,2236.275
834648,98.0,20.0,0.9,2054.852
834652,200.0,20.0,0.6,1956.8563
834661,217.0,30.0,0.8,2555.6758
834689,150.0,20.0,0.4,3928.1624
834708,132.0,30.0,0.8,1215.8158
834711,115.0,30.0,0.4,5629.7188
834718,103.0,20.0,0.1,5852.0073
834731,61.0,40.0,0.9,8725.692
834732,13.0,20.0,0.1,2531.051
834736,117.0,20.0,0.9,3991.0237
834752,221.0,40.0,0.9,5072.8643
834792,123.0,40.0,0.8,2063.6301
834805,287.0,40.0,0.9,1735.2701
834806,213.0,50.0,0.4,3292.0222
834812,117.0,20.0,0.2,1803.3055
834834,191.0,40.0,0.7,1745.448
834859,182.0,50.0,0.9,2513.1084
834897,108.0,30.0,0.7,1341.7705
834927,171.0,60.0,0.8,4287.201
834958,62.0,20.0,0.9,8494.95
834976,209.0,40.0,0.9,1991.9209
834995,123.0,50.0,0.8,5585.5195
835005,179.0,40.0,0.7,2889.7427
835021,154.0,30.0,0.2,2262.8308
835050,156.0,30.0,0.9,1655.0204
835054,140.0,30.0,0.5,1671.6583
835071,104.0,30.0,0.6,5860.779
835076,83.0,20.0,0.4,7578.651
835130,119.0,20.0,0.6,6894.482
835152,156.0,30.0,0.4,1675.7856
835168,123.0,30.0,0.8,1895.6772
835170,118.0,20.0,0.1,5695.2715
835197,70.0,30.0,0.4,7193.4043
835203,53.0,20.0,0.4,4344.864
835204,94.0,50.0,0.9,2406.305
835234,108.0,40.0,0.9,3907.0632
835238,270.0,40.0,0.9,1046.9338
835246,189.0,50.0,0.9,4032.6294
835281,190.0,50.0,0.5,3117.9653
835322,218.0,30.0,0.6,4962.085
835331,189.0,40.0,0.7,1534.0226
835356,173.0,20.0,0.7,10405.834
835360,100.0,20.0,0.9,6358.085
835421,141.0,30.0,0.5,1919.6515
835433,127.0,40.0,0.7,3978.8267
835465,149.0,20.0,0.6,1473.341
835475,131.0,50.0,0.7,7944.724
835477,210.0,30.0,0.8,3831.3806
835505,153.0,30.0,0.9,2817.8364
835532,54.0,30.0,0.8,3674.4397
835549,127.0,30.0,0.8,4315.6494
835559,201.0,40.0,0.6,9683.819
835564,27.0,30.0,0.1,7044.701
835598,247.0,50.0,0.8,2613.3198
835610,127.0,30.0,0.1,2079.8193
835639,134.0,20.0,0.9,4514.0566
835679,255.0,40.0,0.9,734.3551
835694,109.0,40.0,0.6,8835.369
835702,275.0,20.0,0.9,1074.4847
835770,107.0,20.0,0.9,6452.181
835777,84.0,40.0,0.9,1505.501
835809,164.0,40.0,0.9,3844.6316
835847,248.0,30.0,0.1,2101.7139
835853,109.0,40.0,0.9,3559.7002
835858,31.0,50.0,0.6,2419.4658
835875,81.0,30.0,0.8,2828.0334
835879,123.0,30.0,0.6,4185.0737
835890,228.0,20.0,0.2,2571.7366
835906,73.0,30.0,0.8,922.98883
835929,141.0,20.0,0.4,7968.402
835932,126.0,50.0,0.6,4443.6274
835962,82.0,20.0,0.9,7294.1104
836007,193.0,30.0,0.5,13240.5205
836016,165.0,30.0,0.5,2113.9763
836018,146.0,40.0,0.1,2177.4033
836027,106.0,30.0,0.1,4395.369
836055,116.0,50.0,0.7,6262.5757
836076,321.0,40.0,0.9,4425.032
836082,115.0,40.0,0.8,2906.069
836105,134.0,20.0,0.6,6392.057
836148,62.0,50.0,0.6,7072.615
836151,-5.0,40.0,0.7,2067.4204
836159,121.0,30.0,0.6,6825.3374
836200,137.0,40.0,0.8,4605.756
836238,103.0,30.0,0.2,6305.331
836240,128.0,40.0,0.9,4229.5044
836244,124.0,20.0,0.6,4875.2114
836248,107.0,20.0,0.7,750.46173
836303,110.0,20.0,0.1,3996.2288
836313,354.0,50.0,0.8,4610.7856
836330,64.0,40.0,0.9,3996.2915
836339,80.0,60.0,0.6,3957.1133
836347,100.0,30.0,0.7,5090.407
836359,67.0,40.0,0.9,3781.1692
836375,202.0,40.0,0.9,5231.23
836397,74.0,20.0,0.9,1737.4597
836402,114.0,60.0,0.9,5489.021
836473,114.0,50.0,0.3,3804.6091
836486,104.0,40.0,0.4,3704.9473
836507,100.0,50.0,0.8,6189.63
836515,241.0,40.0,0.9,4026.3096
836567,230.0,30.0,0.9,4358.4307
836577,115.0,10.0,0.8,2963.093
836692,191.0,20.0,0.4,1465.0914
836768,119.0,30.0,0.8,3714.1035
836812,118.0,30.0,0.6,4160.283
836821,183.0,30.0,0.9,10331.99
836832,207.0,50.0,0.9,5787.192
836863,113.0,30.0,0.3,5044.3813
836884,291.0,30.0,0.9,997.6497
836893,117.0,40.0,0.9,2987.7954
836920,128.0,30.0,0.7,7531.1147
836923,127.0,40.0,0.7,3436.9072
836986,108.0,40.0,0.5,4642.932
836998,255.0,20.0,0.4,4533.366
837024,205.0,30.0,0.4,3257.8235
837034,121.0,20.0,0.6,1398.5316
837042,192.0,30.0,0.5,3795.3848
837063,128.0,20.0,0.4,8065.379
837076,92.0,30.0,0.8,4225.7476
837131,107.0,20.0,0.1,14721.2
837186,185.0,40.0,0.9,10764.191
837198,213.0,40.0,0.9,7259.6714
837199,219.0,40.0,0.7,1662.6721
837209,69.0,10.0,0.9,4944.362
837225,70.0,30.0,0.8,3677.713
837246,93.0,40.0,0.9,4491.7017
837257,110.0,20.0,0.7,5502.6206
837301,137.0,50.0,0.9,2417.4932
837313,131.0,30.0,0.1,2523.7126
837322,175.0,20.0,0.8,5931.777
837323,26.0,20.0,0.1,934.4308
837328,121.0,30.0,0.9,3493.8708
837349,113.0,20.0,0.8,1874.3964
837376,172.0,30.0,0.3,4996.1777
837385,221.0,50.0,0.9,1290.6576
837393,136.0,20.0,0.1,4304.712
837438,203.0,50.0,0.7,3754.0293
837491,113.0,30.0,0.9,4852.3223
837550,190.0,40.0,0.6,7016.322
837559,75.0,20.0,0.8,5537.5854
837563,84.0,30.0,0.9,880.40015
837576,127.0,50.0,0.5,8349.888
837592,225.0,20.0,0.9,3620.5862
837599,102.0,30.0,0.2,1505.361
837646,131.0,40.0,0.9,1307.0576
837672,245.0,40.0,0.1,5435.6167
837688,73.0,30.0,0.8,2172.6213
837703,97.0,40.0,0.7,965.622
837739,282.0,20.0,0.7,2687.6255
837780,150.0,30.0,0.9,2921.8306
837796,125.0,40.0,0.9,3287.4573
837813,49.0,30.0,0.8,2807.266
837824,216.0,20.0,0.7,3161.9983
837833,75.0,30.0,0.5,2555.5303
837877,176.0,40.0,0.9,1989.0012
837891,123.0,30.0,0.9,1473.9235
837942,331.0,50.0,0.5,4600.548
837958,149.0,50.0,0.9,3037.668
837968,95.0,20.0,0.4,1851.3564
837978,58.0,30.0,0.6,1287.1013
838001,201.0,60.0,0.9,1010.66565
838009,105.0,30.0,0.6,2170.0981
838058,100.0,20.0,0.8,5183.7837
838078,79.0,20.0,0.1,4159.8184
838088,134.0,50.0,0.8,3562.7341
838093,140.0,50.0,0.9,4868.3535
838099,195.0,50.0,0.3,3051.6206
838163,102.0,30.0,0.1,5569.743
838165,215.0,40.0,0.5,3597.4543
838211,111.0,20.0,0.9,3163.545
838243,114.0,50.0,0.7,4902.526
838252,99.0,30.0,0.8,2392.511
838254,176.0,70.0,0.9,6223.01
838257,217.0,50.0,0.8,867.5233
838266,142.0,70.0,0.5,4658.385
838276,103.0,10.0,0.2,4740.3735
838315,90.0,40.0,0.7,6967.878
838323,105.0,20.0,0.2,994.71387
838373,76.0,30.0,0.7,4483.2744
838398,120.0,20.0,0.1,2428.5955
838400,94.0,70.0,0.1,1322.9491
838420,132.0,30.0,0.8,3327.6333
838421,168.0,70.0,0.8,4247.3564
838422,164.0,30.0,0.6,3429.4324
838434,148.0,30.0,0.9,4235.042
838449,228.0,30.0,0.9,2965.3408
838512,100.0,20.0,0.3,6203.3228
838543,160.0,50.0,0.9,9562.442
838548,108.0,40.0,0.1,3784.1057
838610,229.0,30.0,0.8,1296.6366
838621,281.0,60.0,0.3,590.58167
838633,131.0,20.0,0.4,928.59534
838636,230.0,60.0,0.9,3049.9895
838677,286.0,30.0,0.6,4218.3936
838682,115.0,40.0,0.1,4733.235
838683,75.0,30.0,0.7,4940.933
838697,107.0,40.0,0.6,4563.5874
838707,88.0,20.0,0.9,4274.5435
838729,107.0,30.0,0.8,2765.146
838743,111.0,30.0,0.6,4566.5522
838747,228.0,10.0,0.6,2738.1636
838756,184.0,30.0,0.3,1176.8188
838763,129.0,20.0,0.9,10411.346
838789,212.0,60.0,0.8,5413.369
838814,115.0,20.0,0.6,3427.7483
838847,123.0,20.0,0.8,4831.234
838864,74.0,30.0,0.2,5583.6797
838875,164.0,50.0,0.1,6034.0005
838907,81.0,50.0,0.8,5888.5884
838913,125.0,40.0,0.1,3974.1453
838921,88.0,20.0,0.4,5643.13
838951,174.0,40.0,0.9,1466.456
838974,111.0,30.0,0.7,6035.0024
838978,78.0,20.0,0.1,4201.9985
838983,209.0,30.0,0.4,1068.9984
838998,188.0,30.0,0.9,608.7697
838999,226.0,50.0,0.7,4773.55
839021,209.0,60.0,0.6,6072.0117
839027,251.0,20.0,0.6,4956.491
839055,239.0,80.0,0.9,3198.3108
839063,176.0,50.0,0.9,3248.1453
839064,283.0,40.0,0.8,7236.9863
839099,157.0,30.0,0.7,4659.7573
839109,129.0,30.0,0.7,7052.5347
839134,75.0,20.0,0.6,1573.8795
839144,349.0,40.0,0.8,3845.509
839161,104.0,20.0,0.5,3647.4688
839166,82.0,20.0,0.3,5702.928
839211,65.0,40.0,0.4,7221.31
839219,221.0,40.0,0.1,2004.843
839272,217.0,20.0,0.2,239.72878
839273,107.0,60.0,0.7,2861.8025
839298,93.0,30.0,0.7,5033.486
839332,143.0,70.0,0.4,1650.6586
839340,115.0,50.0,0.5,1121.2747
839347,119.0,20.0,0.9,2208.601
839370,121.0,30.0,0.1,995.9915
839374,114.0,50.0,0.8,6258.335
839398,197.0,20.0,0.2,11998.75
839411,219.0,50.0,0.1,3907.4463
839426,129.0,30.0,0.7,850.8949
839435,135.0,30.0,0.1,10940.409
839468,106.0,30.0,0.9,4773.1323
839515,106.0,50.0,0.9,1303.0721
839517,71.0,40.0,0.9,4309.691
839518,239.0,30.0,0.8,885.38617
839595,241.0,20.0,0.1,5259.272
839620,72.0,20.0,0.3,4532.348
839623,133.0,40.0,0.4,3619.1897
839632,71.0,10.0,0.8,2172.4514
839641,164.0,30.0,0.9,896.55164
839657,130.0,20.0,0.8,2039.1471
839685,145.0,40.0,0.9,5318.697
839697,215.0,20.0,0.1,5059.5913
839699,101.0,20.0,0.1,4712.856
839704,116.0,20.0,0.7,558.301
839708,124.0,20.0,0.1,5923.8765
839710,243.0,50.0,0.3,5411.641
839714,260.0,30.0,0.5,4796.9785
839758,192.0,30.0,0.8,1534.4636
839828,86.0,40.0,0.3,2153.7622
839836,268.0,50.0,0.1,1828.7634
839877,186.0,20.0,0.3,570.2683
839902,66.0,30.0,0.8,3870.1843
839904,99.0,30.0,0.1,3123.7878
839920,59.0,20.0,0.7,4394.8267
839926,195.0,30.0,0.9,4131.0654
839939,101.0,60.0,0.6,2968.8806
839943,246.0,20.0,0.3,3539.1748
839958,254.0,30.0,0.1,965.1604
839964,103.0,30.0,0.8,1960.4556
840024,53.0,20.0,0.8,7167.5283
840051,119.0,40.0,0.9,2769.454
840058,195.0,30.0,0.4,5523.6416
840075,-34.0,50.0,0.9,1856.6704
840078,127.0,20.0,0.4,5473.282
840079,128.0,40.0,0.9,6071.7646
840087,281.0,10.0,0.6,1570.7515
840147,130.0,30.0,0.9,3642.6638
840169,266.0,30.0,0.8,488.52014
840211,133.0,40.0,0.4,4554.635
840271,146.0,10.0,0.8,3189.99
840276,125.0,40.0,0.4,4493.3755
840313,78.0,10.0,0.1,2650.6792
840328,149.0,30.0,0.9,5379.585
840344,80.0,50.0,0.8,6691.147
840348,169.0,50.0,0.7,5418.2656
840350,225.0,30.0,0.4,3464.2
840381,208.0,30.0,0.2,3366.8643
840420,83.0,50.0,0.7,3620.4158
840480,229.0,40.0,0.9,2268.919
840491,93.0,20.0,0.7,8782.3955
840497,77.0,50.0,0.6,2350.8677
840526,126.0,40.0,0.9,3765.3113
840544,266.0,40.0,0.8,4669.9395
840570,123.0,30.0,0.8,2788.0955
840605,232.0,40.0,0.8,3116.559
840613,159.0,30.0,0.2,1450.9508
840644,212.0,30.0,0.9,1700.6514
840677,124.0,50.0,0.6,5503.27
840679,182.0,50.0,0.8,3943.6294
840704,72.0,30.0,0.9,3731.2102
840712,217.0,30.0,0.9,5533.582
840762,158.0,40.0,0.4,2294.9146
840768,184.0,30.0,0.9,3951.9873
840788,252.0,40.0,0.9,1008.2358
840818,153.0,20.0,0.5,4850.365
840820,100.0,20.0,0.6,3604.3098
840836,88.0,40.0,0.6,5280.0093
840838,221.0,30.0,0.9,4094.2537
840846,213.0,40.0,0.8,5049.4097
840906,210.0,50.0,0.6,5630.2886
840907,35.0,80.0,0.7,3215.962
840917,270.0,30.0,0.9,4715.97
840924,177.0,20.0,0.7,4661.4985
840928,160.0,50.0,0.1,13558.177
840930,165.0,30.0,0.9,2649.5068
840937,185.0,20.0,0.4,11809.615
840958,168.0,10.0,0.3,6448.733
840971,242.0,40.0,0.8,4038.5386
840986,139.0,50.0,0.1,3943.7732
841025,84.0,50.0,0.7,3502.3452
841034,92.0,30.0,0.9,3741.173
841055,243.0,30.0,0.6,3120.7913
841059,317.0,50.0,0.9,4410.645
841111,116.0,30.0,0.4,3235.351
841117,233.0,30.0,0.9,4677.459
841119,159.0,40.0,0.1,4490.49
841151,246.0,40.0,0.6,4511.9375
841168,160.0,50.0,0.3,2716.4736
841175,295.0,40.0,0.6,2339.1484
841277,158.0,50.0,0.1,1609.0323
841279,210.0,40.0,0.7,8467.585
841285,223.0,20.0,0.6,9851.876
841296,123.0,30.0,0.9,3759.1348
841301,228.0,20.0,0.7,1584.5953
841311,209.0,20.0,0.3,1027.0986
841313,132.0,40.0,0.6,2068.189
841314,167.0,20.0,0.7,2170.6135
841325,111.0,20.0,0.1,1582.7615
841351,216.0,50.0,0.9,5541.8965
841376,232.0,40.0,0.8,6001.635
841381,225.0,30.0,0.6,3680.3184
841414,175.0,30.0,0.8,4614.6436
841451,42.0,20.0,0.5,8038.95
841511,113.0,40.0,0.7,4325.793
841538,102.0,40.0,0.2,7013.5566
841540,156.0,50.0,0.6,6266.9966
841553,168.0,30.0,0.9,5980.75
841580,109.0,40.0,0.8,864.41626
841594,92.0,30.0,0.6,2400.972
841630,133.0,20.0,0.1,2712.7874
841644,152.0,20.0,0.7,790.5542
841666,93.0,30.0,0.7,781.84644
841670,74.0,30.0,0.9,4074.7805
841684,145.0,40.0,0.5,6147.9556
841688,91.0,20.0,0.1,1580.6516
841700,172.0,30.0,0.9,5692.248
841747,103.0,30.0,0.6,4049.474
841757,158.0,50.0,0.9,4464.011
841761,66.0,30.0,0.3,2146.808
841796,194.0,30.0,0.4,5395.929
841857,198.0,40.0,0.9,4343.336
841866,75.0,30.0,0.8,7519.4336
841905,122.0,30.0,0.5,2851.049
841926,114.0,30.0,0.8,1113.6788
841938,167.0,20.0,0.4,6312.446
841944,141.0,50.0,0.1,1018.7995
841974,105.0,20.0,0.4,11120.705
841976,94.0,50.0,0.5,1898.2618
841986,151.0,30.0,0.7,4206.5923
842012,205.0,20.0,0.2,673.5482
842042,60.0,20.0,0.4,6376.2446
842058,105.0,20.0,0.2,2917.0193
842070,200.0,70.0,0.8,1295.306
842135,149.0,40.0,0.9,1624.8071
842143,195.0,50.0,0.9,9350.938
842160,285.0,50.0,0.9,1193.409
842162,159.0,40.0,0.1,1895.3297
842168,152.0,20.0,0.1,9742.26
842189,147.0,30.0,0.7,6061.2183
842215,155.0,20.0,0.6,4094.771
842236,280.0,50.0,0.6,11103.067
842239,215.0,40.0,0.9,3358.7432
842306,65.0,30.0,0.3,3345.783
842348,104.0,50.0,0.9,3380.0708
842353,140.0,40.0,0.7,5342.8887
842383,111.0,50.0,0.7,2887.9185
842396,130.0,50.0,0.9,6340.1904
842404,78.0,20.0,0.8,3239.6873
842410,294.0,30.0,0.9,4111.822
842419,208.0,30.0,0.9,5164.5327
842433,152.0,20.0,0.6,428.65656
842452,65.0,40.0,0.3,5585.2363
842476,107.0,20.0,0.8,5111.5884
842489,178.0,20.0,0.9,4579.454
842492,243.0,40.0,0.2,4224.973
842506,175.0,40.0,0.8,890.83374
842569,258.0,40.0,0.9,1474.4158
842586,253.0,50.0,0.9,1862.7208
842598,111.0,40.0,0.8,2172.5742
842638,122.0,40.0,0.7,2634.8125
842642,116.0,40.0,0.7,3033.1326
842643,80.0,40.0,0.8,4584.605
842656,300.0,40.0,0.9,1730.5088
842657,94.0,50.0,0.9,5419.703
842667,90.0,40.0,0.1,3375.3203
842691,113.0,40.0,0.5,5541.0513
842697,66.0,10.0,0.8,7272.356
842760,205.0,40.0,0.8,7793.1035
842784,150.0,20.0,0.9,4793.419
842798,216.0,30.0,0.4,1883.7861
842815,115.0,10.0,0.1,3894.305
842828,116.0,60.0,0.9,2371.238
842833,135.0,40.0,0.6,4808.503
842878,207.0,20.0,0.1,9037.249
842879,198.0,40.0,0.1,5535.4775
842880,81.0,40.0,0.6,3762.8408
842887,125.0,40.0,0.8,3406.3901
842925,148.0,40.0,0.7,2569.7517
842951,116.0,20.0,0.4,8202.187
842959,232.0,50.0,0.1,5705.842
842983,173.0,40.0,0.1,2399.327
843007,125.0,20.0,0.4,7736.743
843010,112.0,70.0,0.1,3724.8699
843033,54.0,50.0,0.8,8627.48
843101,103.0,40.0,0.6,4385.6753
843107,59.0,40.0,0.8,3797.3276
843113,198.0,30.0,0.1,9013.176
843114,195.0,50.0,0.9,2256.5652
843119,143.0,20.0,0.8,8676.364
843127,63.0,40.0,0.8,5026.7666
843142,111.0,30.0,0.3,1109.0024
843155,110.0,40.0,0.9,3758.2825
843215,171.0,30.0,0.9,2708.3071
843241,249.0,60.0,0.8,3629.3743
843244,199.0,40.0,0.6,670.974
843263,230.0,50.0,0.9,4898.6865
843271,77.0,30.0,0.7,2676.8237
843302,97.0,40.0,0.9,3753.9146
843308,143.0,40.0,0.4,3627.996
843350,246.0,20.0,0.8,1404.6094
843427,-65.0,40.0,0.7,4486.0723
843449,117.0,30.0,0.7,4160.853
843453,70.0,30.0,0.1,2880.2534
843476,199.0,20.0,0.3,10924.2295
843507,111.0,20.0,0.7,4993.2173
843525,51.0,60.0,0.9,4566.816
843578,228.0,70.0,0.9,6158.0845
843586,102.0,20.0,0.1,5367.861
843596,210.0,20.0,0.1,4472.456
843611,255.0,40.0,0.8,551.384
843612,136.0,40.0,0.9,8021.4707
843699,162.0,30.0,0.1,10401.501
843719,100.0,20.0,0.6,2767.0264
843727,241.0,50.0,0.1,1805.4956
843764,128.0,50.0,0.1,10843.755
843870,124.0,20.0,0.6,6546.882
843879,81.0,20.0,0.1,3196.3875
843887,118.0,10.0,0.6,5958.6377
843898,186.0,30.0,0.9,4448.283
843920,200.0,40.0,0.7,3951.8413
843924,138.0,20.0,0.7,3476.6316
843943,104.0,40.0,0.6,5054.9883
843951,181.0,50.0,0.7,2882.0444
843957,58.0,30.0,0.4,940.6297
843972,86.0,30.0,0.4,3879.0938
843984,143.0,20.0,0.6,4018.2417
844005,110.0,30.0,0.7,5078.1147
844033,124.0,10.0,0.1,3586.0588
844055,328.0,60.0,0.9,893.80206
844086,121.0,40.0,0.9,3767.2942
844110,143.0,30.0,0.7,8243.498
844117,235.0,50.0,0.9,972.1583
844131,122.0,40.0,0.9,4413.379
844137,122.0,20.0,0.8,2844.3923
844171,128.0,40.0,0.8,4727.9424
844183,91.0,20.0,0.2,4959.2144
844186,107.0,40.0,0.7,2074.487
844199,177.0,40.0,0.8,6793.5186
844280,321.0,50.0,0.9,858.983
844281,237.0,30.0,0.8,2985.1187
844295,189.0,30.0,0.5,2989.6077
844321,59.0,20.0,0.9,1958.2712
844394,82.0,30.0,0.8,4221.6875
844403,223.0,30.0,0.6,3648.3423
844412,93.0,40.0,0.8,1671.1224
844413,103.0,30.0,0.4,4660.176
844414,93.0,20.0,0.3,1482.0496
844427,183.0,20.0,0.6,1074.4048
844428,95.0,20.0,0.9,3415.732
844464,190.0,30.0,0.9,3220.7449
844467,235.0,30.0,0.1,4034.298
844469,132.0,50.0,0.5,6528.202
844471,254.0,30.0,0.6,4093.2036
844513,171.0,30.0,0.9,1596.3761
844518,70.0,20.0,0.4,4222.83
844526,86.0,40.0,0.8,4292.277
844531,142.0,20.0,0.7,1351.7439
844569,205.0,50.0,0.8,4795.4404
844583,183.0,20.0,0.7,3798.7805
844590,206.0,30.0,0.9,989.947
844597,98.0,50.0,0.4,4666.531
844607,157.0,20.0,0.7,4396.2725
844645,121.0,30.0,0.4,4332.719
844662,120.0,20.0,0.9,5674.3
844694,103.0,30.0,0.6,5659.176
844752,174.0,10.0,0.1,4644.0854
844765,195.0,40.0,0.5,1097.3666
844768,203.0,40.0,0.9,3112.638
844782,131.0,40.0,0.9,5656.7095
844804,56.0,20.0,0.7,2036.7749
844807,188.0,30.0,0.9,11092.162
844862,84.0,50.0,0.6,5072.881
844870,156.0,40.0,0.7,2290.7888
844885,59.0,30.0,0.7,4982.2764
844897,95.0,20.0,0.1,3912.191
844908,70.0,20.0,0.8,3524.5476
844936,227.0,20.0,0.9,4386.705
845020,171.0,20.0,0.9,2208.606
845038,118.0,10.0,0.8,3595.5288
845044,105.0,50.0,0.8,7130.536
845116,117.0,20.0,0.5,4335.9727
845120,149.0,60.0,0.9,7288.955
845143,223.0,30.0,0.6,5502.952
845149,191.0,20.0,0.7,5499.5674
845155,191.0,30.0,0.9,3661.822
845165,83.0,30.0,0.2,11140.999
845187,133.0,50.0,0.4,7028.2354
845204,198.0,30.0,0.8,2815.7322
845231,211.0,30.0,0.7,4073.7285
845277,299.0,50.0,0.7,5936.3315
845286,115.0,30.0,0.3,5103.496
845295,130.0,30.0,0.6,805.82446
845298,120.0,40.0,0.9,3136.7844
845304,187.0,20.0,0.8,2741.394
845309,154.0,20.0,0.8,4677.0854
845314,123.0,30.0,0.8,1593.2162
845360,79.0,20.0,0.4,3244.507
845406,190.0,50.0,0.7,2790.92
845444,60.0,30.0,0.9,7944.338
845495,213.0,30.0,0.2,4112.6406
845545,153.0,40.0,0.8,7749.144
845551,171.0,50.0,0.2,5266.162
845565,197.0,20.0,0.9,3084.0955
845617,124.0,40.0,0.6,4803.255
845622,182.0,40.0,0.9,3525.552
845623,149.0,40.0,0.7,9925.721
845627,70.0,40.0,0.9,5227.3716
845656,116.0,40.0,0.1,4871.831
845663,222.0,20.0,0.8,1460.129
845687,138.0,30.0,0.8,1255.8413
845703,293.0,40.0,0.9,233.85245
845707,174.0,50.0,0.2,2611.297
845725,224.0,30.0,0.9,4276.9746
845728,153.0,40.0,0.9,8009.7554
845747,98.0,30.0,0.7,2844.4866
845785,119.0,30.0,0.5,2065.0261
845825,164.0,30.0,0.9,1677.8003
845843,132.0,30.0,0.8,3729.1824
845847,70.0,20.0,0.2,5246.3647
845855,134.0,10.0,0.1,1136.0503
845874,269.0,40.0,0.9,3481.6323
845887,134.0,20.0,0.9,4953.581
845975,184.0,50.0,0.9,3041.04
846017,184.0,20.0,0.5,4535.1626
846048,250.0,40.0,0.9,3813.8398
846050,123.0,30.0,0.1,248.81342
846089,30.0,30.0,0.7,4219.3735
846103,125.0,50.0,0.9,4458.0054
846134,74.0,20.0,0.7,4179.743
846176,80.0,40.0,0.4,3897.626
846190,41.0,40.0,0.4,1089.7913
846194,111.0,20.0,0.5,5038.015
846255,130.0,50.0,0.9,3257.3547
846276,136.0,70.0,0.1,9518.788
846296,303.0,70.0,0.8,2615.9158
846300,251.0,30.0,0.8,3607.884
846344,84.0,50.0,0.9,5815.469
846353,228.0,30.0,0.8,4982.1914
846378,264.0,30.0,0.9,2966.1567
846386,81.0,10.0,0.1,3664.7588
846393,106.0,30.0,0.7,7564.286
846399,71.0,20.0,0.9,4131.833
846415,141.0,30.0,0.8,1206.939
846454,91.0,30.0,0.6,4994.3525
846456,210.0,30.0,0.2,2110.8374
846462,249.0,20.0,0.1,6230.1953
846476,132.0,50.0,0.7,5479.3433
846494,193.0,30.0,0.9,5575.666
846537,101.0,30.0,0.9,3693.2896
846552,89.0,40.0,0.6,3613.9622
846582,103.0,20.0,0.5,3582.6023
846616,132.0,20.0,0.3,9403.145
846624,207.0,10.0,0.8,2966.4075
846629,236.0,20.0,0.9,832.2661
846648,207.0,40.0,0.9,5961.4
846653,203.0,20.0,0.1,1655.7583
846655,217.0,40.0,0.8,543.49756
846697,89.0,20.0,0.7,8899.838
846702,81.0,30.0,0.3,5317.953
846721,155.0,30.0,0.2,1065.3589
846741,224.0,30.0,0.7,11666.617
846751,175.0,30.0,0.1,5125.6177
846769,250.0,50.0,0.8,3768.268
846784,296.0,50.0,0.8,1737.6709
846804,99.0,20.0,0.9,1942.6962
846810,269.0,30.0,0.7,12574.241
846814,158.0,20.0,0.8,4227.8486
846819,73.0,20.0,0.9,1988.345
846823,304.0,60.0,0.6,1595.2408
846845,92.0,20.0,0.3,4078.6335
846875,88.0,30.0,0.1,2688.4634
846884,223.0,40.0,0.6,4452.068
846907,324.0,50.0,0.5,1773.0529
846946,168.0,40.0,0.8,3172.7874
846952,205.0,20.0,0.7,8855.326
846956,116.0,30.0,0.4,3911.39
846960,83.0,40.0,0.8,1245.2297
847019,195.0,40.0,0.2,3133.946
847054,112.0,20.0,0.5,9874.072
847072,229.0,40.0,0.9,5947.77
847117,199.0,40.0,0.1,4167.601
847134,101.0,20.0,0.8,9159.322
847137,98.0,40.0,0.4,2928.5088
847159,151.0,40.0,0.7,2006.4219
847174,11.0,50.0,0.9,4133.579
847177,14.0,10.0,0.4,4671.437
847235,77.0,40.0,0.8,6262.824
847240,173.0,20.0,0.4,4589.127
847274,84.0,20.0,0.8,8121.7314
847280,113.0,30.0,0.9,4449.2007
847341,133.0,50.0,0.8,5953.2026
847408,143.0,40.0,0.8,449.31918
847427,86.0,40.0,0.7,5233.162
847452,89.0,20.0,0.5,7564.9043
847464,75.0,40.0,0.5,4250.8516
847467,130.0,40.0,0.8,3291.6184
847494,154.0,50.0,0.7,5526.97
847505,239.0,30.0,0.1,7124.818
847512,141.0,50.0,0.9,6634.5254
847527,156.0,20.0,0.8,4658.4463
847540,79.0,30.0,0.9,1350.8574
847556,47.0,50.0,0.9,4147.175
847583,188.0,40.0,0.8,2255.928
847600,71.0,30.0,0.8,1540.5731
847663,108.0,30.0,0.9,2545.653
847726,99.0,30.0,0.9,3025.9397
847759,159.0,20.0,0.9,2498.1372
847769,86.0,40.0,0.9,3643.756
847804,91.0,30.0,0.9,2953.944
847820,59.0,40.0,0.7,4607.236
847823,135.0,30.0,0.3,924.7162
847843,93.0,30.0,0.1,5724.728
847867,225.0,30.0,0.8,3831.3882
847907,92.0,30.0,0.9,2742.2095
847915,147.0,20.0,0.9,3055.7124
847916,101.0,40.0,0.7,3559.81
847922,108.0,30.0,0.8,1220.3259
847930,20.0,20.0,0.1,1796.4066
847937,141.0,40.0,0.9,4327.0522
847959,5.0,20.0,0.6,1804.7689
847960,180.0,20.0,0.9,3204.6265
847961,137.0,20.0,0.8,1396.0786
847997,66.0,60.0,0.6,7293.461
848004,169.0,20.0,0.9,2722.624
848032,116.0,40.0,0.4,5182.691
848041,196.0,30.0,0.9,4080.0295
848070,172.0,40.0,0.7,3591.6587
848072,176.0,30.0,0.7,4678.4863
848075,165.0,20.0,0.8,3567.0305
848174,119.0,30.0,0.6,3744.7866
848179,101.0,40.0,0.9,791.0124
848209,214.0,60.0,0.9,630.7715
848219,204.0,30.0,0.5,2929.9897
848225,212.0,50.0,0.9,8375.545
848267,176.0,60.0,0.7,4456.9663
848290,75.0,30.0,0.8,4224.953
848299,195.0,60.0,0.9,3949.9014
848316,185.0,20.0,0.2,1728.1508
848396,115.0,30.0,0.9,4141.579
848416,226.0,30.0,0.9,3064.983
848424,288.0,20.0,0.9,1571.3345
848445,180.0,50.0,0.9,4736.2334
848449,97.0,30.0,0.8,3137.349
848450,154.0,20.0,0.1,3636.1453
848453,107.0,30.0,0.1,7171.4565
848488,254.0,40.0,0.9,3478.6064
848492,57.0,30.0,0.8,4005.83
848500,175.0,30.0,0.3,2190.3848
848511,183.0,30.0,0.8,4559.1255
848515,133.0,20.0,0.7,2979.7876
848543,117.0,40.0,0.7,4774.026
848544,210.0,20.0,0.8,3017.7031
848550,94.0,40.0,0.9,2753.8708
848593,189.0,30.0,0.4,3138.469
848631,269.0,50.0,0.6,4825.4263
848636,88.0,40.0,0.9,3119.4424
848690,101.0,50.0,0.1,6002.3633
848697,255.0,40.0,0.7,4117.0557
848714,96.0,50.0,0.8,6945.7114
848740,143.0,20.0,0.7,2522.1228
848751,243.0,40.0,0.8,6464.881
848771,98.0,40.0,0.4,5033.238
848776,138.0,30.0,0.9,4941.517
848812,138.0,40.0,0.9,6767.996
848827,335.0,40.0,0.9,3522.352
848829,99.0,40.0,0.9,4572.592
848831,103.0,60.0,0.1,4802.138
848832,126.0,20.0,0.1,8301.185
848834,239.0,50.0,0.9,6035.4536
848840,206.0,30.0,0.9,4695.9517
848844,107.0,30.0,0.9,5519.9106
848848,93.0,40.0,0.1,4781.497
848851,87.0,20.0,0.2,4705.0166
848887,66.0,40.0,0.6,2281.4072
848897,227.0,40.0,0.9,4577.7734
848922,114.0,40.0,0.8,7045.4414
848925,153.0,60.0,0.3,1221.444
848932,139.0,30.0,0.7,6288.034
848985,129.0,30.0,0.5,8059.4824
849078,116.0,30.0,0.4,1327.9124
849102,139.0,30.0,0.7,5202.1816
849140,159.0,20.0,0.9,3930.314
849150,92.0,40.0,0.7,4757.0806
849162,109.0,40.0,0.6,2648.005
849167,264.0,40.0,0.7,8152.334
849175,192.0,20.0,0.6,5880.7793
849177,106.0,40.0,0.7,5786.273
849181,296.0,50.0,0.9,2035.7911
849189,123.0,40.0,0.6,4995.3965
849190,196.0,50.0,0.2,1328.8336
849193,10.0,20.0,0.7,546.1447
849264,95.0,30.0,0.1,4612.7246
849303,202.0,30.0,0.9,2828.5935
849309,139.0,20.0,0.9,2130.7754
849312,123.0,40.0,0.9,5912.3203
849318,116.0,10.0,0.4,4094.9404
849337,97.0,60.0,0.7,1149.4097
849391,169.0,30.0,0.9,5660.366
849409,108.0,40.0,0.9,3700.781
849442,147.0,30.0,0.9,5277.54
849456,239.0,40.0,0.9,7745.967
849470,161.0,20.0,0.9,2190.6992
849495,92.0,30.0,0.2,4212.641
849503,110.0,30.0,0.1,3335.0417
849514,114.0,40.0,0.7,4501.5127
849528,192.0,50.0,0.9,1525.5471
849538,280.0,30.0,0.3,1569.1975
849545,126.0,60.0,0.1,3999.1855
849563,213.0,30.0,0.9,1943.2655
849574,124.0,40.0,0.9,3450.8772
849576,178.0,30.0,0.7,1959.3064
849589,217.0,30.0,0.7,1437.7218
849597,53.0,30.0,0.2,3573.0518
849618,212.0,60.0,0.9,1582.9113
849632,93.0,40.0,0.9,1526.4199
849655,186.0,40.0,0.9,8246.063
849676,231.0,20.0,0.7,7687.3594
849699,212.0,40.0,0.6,4068.1304
849706,133.0,50.0,0.8,5099.232
849738,178.0,30.0,0.9,5796.918
849768,47.0,50.0,0.9,5026.4014
849804,123.0,20.0,0.2,7042.685
849842,139.0,30.0,0.8,1081.6173
849867,220.0,50.0,0.9,1182.3124
849888,221.0,20.0,0.2,4544.0405
849892,232.0,30.0,0.9,4823.683
849926,124.0,40.0,0.1,5134.287
849954,233.0,20.0,0.5,4676.482
849965,101.0,40.0,0.9,6811.401
849986,119.0,30.0,0.8,8305.922
850011,74.0,20.0,0.1,3592.6025
850025,141.0,40.0,0.4,3192.2056
850040,164.0,50.0,0.9,4396.19
850044,192.0,20.0,0.8,2719.9246
850049,216.0,40.0,0.9,6282.105
850053,201.0,40.0,0.9,1161.3545
850084,141.0,40.0,0.9,8204.414
850097,70.0,30.0,0.6,2483.3547
850104,183.0,30.0,0.8,3807.9033
850134,127.0,40.0,0.9,1447.3063
850157,82.0,30.0,0.9,4259.9644
850161,110.0,20.0,0.1,4223.388
850224,127.0,40.0,0.7,4731.0557
850258,64.0,30.0,0.5,4525.686
850270,98.0,30.0,0.7,2125.0159
850354,133.0,30.0,0.9,4475.138
850362,148.0,30.0,0.3,1983.0582
850363,124.0,30.0,0.3,7138.7896
850373,218.0,50.0,0.9,2436.9858
850380,93.0,40.0,0.3,5217.4727
850381,239.0,50.0,0.6,1276.2341
850396,68.0,30.0,0.1,2190.0693
850405,362.0,30.0,0.7,1562.4221
850446,194.0,20.0,0.7,7446.793
850462,198.0,30.0,0.1,4416.107
850504,126.0,30.0,0.7,2995.5098
850533,100.0,30.0,0.8,2877.6355
850548,166.0,40.0,0.7,3858.2168
850566,154.0,40.0,0.8,5010.3354
850577,251.0,40.0,0.9,5125.7603
850657,172.0,30.0,0.1,2181.023
850710,135.0,50.0,0.8,3129.9014
850727,119.0,20.0,0.9,5500.222
850740,136.0,20.0,0.2,2946.3284
850741,115.0,30.0,0.6,2405.6028
850776,167.0,30.0,0.1,2061.2056
850785,119.0,10.0,0.1,2543.8413
850814,75.0,40.0,0.6,6744.2603
850849,140.0,30.0,0.9,4975.905
850850,218.0,30.0,0.9,2264.066
850899,189.0,20.0,0.7,9472.673
850939,87.0,20.0,0.9,4176.7446
850940,113.0,20.0,0.1,3340.535
850968,97.0,50.0,0.9,7580.617
850996,152.0,40.0,0.8,2048.1772
851002,196.0,20.0,0.6,3919.7507
851015,67.0,40.0,0.8,4116.9585
851042,74.0,40.0,0.8,1846.2954
851051,117.0,50.0,0.1,2649.936
851062,221.0,60.0,0.8,415.27393
851071,106.0,10.0,0.8,5243.4834
851091,208.0,70.0,0.1,1105.9083
851117,104.0,20.0,0.4,8430.218
851124,61.0,30.0,0.6,4296.318
851125,89.0,30.0,0.9,6678.801
851127,156.0,10.0,0.9,6062.671
851133,136.0,30.0,0.4,1423.5868
851164,172.0,20.0,0.8,243.19504
851188,207.0,20.0,0.7,8312.21
851193,279.0,30.0,0.7,4313.4434
851194,101.0,20.0,0.6,2172.7188
851225,98.0,20.0,0.9,2332.123
851230,112.0,30.0,0.6,1596.4252
851254,112.0,20.0,0.1,744.6888
851317,76.0,40.0,0.2,5393.0234
851326,151.0,40.0,0.2,4887.081
851332,162.0,40.0,0.9,1562.105
851335,298.0,30.0,0.9,2557.0173
851338,209.0,50.0,0.8,962.4063
851348,40.0,20.0,0.2,4248.3887
851355,141.0,40.0,0.3,5257.895
851356,96.0,30.0,0.5,4997.9287
851357,93.0,30.0,0.9,5209.567
851359,265.0,50.0,0.8,1142.1682
851364,146.0,20.0,0.8,6039.3433
851382,130.0,40.0,0.9,2641.9292
851452,222.0,40.0,0.8,669.59064
851455,132.0,50.0,0.9,1177.1052
851476,104.0,30.0,0.9,600.18854
851485,141.0,50.0,0.4,7900.989
851511,136.0,50.0,0.1,5402.1855
851515,150.0,30.0,0.9,4969.1626
851536,56.0,20.0,0.8,5474.567
851537,183.0,20.0,0.7,1230.457
851552,112.0,50.0,0.5,1209.7053
851579,30.0,40.0,0.5,3260.75
851593,122.0,40.0,0.4,939.97473
851682,213.0,20.0,0.9,1311.8282
851688,116.0,20.0,0.7,6833.0547
851691,227.0,30.0,0.1,3578.9604
851800,81.0,20.0,0.4,1891.6235
851822,128.0,30.0,0.6,5190.494
851825,121.0,20.0,0.1,4428.4097
851830,64.0,50.0,0.7,4355.7793
851842,157.0,50.0,0.9,1252.1891
851876,114.0,40.0,0.8,2605.2346
851941,210.0,50.0,0.2,2209.4963
851970,266.0,30.0,0.3,866.33673
852004,116.0,40.0,0.8,2269.1501
852017,177.0,40.0,0.9,5628.959
852070,55.0,30.0,0.1,4398.0513
852083,149.0,30.0,0.7,4536.6685
852128,199.0,20.0,0.6,212.47919
852134,128.0,30.0,0.5,4406.5713
852139,133.0,30.0,0.7,5878.1616
852148,195.0,40.0,0.4,2070.1003
852166,220.0,20.0,0.7,10240.166
852167,239.0,50.0,0.8,7552.117
852205,134.0,50.0,0.8,3576.7754
852326,220.0,30.0,0.9,2443.1306
852335,155.0,30.0,0.1,2697.2766
852378,129.0,20.0,0.5,543.7514
852429,199.0,40.0,0.9,4498.465
852470,127.0,40.0,0.6,2851.2908
852559,138.0,20.0,0.9,3097.3865
852560,121.0,20.0,0.7,5079.1616
852573,257.0,50.0,0.8,2648.2412
852603,98.0,40.0,0.1,5106.1553
852645,115.0,50.0,0.7,4324.7466
852655,107.0,20.0,0.5,4958.5474
852675,176.0,50.0,0.9,4127.968
852684,187.0,50.0,0.9,4817.932
852697,184.0,40.0,0.7,7464.3623
852716,43.0,20.0,0.8,4271.8926
852751,111.0,20.0,0.8,1183.5745
852754,217.0,40.0,0.5,914.94885
852776,228.0,40.0,0.9,4771.517
852798,191.0,20.0,0.4,3563.4783
852808,118.0,40.0,0.6,4630.6665
852823,160.0,50.0,0.6,3011.7156
852831,89.0,40.0,0.8,2273.1204
852838,129.0,20.0,0.9,2467.7551
852855,75.0,20.0,0.8,1457.8541
852904,111.0,40.0,0.6,5333.028
852961,171.0,40.0,0.4,1012.2771
852967,125.0,60.0,0.6,3756.37
852969,113.0,40.0,0.8,3833.2869
852970,57.0,30.0,0.5,3532.703
853001,144.0,80.0,0.1,2107.7415
853012,194.0,40.0,0.4,5168.741
853016,111.0,20.0,0.9,3947.3203
853081,190.0,40.0,0.3,1971.8815
853118,167.0,40.0,0.5,8278.689
853124,150.0,40.0,0.9,2921.1821
853137,19.0,40.0,0.8,9175.82
853144,123.0,20.0,0.8,4525.9385
853178,191.0,50.0,0.9,1576.2926
853195,106.0,60.0,0.7,4126.693
853215,83.0,40.0,0.8,1085.6102
853220,186.0,50.0,0.6,2896.2942
853243,118.0,20.0,0.1,3071.9985
853247,235.0,40.0,0.9,1273.3367
853251,179.0,20.0,0.9,2729.0088
853265,115.0,40.0,0.5,3391.9683
853278,180.0,40.0,0.9,2420.1829
853293,166.0,30.0,0.9,3897.38
853295,149.0,30.0,0.9,4212.412
853309,105.0,60.0,0.3,5137.492
853330,168.0,20.0,0.9,3991.372
853331,140.0,40.0,0.1,4083.3484
853355,84.0,40.0,0.8,2954.8667
853359,16.0,30.0,0.6,7126.229
853366,116.0,40.0,0.9,3333.4553
853377,141.0,30.0,0.6,3617.9592
853383,108.0,20.0,0.1,4678.596
853398,295.0,50.0,0.9,3774.9766
853401,210.0,50.0,0.7,6072.454
853436,88.0,20.0,0.4,9183.484
853452,264.0,40.0,0.9,8172.2134
853471,190.0,40.0,0.1,5062.3623
853486,125.0,10.0,0.2,3489.4355
853489,106.0,20.0,0.9,4534.984
853500,131.0,20.0,0.1,5213.61
853503,359.0,50.0,0.7,5755.712
853512,62.0,50.0,0.1,3821.0562
853525,138.0,40.0,0.6,1638.5353
853555,264.0,40.0,0.9,1030.6294
853564,112.0,30.0,0.9,1798.8556
853581,154.0,20.0,0.9,1362.8705
853599,72.0,20.0,0.1,4228.4907
853617,90.0,20.0,0.7,4246.7036
853633,130.0,20.0,0.7,4242.587
853670,229.0,50.0,0.1,756.8935
853682,112.0,30.0,0.3,2006.3087
853701,187.0,50.0,0.9,3046.1848
853719,180.0,40.0,0.9,7021.924
853725,200.0,40.0,0.1,547.72046
853726,82.0,30.0,0.9,1454.9921
853741,76.0,30.0,0.4,4401.098
853795,111.0,60.0,0.3,3294.2869
853884,89.0,50.0,0.9,3811.386
853893,73.0,50.0,0.8,5095.2725
853908,120.0,70.0,0.8,2979.3303
853932,97.0,40.0,0.8,7190.074
853945,184.0,40.0,0.7,3256.6475
853955,91.0,30.0,0.9,794.47034
854022,144.0,20.0,0.2,3348.8035
854023,150.0,50.0,0.2,9142.677
854051,96.0,30.0,0.7,3649.5073
854053,170.0,50.0,0.8,4478.956
854154,71.0,30.0,0.1,5717.091
854162,60.0,50.0,0.9,4763.89
854179,146.0,30.0,0.1,4343.364
854272,106.0,10.0,0.6,2378.9656
854338,112.0,30.0,0.4,3177.2532
854347,57.0,30.0,0.1,2704.7688
854385,149.0,20.0,0.3,697.9462
854405,82.0,80.0,0.9,4566.8945
854418,51.0,60.0,0.2,4781.0767
854479,185.0,20.0,0.9,3216.812
854497,276.0,30.0,0.9,5111.174
854574,158.0,50.0,0.9,2564.657
854614,106.0,40.0,0.2,4384.3267
854617,205.0,30.0,0.3,4854.2964
854618,94.0,20.0,0.8,858.00836
854626,166.0,40.0,0.1,2027.5612
854632,237.0,20.0,0.7,1298.393
854645,295.0,30.0,0.6,8285.019
854648,196.0,40.0,0.9,2773.8372
854651,153.0,50.0,0.1,2208.7168
854674,206.0,40.0,0.8,2478.5867
854686,79.0,20.0,0.6,5034.6523
854727,88.0,50.0,0.9,4975.775
854734,223.0,20.0,0.7,4204.0215
854768,214.0,50.0,0.8,4081.921
854789,188.0,40.0,0.7,5311.1772
854808,110.0,40.0,0.9,2084.9373
854821,228.0,50.0,0.1,9531.801
854822,55.0,30.0,0.5,3993.139
854829,77.0,60.0,0.9,4437.98
854901,266.0,40.0,0.9,4540.062
854909,120.0,70.0,0.9,5963.415
854942,230.0,50.0,0.6,4468.598
854946,106.0,20.0,0.6,5468.2183
854974,177.0,40.0,0.8,1850.2521
854985,143.0,30.0,0.1,7193.3296
854993,185.0,50.0,0.6,10829.152
855006,92.0,20.0,0.9,1157.0887
855013,179.0,40.0,0.8,3550.9512
855034,59.0,30.0,0.7,4122.8013
855039,107.0,30.0,0.6,990.28595
855043,187.0,30.0,0.9,1451.1876
855061,133.0,30.0,0.9,3928.2207
855067,63.0,30.0,0.5,5532.994
855141,116.0,40.0,0.8,3763.568
855169,111.0,20.0,0.9,1924.1965
855178,137.0,40.0,0.9,1523.6628
855201,249.0,50.0,0.3,6841.169
855214,156.0,30.0,0.6,2362.578
855239,193.0,30.0,0.2,4880.4272
855308,141.0,50.0,0.5,7709.639
855331,92.0,10.0,0.3,1145.7634
855338,75.0,30.0,0.8,1560.0168
855342,145.0,30.0,0.2,4222.184
855371,272.0,50.0,0.9,3838.4465
855402,128.0,50.0,0.9,2830.7498
855439,319.0,50.0,0.9,1543.0194
855455,107.0,50.0,0.8,4778.151
855467,155.0,40.0,0.1,4364.173
855486,173.0,30.0,0.6,361.0853
855539,199.0,30.0,0.9,280.21744
855566,201.0,40.0,0.9,2159.9082
855678,131.0,50.0,0.4,2758.172
855690,216.0,30.0,0.3,9194.679
855698,76.0,50.0,0.9,2617.1404
855718,88.0,20.0,0.7,5364.9097
855738,112.0,20.0,0.1,2415.9832
855741,243.0,30.0,0.8,2630.5632
855767,168.0,30.0,0.7,1585.4451
855781,257.0,40.0,0.7,2652.219
855784,96.0,20.0,0.6,3921.14
855788,224.0,30.0,0.7,4517.9844
855793,143.0,50.0,0.7,1176.7622
855801,106.0,20.0,0.9,4513.076
855815,183.0,40.0,0.9,3182.3357
855818,188.0,30.0,0.5,459.58362
855893,143.0,10.0,0.8,3873.1416
855924,259.0,40.0,0.6,4396.338
855939,173.0,50.0,0.6,6441.8115
855944,84.0,60.0,0.7,7444.158
855957,220.0,40.0,0.9,4398.5513
856041,44.0,30.0,0.9,6204.215
856043,168.0,30.0,0.9,3244.0564
856058,200.0,40.0,0.8,2674.443
856104,172.0,40.0,0.8,2867.3704
856135,49.0,30.0,0.9,2861.6272
856192,173.0,50.0,0.6,4608.927
856246,24.0,20.0,0.5,2493.7039
856314,136.0,40.0,0.9,1528.855
856354,207.0,30.0,0.1,7261.625
856401,203.0,30.0,0.7,1442.7981
856408,120.0,30.0,0.8,5111.427
856436,87.0,20.0,0.6,4946.71
856438,221.0,20.0,0.7,5453.4473
856452,57.0,60.0,0.9,3541.2283
856493,85.0,40.0,0.7,9814.578
856501,93.0,20.0,0.6,3264.9053
856522,193.0,20.0,0.4,5438.0225
856532,94.0,40.0,0.5,5151.1123
856534,181.0,40.0,0.8,5770.2046
856545,53.0,20.0,0.3,7367.3765
856548,75.0,40.0,0.9,5494.6885
856566,178.0,20.0,0.9,3021.357
856619,276.0,20.0,0.8,750.1072
856622,262.0,50.0,0.9,5976.851
856645,137.0,30.0,0.2,4886.7515
856664,114.0,20.0,0.2,5015.6016
856697,174.0,30.0,0.9,803.26984
856706,142.0,50.0,0.9,1747.6912
856735,81.0,60.0,0.4,888.5838
856787,188.0,30.0,0.8,4895.225
856808,166.0,20.0,0.1,4065.0605
856846,192.0,30.0,0.5,1929.9442
856868,185.0,50.0,0.7,3799.3657
856885,321.0,40.0,0.8,2770.6968
856937,174.0,30.0,0.6,749.8056
856948,95.0,60.0,0.5,2461.584
856999,217.0,30.0,0.9,2725.3528
857009,85.0,20.0,0.1,4564.8125
857011,245.0,40.0,0.2,3518.3103
857031,109.0,70.0,0.9,4019.9846
857054,49.0,30.0,0.1,5181.6743
857062,116.0,30.0,0.9,1238.3022
857070,83.0,30.0,0.3,7458.3276
857098,120.0,50.0,0.9,4884.0293
857141,95.0,30.0,0.5,2737.7786
857150,231.0,30.0,0.9,4128.5215
857189,145.0,20.0,0.6,4801.5635
857190,58.0,20.0,0.1,644.48456
857311,148.0,20.0,0.9,4145.1924
857349,144.0,40.0,0.9,3364.0999
857379,260.0,20.0,0.6,4173.1787
857381,49.0,50.0,0.8,3569.468
857382,108.0,30.0,0.3,2718.7527
857393,133.0,40.0,0.1,122.67912
857402,164.0,20.0,0.6,1368.0703
857408,123.0,40.0,0.2,4228.7476
857436,97.0,30.0,0.3,3513.8508
857448,334.0,20.0,0.5,3334.3655
857449,216.0,30.0,0.2,6353.5913
857466,120.0,50.0,0.8,5690.5903
857478,115.0,40.0,0.3,3424.5037
857506,125.0,30.0,0.3,2184.848
857507,87.0,40.0,0.8,2956.9126
857522,224.0,10.0,0.9,4048.4587
857556,-6.0,10.0,0.3,6310.663
857574,140.0,50.0,0.7,5378.9414
857611,101.0,40.0,0.7,4663.6997
857673,74.0,50.0,0.4,1509.8529
857710,180.0,30.0,0.9,3520.0173
857722,250.0,20.0,0.5,1440.1233
857725,195.0,30.0,0.6,2978.8342
857746,125.0,20.0,0.8,1544.8143
857761,332.0,50.0,0.5,4740.251
857766,170.0,20.0,0.8,6076.698
857771,93.0,40.0,0.9,4280.2876
857796,102.0,30.0,0.9,3875.6448
857868,269.0,30.0,0.9,1417.6938
857869,95.0,20.0,0.1,5295.959
857888,238.0,50.0,0.8,5597.305
857940,237.0,30.0,0.9,4544.611
857945,86.0,50.0,0.9,5695.7793
857973,209.0,50.0,0.9,1209.4365
858021,153.0,20.0,0.1,4800.209
858023,116.0,30.0,0.7,4968.9907
858069,35.0,50.0,0.7,8201.072
858071,210.0,40.0,0.9,4846.878
858074,-2.0,30.0,0.4,5849.7446
858109,74.0,20.0,0.7,9509.883
858145,130.0,20.0,0.4,2033.0299
858146,206.0,40.0,0.2,837.94934
858156,170.0,20.0,0.5,1045.2661
858182,281.0,20.0,0.5,5176.0776
858234,165.0,30.0,0.3,2338.9253
858251,147.0,30.0,0.8,2716.817
858271,148.0,50.0,0.9,6116.8213
858295,155.0,50.0,0.9,8990.839
858304,206.0,40.0,0.6,4303.2515
858331,42.0,30.0,0.1,4021.6318
858346,100.0,40.0,0.9,3657.257
858362,119.0,30.0,0.4,3321.4834
858388,278.0,50.0,0.9,6362.2705
858413,107.0,40.0,0.2,5251.531
858452,101.0,40.0,0.8,2265.392
858462,204.0,30.0,0.2,5517.4287
858472,95.0,50.0,0.1,11476.267
858476,87.0,30.0,0.9,2546.6614
858478,93.0,30.0,0.1,2949.8274
858505,101.0,40.0,0.9,2438.7869
858509,98.0,40.0,0.7,4520.729
858540,149.0,30.0,0.6,5059.7095
858552,200.0,60.0,0.7,2738.5642
858559,124.0,30.0,0.8,2321.2231
858593,130.0,20.0,0.1,4089.6797
858610,150.0,20.0,0.7,4460.6587
858614,130.0,60.0,0.6,856.61743
858659,143.0,30.0,0.7,627.6175
858665,186.0,40.0,0.9,3937.6436
858682,185.0,40.0,0.9,1790.28
858726,153.0,50.0,0.2,2918.0603
858767,201.0,30.0,0.7,3823.024
858770,133.0,10.0,0.2,1818.7661
858781,153.0,30.0,0.9,1586.0342
858788,228.0,40.0,0.2,4854.8325
858803,111.0,20.0,0.9,4983.9443
858844,100.0,40.0,0.3,4428.6865
858896,206.0,50.0,0.7,5701.379
858908,238.0,20.0,0.1,4575.784
858928,8.0,50.0,0.9,3318.7825
858930,125.0,50.0,0.6,3609.9612
858938,272.0,40.0,0.8,4082.189
858939,204.0,20.0,0.6,7086.8857
858947,187.0,30.0,0.5,1157.4672
858981,106.0,40.0,0.8,2391.0808
859002,81.0,30.0,0.7,9297.877
859014,73.0,30.0,0.6,1258.6564
859020,112.0,10.0,0.8,4675.3486
859028,152.0,50.0,0.9,4535.0854
859077,121.0,40.0,0.9,2860.6528
859083,122.0,20.0,0.8,581.2624
859147,162.0,20.0,0.1,8937.595
859181,125.0,30.0,0.8,1516.3407
859190,106.0,20.0,0.2,2026.7675
859193,89.0,60.0,0.4,7753.0317
859201,118.0,10.0,0.1,3284.7173
859204,-95.0,20.0,0.1,5106.454
859210,237.0,40.0,0.9,61.05526
859276,98.0,30.0,0.8,5367.7896
859283,129.0,30.0,0.3,4110.1445
859284,300.0,40.0,0.7,1230.8323
859300,132.0,20.0,0.9,5150.42
859318,101.0,40.0,0.8,3866.1252
859331,162.0,40.0,0.7,3390.0188
859347,89.0,50.0,0.9,1471.0345
859363,184.0,40.0,0.8,3691.926
859364,167.0,20.0,0.9,3468.3728
859369,98.0,50.0,0.6,7124.8984
859422,247.0,20.0,0.5,3561.8337
859515,118.0,30.0,0.4,4209.834
859532,175.0,40.0,0.4,5528.0737
859534,98.0,40.0,0.9,5790.7534
859548,195.0,30.0,0.8,5357.8677
859582,210.0,40.0,0.9,1563.9438
859585,168.0,20.0,0.9,3483.5115
859590,225.0,40.0,0.8,3154.1968
859596,208.0,40.0,0.9,3877.2278
859611,218.0,40.0,0.9,1262.3153
859636,214.0,60.0,0.7,529.3532
859640,173.0,40.0,0.7,5477.5386
859650,128.0,40.0,0.2,2832.364
859666,155.0,40.0,0.9,3078.6667
859719,101.0,50.0,0.6,5633.5938
859815,104.0,20.0,0.1,5086.5366
859823,208.0,50.0,0.8,5127.335
859837,236.0,20.0,0.9,2913.5679
859840,52.0,40.0,0.8,971.2038
859865,110.0,30.0,0.3,4172.0796
859895,165.0,20.0,0.1,4361.2456
859896,206.0,40.0,0.9,3218.0957
859902,173.0,30.0,0.8,1633.2363
859929,90.0,40.0,0.8,4507.066
859931,129.0,30.0,0.8,2858.1243
859947,200.0,40.0,0.4,4984.604
859958,99.0,40.0,0.2,9684.208
859973,100.0,30.0,0.8,3364.024
860028,304.0,50.0,0.9,5578.186
860029,153.0,20.0,0.3,2614.9246
860030,263.0,30.0,0.8,2127.255
860062,125.0,30.0,0.9,3802.5728
860074,120.0,30.0,0.6,5427.9336
860087,100.0,30.0,0.1,5267.4565
860103,239.0,70.0,0.6,1924.038
860117,153.0,40.0,0.9,4752.8643
860131,264.0,50.0,0.9,3160.3389
860193,139.0,30.0,0.6,5930.25
860209,140.0,30.0,0.6,3777.4353
860233,100.0,20.0,0.1,2958.2769
860236,44.0,30.0,0.7,9694.044
860244,198.0,50.0,0.7,7086.0996
860253,108.0,40.0,0.9,5207.1606
860326,279.0,40.0,0.9,1781.0354
860361,221.0,30.0,0.9,3740.055
860398,190.0,40.0,0.9,4473.4
860400,184.0,50.0,0.4,4288.3027
860406,82.0,20.0,0.8,2984.3584
860419,191.0,30.0,0.9,1754.9507
860457,192.0,30.0,0.7,4885.0894
860463,196.0,50.0,0.9,1790.742
860488,255.0,20.0,0.1,2732.8381
860508,117.0,30.0,0.9,3996.9568
860546,177.0,40.0,0.4,10627.178
860550,155.0,40.0,0.2,5245.614
860555,141.0,50.0,0.8,8741.56
860567,222.0,40.0,0.9,5502.718
860613,160.0,20.0,0.8,10812.858
860623,116.0,40.0,0.8,650.00934
860652,85.0,20.0,0.1,6249.3696
860674,274.0,40.0,0.9,1430.424
860705,209.0,40.0,0.8,1983.4987
860729,196.0,20.0,0.2,5337.228
860833,92.0,30.0,0.1,2933.373
860834,193.0,20.0,0.8,3362.4387
860844,161.0,50.0,0.7,3525.7456
860848,229.0,60.0,0.3,1582.5446
860881,107.0,30.0,0.2,2084.13
860882,253.0,30.0,0.8,242.55156
860924,109.0,30.0,0.6,3719.1838
860961,161.0,20.0,0.9,4284.429
860970,218.0,50.0,0.7,1977.2749
860975,259.0,20.0,0.8,1589.6527
860991,112.0,40.0,0.7,7091.675
861000,48.0,10.0,0.4,3117.0
861003,128.0,60.0,0.8,4193.1724
861023,109.0,30.0,0.1,3319.9172
861026,72.0,20.0,0.5,5486.724
861069,89.0,30.0,0.7,2744.929
861073,189.0,30.0,0.5,886.6139
861092,144.0,30.0,0.9,1342.9143
861180,208.0,20.0,0.1,5294.72
861188,177.0,40.0,0.7,3629.5908
861277,158.0,40.0,0.9,1257.6658
861350,277.0,30.0,0.3,7969.0986
861363,99.0,30.0,0.1,3762.7593
861448,96.0,20.0,0.6,5260.1187
861461,117.0,50.0,0.2,6163.2285
861467,167.0,50.0,0.1,4055.5747
861474,122.0,30.0,0.9,2869.1208
861499,106.0,20.0,0.9,5393.8584
861531,255.0,40.0,0.2,4216.7344
861546,115.0,40.0,0.4,2595.9402
861570,186.0,30.0,0.9,7149.7896
861576,68.0,30.0,0.3,4483.5894
861597,183.0,80.0,0.7,3643.0884
861617,265.0,40.0,0.7,1142.2523
861659,86.0,30.0,0.4,5102.4976
861681,134.0,30.0,0.7,5632.251
861713,111.0,30.0,0.8,4119.374
861733,114.0,30.0,0.8,2048.2637
861741,141.0,20.0,0.3,3862.5007
861757,96.0,40.0,0.9,10556.508
861811,161.0,30.0,0.2,4091.974
861820,150.0,20.0,0.6,1971.9504
861850,112.0,20.0,0.1,4210.501
861856,96.0,40.0,0.9,4616.722
861884,112.0,50.0,0.9,6015.306
861895,103.0,40.0,0.1,4773.832
861911,94.0,20.0,0.4,5919.33
861913,96.0,30.0,0.8,4408.9653
861941,98.0,50.0,0.9,1250.6569
861960,225.0,20.0,0.8,3718.3276
861971,101.0,20.0,0.7,4683.4087
862007,168.0,20.0,0.2,5620.198
862031,237.0,30.0,0.8,2022.6951
862128,165.0,40.0,0.9,2958.5657
862143,262.0,50.0,0.4,6200.82
862169,51.0,30.0,0.2,3196.8477
862188,193.0,20.0,0.8,796.62726
862201,108.0,40.0,0.9,4115.1665
862220,219.0,20.0,0.6,4775.746
862286,274.0,50.0,0.9,5850.178
862293,189.0,30.0,0.9,5284.7666
862349,116.0,30.0,0.7,5461.25
862350,91.0,30.0,0.4,1887.6641
862390,227.0,30.0,0.8,2038.3826
862393,286.0,40.0,0.9,6316.51
862425,115.0,30.0,0.5,726.10626
862458,221.0,30.0,0.5,871.9336
862466,172.0,30.0,0.5,5181.7837
862470,106.0,30.0,0.2,5100.95
862476,48.0,50.0,0.9,3014.2837
862479,143.0,40.0,0.7,1228.6106
862536,166.0,30.0,0.8,10554.76
862559,146.0,20.0,0.7,5843.7495
862588,191.0,40.0,0.6,2876.198
862597,113.0,40.0,0.2,5188.9346
862613,267.0,40.0,0.9,2894.0662
862654,93.0,20.0,0.7,2804.162
862664,129.0,20.0,0.6,8437.513
862677,172.0,20.0,0.4,6691.6577
862705,187.0,30.0,0.2,1382.1616
862706,91.0,30.0,0.8,910.4712
862718,227.0,40.0,0.6,6386.721
862741,156.0,30.0,0.5,4281.3086
862772,225.0,40.0,0.9,5691.7886
862799,198.0,50.0,0.8,1268.8344
862815,128.0,30.0,0.3,927.6805
862853,157.0,20.0,0.1,4020.593
862873,106.0,40.0,0.8,5586.0674
862881,167.0,60.0,0.9,2674.7937
862918,100.0,80.0,0.6,4787.8755
862966,158.0,20.0,0.9,4491.609
863019,152.0,20.0,0.5,1145.537
863032,84.0,20.0,0.8,2775.3738
863035,241.0,20.0,0.7,1011.458
863044,107.0,10.0,0.7,3890.4407
863051,280.0,30.0,0.9,4112.3647
863055,114.0,30.0,0.1,5001.99
863134,80.0,50.0,0.7,2310.2522
863183,6.0,30.0,0.2,3780.1833
863191,219.0,30.0,0.9,1691.1917
863225,130.0,50.0,0.9,1452.3434
863251,137.0,40.0,0.2,1170.3811
863257,103.0,40.0,0.5,2940.7559
863280,269.0,40.0,0.8,4914.709
863289,178.0,20.0,0.9,1977.1362
863291,191.0,30.0,0.9,4780.0664
863296,104.0,30.0,0.9,1343.9946
863339,190.0,50.0,0.8,4273.6436
863340,100.0,30.0,0.1,5347.6978
863345,122.0,40.0,0.2,4124.4536
863350,72.0,20.0,0.6,5791.891
863366,138.0,40.0,0.9,3657.198
863381,202.0,50.0,0.6,6194.6772
863418,164.0,40.0,0.7,7481.5176
863443,97.0,20.0,0.8,4637.468
863456,151.0,40.0,0.8,2717.172
863478,174.0,40.0,0.7,6994.7485
863479,84.0,30.0,0.9,1058.3423
863513,122.0,40.0,0.6,4581.2734
863519,80.0,20.0,0.1,1246.9973
863548,87.0,20.0,0.9,1368.8586
863554,189.0,40.0,0.8,10017.6045
863565,86.0,50.0,0.3,4736.6665
863597,195.0,30.0,0.9,1161.372
863612,199.0,20.0,0.3,2120.8203
863644,276.0,20.0,0.9,4685.4365
863657,75.0,40.0,0.1,1772.414
863658,72.0,30.0,0.8,3724.6501
863684,204.0,20.0,0.8,7133.2217
863692,101.0,30.0,0.8,4043.9307
863747,107.0,30.0,0.7,3343.4795
863773,62.0,30.0,0.4,5342.902
863806,64.0,30.0,0.1,2977.81
863809,239.0,40.0,0.8,5329.914
863835,112.0,20.0,0.6,4370.523
863853,186.0,50.0,0.9,1772.5568
863863,174.0,30.0,0.4,3092.2903
863877,163.0,50.0,0.9,9374.936
863879,123.0,40.0,0.1,3257.1714
863901,243.0,40.0,0.4,4197.9375
863943,108.0,20.0,0.1,4761.34
863959,256.0,20.0,0.6,1828.3889
863973,96.0,30.0,0.7,4296.858
863998,208.0,40.0,0.9,7205.8193
864014,75.0,40.0,0.1,4472.0776
864052,6.0,50.0,0.6,6081.6924
864074,296.0,50.0,0.7,1142.6504
864104,170.0,50.0,0.9,4193.176
864135,177.0,30.0,0.8,1060.3397
864150,131.0,20.0,0.4,3828.4287
864192,152.0,30.0,0.6,10194.844
864258,185.0,20.0,0.3,3941.8489
864259,213.0,30.0,0.7,3423.0178
864266,288.0,40.0,0.9,4377.132
864319,118.0,20.0,0.9,1473.5819
864336,142.0,30.0,0.6,3076.301
864338,119.0,40.0,0.6,3564.115
864354,88.0,40.0,0.2,3487.7307
864356,132.0,20.0,0.9,2135.574
864358,93.0,70.0,0.5,2273.2866
864368,129.0,40.0,0.9,6355.0146
864394,81.0,30.0,0.7,4611.4766
864437,84.0,40.0,0.8,4782.2456
864451,131.0,40.0,0.9,4793.076
864520,146.0,50.0,0.1,3617.4636
864584,93.0,40.0,0.3,3835.9326
864659,186.0,30.0,0.6,2559.284
864700,95.0,30.0,0.6,2236.012
864718,187.0,20.0,0.9,5028.293
864760,131.0,40.0,0.8,2740.768
864775,98.0,20.0,0.4,1741.6321
864785,96.0,70.0,0.2,2231.4849
864802,178.0,30.0,0.6,1539.1448
864803,228.0,40.0,0.9,3939.7078
864807,108.0,40.0,0.9,945.1611
864828,76.0,20.0,0.9,1762.9008
864842,211.0,30.0,0.6,5230.869
864846,118.0,40.0,0.9,4796.002
864862,195.0,50.0,0.9,717.196
864869,185.0,30.0,0.7,3011.7744
864876,116.0,30.0,0.7,2337.658
864902,74.0,40.0,0.1,1218.7567
864913,147.0,30.0,0.4,11788.879
864916,278.0,30.0,0.8,3201.3716
864920,80.0,40.0,0.8,7335.4204
864923,178.0,50.0,0.8,5207.6187
864933,130.0,50.0,0.1,1327.7195
864946,331.0,40.0,0.9,883.5698
864972,267.0,40.0,0.9,5634.1157
864985,271.0,40.0,0.6,6090.0723
865005,71.0,40.0,0.8,990.1358
865014,188.0,30.0,0.9,4065.4766
865015,100.0,30.0,0.6,1157.4072
865024,81.0,30.0,0.6,4658.5117
865040,47.0,50.0,0.5,6940.5063
865043,203.0,40.0,0.9,3214.3171
865067,197.0,40.0,0.7,5692.581
865101,236.0,50.0,0.9,2533.5608
865129,104.0,30.0,0.5,4701.271
865143,142.0,30.0,0.8,1172.0476
865154,231.0,50.0,0.6,5404.977
865160,53.0,40.0,0.5,5726.527
865168,186.0,40.0,0.9,4412.9307
865200,154.0,10.0,0.7,6322.35
865224,137.0,50.0,0.9,9619.011
865269,111.0,30.0,0.8,2600.267
865282,169.0,30.0,0.4,2781.0999
865307,203.0,50.0,0.7,4647.62
865374,191.0,40.0,0.9,1536.6305
865391,238.0,30.0,0.9,559.51636
865406,165.0,30.0,0.1,4046.4539
865415,82.0,40.0,0.1,3979.2336
865419,152.0,20.0,0.6,3126.6157
865422,86.0,40.0,0.9,4426.6323
865477,122.0,20.0,0.8,2376.4902
865480,212.0,40.0,0.9,2942.6157
865568,148.0,30.0,0.3,2983.8833
865572,210.0,30.0,0.1,1582.1246
865593,152.0,30.0,0.9,3182.849
865609,179.0,30.0,0.7,5422.8315
865623,204.0,30.0,0.4,2573.6272
865678,131.0,20.0,0.9,4838.3877
865679,172.0,20.0,0.9,3970.3433
865701,189.0,60.0,0.1,4126.138
865725,157.0,60.0,0.9,1114.3025
865729,126.0,50.0,0.8,3868.8774
865783,160.0,40.0,0.9,12142.162
865790,186.0,40.0,0.9,4086.7488
865800,234.0,40.0,0.8,1085.4218
865855,144.0,20.0,0.6,2262.4177
865868,114.0,40.0,0.2,3060.9253
865900,109.0,20.0,0.6,2829.957
865906,91.0,30.0,0.8,3099.5154
865907,102.0,30.0,0.8,4035.5757
865918,135.0,40.0,0.1,738.2187
865921,152.0,40.0,0.8,3009.1846
865939,166.0,50.0,0.8,7120.3804
865946,169.0,30.0,0.9,2755.1113
865972,79.0,30.0,0.8,4546.7207
866016,140.0,30.0,0.5,3080.4397
866038,139.0,20.0,0.8,1801.0071
866045,198.0,30.0,0.1,5244.5757
866055,149.0,40.0,0.1,3581.5232
866111,75.0,40.0,0.7,3505.484
866123,97.0,20.0,0.4,3911.279
866133,229.0,60.0,0.9,5930.738
866136,261.0,50.0,0.8,3454.9038
866159,132.0,40.0,0.9,1502.7196
866163,281.0,40.0,0.9,2112.5144
866188,61.0,30.0,0.1,3635.6704
866194,186.0,20.0,0.1,2670.2776
866208,55.0,20.0,0.9,3631.7573
866210,110.0,50.0,0.9,3179.9524
866232,148.0,30.0,0.5,865.22546
866233,158.0,20.0,0.8,4285.7837
866274,116.0,20.0,0.6,3110.694
866308,236.0,30.0,0.9,4646.3447
866318,83.0,20.0,0.3,12610.151
866363,154.0,20.0,0.9,4492.4087
866376,185.0,30.0,0.2,4368.7876
866382,83.0,50.0,0.9,6292.012
866389,178.0,30.0,0.6,1363.0753
866404,94.0,30.0,0.8,4916.35
866429,272.0,50.0,0.4,5599.6665
866448,148.0,40.0,0.9,1472.3539
866466,49.0,40.0,0.7,5366.5474
866475,183.0,30.0,0.1,5249.274
866482,138.0,50.0,0.1,472.09842
866517,135.0,20.0,0.7,4294.9297
866519,97.0,50.0,0.8,3428.2925
866546,125.0,20.0,0.7,4475.5195
866574,192.0,60.0,0.6,3810.7278
866596,147.0,30.0,0.1,1496.989
866600,334.0,40.0,0.9,1130.9097
866614,236.0,40.0,0.9,3369.9336
866620,155.0,40.0,0.6,4580.1504
866647,239.0,40.0,0.6,6272.3687
866660,120.0,40.0,0.4,2970.888
866693,145.0,10.0,0.8,1719.1052
866720,180.0,20.0,0.8,3508.0442
866727,158.0,20.0,0.3,1767.7494
866776,126.0,50.0,0.8,3144.5586
866827,97.0,20.0,0.1,1284.6056
866834,209.0,40.0,0.5,5181.2124
866846,70.0,30.0,0.8,3195.191
866904,95.0,30.0,0.4,10029.361
866913,193.0,30.0,0.7,1823.0148
866915,181.0,30.0,0.9,2166.0784
866919,107.0,30.0,0.9,6176.738
866935,110.0,50.0,0.6,3722.6975
866945,125.0,30.0,0.3,10183.738
866961,79.0,30.0,0.6,3840.4836
866965,257.0,30.0,0.7,3344.458
866982,293.0,20.0,0.7,5157.0884
867003,53.0,40.0,0.7,8942.247
867028,125.0,40.0,0.9,2316.9143
867054,198.0,30.0,0.9,11203.208
867062,191.0,20.0,0.8,3811.1553
867082,143.0,40.0,0.5,2606.2458
867083,267.0,30.0,0.8,1923.3319
867085,32.0,40.0,0.1,3954.1216
867148,88.0,20.0,0.8,5188.551
867150,301.0,20.0,0.9,5172.574
867154,88.0,50.0,0.6,414.07336
867159,124.0,30.0,0.6,6317.7144
867162,135.0,40.0,0.4,11570.466
867169,133.0,30.0,0.9,3864.3196
867170,169.0,70.0,0.9,7567.5415
867174,193.0,40.0,0.2,4132.521
867203,92.0,50.0,0.7,4331.833
867211,139.0,50.0,0.9,558.64844
867246,59.0,30.0,0.8,3334.8213
867290,63.0,40.0,0.8,3950.308
867297,157.0,40.0,0.9,3203.4832
867323,170.0,30.0,0.7,1496.5149
867334,190.0,30.0,0.8,2924.9592
867357,267.0,20.0,0.8,941.82135
867389,249.0,40.0,0.7,371.59125
867420,198.0,40.0,0.9,3889.275
867423,126.0,40.0,0.4,902.23846
867435,192.0,30.0,0.5,3387.1194
867479,33.0,30.0,0.6,4221.806
867481,175.0,70.0,0.9,6654.0254
867529,114.0,50.0,0.1,5817.727
867532,139.0,30.0,0.4,3582.393
867541,174.0,30.0,0.7,1914.8628
867552,256.0,50.0,0.9,3392.3845
867578,85.0,40.0,0.9,5069.995
867598,79.0,30.0,0.8,3635.084
867604,175.0,30.0,0.9,3069.0225
867614,136.0,50.0,0.7,1666.7802
867625,262.0,40.0,0.9,1670.0046
867631,208.0,20.0,0.1,839.8729
867653,103.0,50.0,0.7,3877.8604
867672,184.0,30.0,0.4,6400.1416
867727,202.0,30.0,0.9,2039.1644
867730,152.0,40.0,0.2,4796.9004
867733,128.0,40.0,0.4,4143.017
867737,193.0,30.0,0.7,1481.0842
867758,76.0,20.0,0.1,2776.8726
867769,91.0,20.0,0.4,3244.41
867805,111.0,30.0,0.9,4804.179
867806,221.0,20.0,0.9,1093.1294
867818,200.0,40.0,0.5,2487.7258
867823,102.0,30.0,0.9,3162.0474
867875,105.0,30.0,0.9,2815.1277
867880,216.0,30.0,0.9,4902.6245
867888,72.0,20.0,0.1,405.17554
867939,55.0,40.0,0.9,1922.1436
867954,114.0,40.0,0.1,3913.0
867986,180.0,60.0,0.9,7107.812
868006,217.0,40.0,0.9,4094.7817
868035,145.0,30.0,0.7,3788.5312
868036,63.0,40.0,0.6,2735.9136
868038,139.0,50.0,0.9,2049.8186
868040,159.0,20.0,0.2,5504.2104
868048,85.0,30.0,0.1,2493.14
868049,199.0,40.0,0.9,3826.9348
868066,93.0,40.0,0.6,9242.206
868073,229.0,20.0,0.4,2723.851
868078,183.0,40.0,0.9,5715.78
868131,58.0,50.0,0.8,5295.6616
868137,128.0,20.0,0.9,1915.1084
868166,146.0,50.0,0.8,4307.6025
868167,323.0,40.0,0.7,3475.0762
868195,165.0,20.0,0.1,7960.9507
868226,24.0,30.0,0.1,8179.331
868237,98.0,30.0,0.4,2914.0168
868241,113.0,50.0,0.9,1685.7523
868245,91.0,20.0,0.6,924.6692
868251,107.0,30.0,0.1,4055.6926
868270,146.0,30.0,0.5,1524.3861
868326,168.0,50.0,0.6,3258.4336
868353,192.0,30.0,0.9,4136.199
868365,164.0,50.0,0.1,735.93744
868378,238.0,50.0,0.5,5076.063
868422,198.0,40.0,0.6,4839.532
868465,118.0,40.0,0.6,8593.37
868497,63.0,40.0,0.4,2622.1985
868500,145.0,50.0,0.9,1937.3376
868509,204.0,50.0,0.9,8265.73
868549,134.0,20.0,0.7,2576.2998
868581,214.0,30.0,0.4,2821.983
868582,219.0,60.0,0.9,6159.2163
868601,56.0,20.0,0.6,3368.5005
868696,182.0,40.0,0.8,4605.883
868703,177.0,30.0,0.1,1984.1462
868705,142.0,40.0,0.7,1287.7415
868716,292.0,30.0,0.9,3253.5254
868742,114.0,40.0,0.7,5443.8486
868757,140.0,50.0,0.9,5998.981
868805,180.0,30.0,0.7,3591.6763
868824,120.0,30.0,0.4,5571.3403
868943,105.0,50.0,0.9,7357.793
868965,163.0,20.0,0.3,5230.6846
868971,236.0,20.0,0.9,1875.1458
868993,133.0,40.0,0.7,5355.5537
868997,83.0,30.0,0.1,8507.085
869013,166.0,50.0,0.8,2430.8757
869076,101.0,30.0,0.1,7370.921
869108,153.0,40.0,0.9,2837.8433
869136,62.0,20.0,0.4,8000.1157
869141,169.0,40.0,0.6,3654.9768
869160,145.0,30.0,0.9,4994.694
869162,191.0,10.0,0.1,853.734
869181,84.0,40.0,0.3,9585.581
869193,92.0,20.0,0.1,5383.5156
869198,59.0,30.0,0.8,1558.2891
869213,196.0,40.0,0.6,4804.8315
869234,300.0,20.0,0.2,5408.385
869301,240.0,20.0,0.9,4043.2542
869365,78.0,50.0,0.7,4018.6968
869377,221.0,40.0,0.7,3878.639
869405,182.0,50.0,0.7,8444.466
869468,123.0,50.0,0.9,3989.0955
869477,106.0,50.0,0.7,3083.903
869483,101.0,40.0,0.9,4202.241
869518,138.0,60.0,0.1,12503.167
869571,122.0,20.0,0.8,3071.9614
869572,-25.0,30.0,0.1,5587.354
869580,71.0,20.0,0.9,4861.4517
869623,230.0,30.0,0.5,3620.8748
869653,9.0,40.0,0.6,8908.935
869664,8.0,20.0,0.1,4617.3467
869688,111.0,30.0,0.6,13601.552
869690,6.0,40.0,0.8,6361.616
869724,151.0,30.0,0.1,5566.786
869743,253.0,60.0,0.9,4879.957
869779,111.0,60.0,0.1,9310.885
869819,126.0,30.0,0.7,9767.967
869825,163.0,50.0,0.6,8753.692
869828,212.0,60.0,0.9,5030.594
869842,112.0,30.0,0.8,260.43198
869851,280.0,50.0,0.7,5907.0527
869862,207.0,30.0,0.7,3225.2703
869917,215.0,30.0,0.6,5056.262
869928,84.0,40.0,0.8,993.2742
869974,131.0,10.0,0.2,5199.3896
869976,175.0,40.0,0.5,3923.543
869983,129.0,20.0,0.5,3591.488
869986,110.0,40.0,0.8,3773.1543
869989,122.0,20.0,0.3,3987.8257
869991,273.0,40.0,0.9,2471.507
870028,103.0,40.0,0.9,3857.172
870061,103.0,30.0,0.8,3480.5571
870099,160.0,30.0,0.6,5808.2544
870148,91.0,40.0,0.3,4900.1523
870196,4.0,50.0,0.9,2743.4336
870210,147.0,40.0,0.9,4254.123
870224,82.0,20.0,0.1,9919.511
870250,126.0,20.0,0.9,12350.926
870273,133.0,40.0,0.9,3911.5237
870277,139.0,30.0,0.6,763.7074
870282,106.0,40.0,0.9,3678.9844
870283,313.0,40.0,0.6,12239.86
870299,92.0,40.0,0.9,2189.2148
870314,127.0,40.0,0.9,5011.3623
870318,171.0,20.0,0.9,4885.6294
870344,241.0,50.0,0.9,4790.658
870363,95.0,30.0,0.8,5965.3657
870491,161.0,20.0,0.9,3445.7227
870507,75.0,30.0,0.7,5897.6772
870515,82.0,20.0,0.6,3282.4114
870519,84.0,40.0,0.7,2566.4895
870546,156.0,40.0,0.6,4575.7324
870555,148.0,20.0,0.1,2492.0107
870562,109.0,30.0,0.7,4905.695
870572,110.0,30.0,0.9,11757.061
870575,150.0,30.0,0.9,3801.4768
870610,214.0,30.0,0.9,8174.975
870637,229.0,40.0,0.9,4044.0195
870643,175.0,30.0,0.9,8349.016
870655,106.0,40.0,0.9,872.2929
870682,135.0,20.0,0.4,7839.049
870706,113.0,20.0,0.6,5169.8726
870720,81.0,30.0,0.9,4112.9014
870749,46.0,30.0,0.7,4613.7583
870769,191.0,40.0,0.9,4768.398
870803,100.0,20.0,0.9,3211.5754
870809,124.0,40.0,0.7,3128.0415
870890,117.0,40.0,0.9,3689.7412
870895,116.0,40.0,0.1,6423.391
870907,101.0,50.0,0.9,3465.8
870930,158.0,20.0,0.1,3009.1035
870957,86.0,30.0,0.3,4836.901
870971,160.0,20.0,0.6,4023.18
870999,118.0,30.0,0.8,2730.1877
871026,111.0,30.0,0.1,5849.648
871032,251.0,60.0,0.6,5261.806
871041,224.0,30.0,0.2,8448.52
871052,145.0,30.0,0.6,1391.6533
871124,119.0,40.0,0.8,2442.931
871138,118.0,20.0,0.9,3539.9111
871147,88.0,30.0,0.6,4719.0835
871187,112.0,30.0,0.2,2928.3494
871208,24.0,50.0,0.6,1855.8033
871224,194.0,30.0,0.1,6566.1147
871254,10.0,30.0,0.5,9025.727
871289,181.0,20.0,0.9,1995.7295
871291,171.0,40.0,0.7,10478.271
871315,108.0,20.0,0.8,1104.3965
871321,139.0,30.0,0.6,2980.729
871341,63.0,20.0,0.5,4362.6445
871388,149.0,40.0,0.9,5231.907
871399,201.0,20.0,0.6,2970.007
871401,106.0,20.0,0.7,3470.3699
871431,127.0,50.0,0.9,5128.883
871448,152.0,30.0,0.7,5407.0107
871451,144.0,60.0,0.9,5798.0967
871480,86.0,30.0,0.7,2897.3894
871523,124.0,30.0,0.9,3096.1858
871529,133.0,30.0,0.9,2882.9854
871547,153.0,60.0,0.9,6057.817
871549,92.0,30.0,0.4,1711.6859
871550,167.0,30.0,0.8,4002.3264
871621,151.0,40.0,0.9,2058.4106
871631,173.0,40.0,0.8,814.25885
871658,209.0,20.0,0.2,1755.4957
871668,118.0,40.0,0.1,1882.5042
871675,114.0,40.0,0.3,5216.5107
871702,108.0,50.0,0.6,6897.2915
871723,137.0,40.0,0.7,1455.0625
871796,91.0,40.0,0.4,4872.598
871803,160.0,50.0,0.9,5444.017
871814,127.0,30.0,0.9,944.5187
871823,273.0,30.0,0.9,1081.8536
871847,135.0,40.0,0.8,5575.022
871862,62.0,50.0,0.7,7852.018
871901,172.0,10.0,0.1,1655.7334
871919,117.0,30.0,0.9,3545.0217
871948,140.0,60.0,0.8,3285.608
871950,124.0,50.0,0.8,2614.5728
871980,110.0,30.0,0.7,3593.49
871989,132.0,40.0,0.8,2785.253
872005,74.0,20.0,0.1,3042.8113
872012,188.0,50.0,0.1,3823.5938
872075,98.0,50.0,0.9,4377.353
872088,187.0,40.0,0.8,5114.2593
872103,181.0,20.0,0.3,7129.6074
872109,160.0,20.0,0.6,7600.9844
872127,44.0,70.0,0.8,1171.1011
872151,91.0,20.0,0.6,4252.6914
872183,282.0,40.0,0.8,3984.9805
872186,168.0,50.0,0.9,9626.352
872199,191.0,50.0,0.9,5044.225
872254,98.0,40.0,0.8,7768.393
872281,174.0,50.0,0.5,6029.752
872297,169.0,20.0,0.6,516.92944
872334,131.0,40.0,0.4,2100.2214
872341,194.0,40.0,0.2,1562.3607
872357,66.0,50.0,0.5,5222.338
872368,48.0,20.0,0.7,2747.7454
872371,260.0,40.0,0.8,967.935
872420,100.0,30.0,0.6,3882.0369
872427,161.0,50.0,0.3,7786.944
872455,183.0,50.0,0.9,2888.751
872456,223.0,40.0,0.9,3620.727
872509,82.0,80.0,0.7,5381.5747
872536,115.0,30.0,0.1,3731.9214
872541,231.0,30.0,0.8,4552.8203
872551,82.0,50.0,0.2,946.0097
872560,148.0,20.0,0.2,5125.4087
872563,233.0,50.0,0.9,1742.8905
872575,134.0,50.0,0.9,7729.311
872672,122.0,50.0,0.8,5622.292
872675,213.0,40.0,0.8,1199.0543
872694,211.0,30.0,0.1,1599.47
872704,228.0,20.0,0.7,2186.3767
872712,277.0,50.0,0.9,5618.0063
872720,83.0,20.0,0.8,3366.6455
872730,230.0,40.0,0.9,3854.461
872785,101.0,60.0,0.4,3960.943
872846,132.0,10.0,0.7,4691.308
872866,250.0,50.0,0.9,2873.9917
872906,220.0,20.0,0.9,2615.7021
872910,147.0,20.0,0.7,1775.4785
872912,204.0,30.0,0.4,4173.529
872932,181.0,20.0,0.2,606.2376
872968,206.0,50.0,0.7,3451.0312
872969,215.0,30.0,0.9,1371.9355
872974,93.0,20.0,0.4,3011.9973
872987,110.0,30.0,0.1,6293.5586
872997,103.0,50.0,0.8,6339.68
873000,89.0,50.0,0.9,3414.3022
873002,68.0,30.0,0.9,8769.705
873015,196.0,40.0,0.8,1516.551
873017,36.0,10.0,0.2,3768.8684
873037,174.0,30.0,0.8,3911.79
873045,170.0,30.0,0.9,4421.518
873075,221.0,30.0,0.6,1357.7307
873076,205.0,20.0,0.9,4970.4937
873084,198.0,50.0,0.2,5608.8574
873103,97.0,50.0,0.9,4359.701
873142,224.0,60.0,0.8,1352.2399
873144,77.0,20.0,0.6,9647.465
873150,82.0,20.0,0.4,2920.7324
873153,79.0,30.0,0.7,2738.1948
873169,135.0,30.0,0.9,4722.1104
873191,181.0,30.0,0.4,2601.224
873206,123.0,50.0,0.8,7704.503
873249,154.0,40.0,0.9,3227.052
873276,171.0,40.0,0.9,12230.089
873278,224.0,40.0,0.7,5560.191
873279,278.0,50.0,0.9,3067.158
873299,176.0,40.0,0.5,2896.8142
873314,131.0,40.0,0.9,3550.8347
873358,171.0,30.0,0.6,2611.1194
873372,274.0,40.0,0.7,4221.0156
873420,140.0,40.0,0.5,6848.2114
873441,94.0,20.0,0.2,3921.7979
873478,119.0,30.0,0.1,5419.121
873528,198.0,30.0,0.6,6201.136
873533,133.0,20.0,0.7,3736.4692
873563,153.0,30.0,0.7,3603.4875
873571,124.0,30.0,0.7,1229.3885
873573,201.0,40.0,0.1,12302.091
873574,61.0,30.0,0.7,1392.3788
873659,223.0,20.0,0.9,3684.8425
873682,150.0,30.0,0.4,1340.9642
873706,45.0,40.0,0.7,3676.7153
873759,158.0,30.0,0.8,5144.012
873772,105.0,50.0,0.9,7514.753
873824,194.0,20.0,0.8,1808.3473
873851,145.0,50.0,0.5,3022.909
873895,131.0,40.0,0.5,2655.5845
873922,279.0,30.0,0.7,4270.824
873923,113.0,40.0,0.9,1608.3944
873930,92.0,30.0,0.9,3471.727
873982,162.0,40.0,0.4,4024.888
873986,199.0,50.0,0.9,3111.1511
873996,286.0,20.0,0.9,2851.063
874021,104.0,50.0,0.2,2961.3457
874047,182.0,50.0,0.7,3572.3447
874094,116.0,70.0,0.1,4941.779
874095,77.0,30.0,0.5,4826.541
874099,199.0,20.0,0.5,8449.921
874124,234.0,30.0,0.4,2158.7983
874133,18.0,40.0,0.6,5752.862
874162,104.0,40.0,0.2,5069.2207
874199,123.0,20.0,0.9,3665.4993
874238,126.0,40.0,0.7,1745.3534
874246,201.0,30.0,0.9,4130.4536
874258,357.0,50.0,0.9,5469.4937
874263,146.0,30.0,0.9,5846.566
874264,101.0,20.0,0.1,3485.0176
874293,200.0,60.0,0.6,3144.1135
874328,87.0,40.0,0.9,1298.3522
874342,186.0,50.0,0.9,1911.2803
874362,148.0,20.0,0.4,1579.1862
874391,235.0,30.0,0.8,4824.1113
874413,135.0,30.0,0.1,1437.2245
874431,99.0,30.0,0.9,3388.49
874440,273.0,40.0,0.6,3579.1987
874459,96.0,60.0,0.1,3094.2017
874467,84.0,20.0,0.1,3674.8918
874469,192.0,20.0,0.8,2494.7883
874499,103.0,10.0,0.4,3734.826
874513,-57.0,30.0,0.4,4413.266
874561,75.0,20.0,0.9,6131.602
874593,120.0,50.0,0.9,4789.088
874625,143.0,30.0,0.5,1508.3301
874634,102.0,20.0,0.5,8596.873
874636,238.0,40.0,0.9,5566.5337
874662,103.0,40.0,0.8,1018.6123
874670,137.0,20.0,0.6,1805.458
874697,116.0,30.0,0.5,2047.7433
874737,284.0,20.0,0.2,2809.1548
874744,81.0,50.0,0.9,5585.452
874765,224.0,40.0,0.8,4562.89
874772,206.0,10.0,0.2,8456.915
874813,273.0,20.0,0.7,3663.9143
874834,151.0,20.0,0.4,5395.9985
874835,150.0,30.0,0.2,5286.374
874868,147.0,30.0,0.9,4426.7114
874906,98.0,40.0,0.4,3848.732
874918,208.0,50.0,0.6,5939.5635
874922,167.0,50.0,0.6,6230.506
874947,98.0,40.0,0.8,3094.932
874955,93.0,60.0,0.1,3241.2905
874958,121.0,30.0,0.9,1926.1005
874984,107.0,40.0,0.4,1087.6802
874993,72.0,30.0,0.1,2067.6306
875004,110.0,20.0,0.8,3829.1821
875014,155.0,50.0,0.6,3539.0984
875061,174.0,20.0,0.9,1695.1223
875073,98.0,40.0,0.9,1293.8458
875076,128.0,20.0,0.9,4311.572
875122,184.0,30.0,0.9,4627.486
875142,104.0,30.0,0.2,3944.2422
875159,191.0,40.0,0.8,5076.2515
875174,109.0,40.0,0.9,6579.8438
875175,149.0,30.0,0.7,4110.5435
875176,166.0,50.0,0.1,967.649
875178,68.0,40.0,0.6,2643.3372
875199,235.0,60.0,0.9,10412.304
875207,229.0,50.0,0.9,2782.4285
875219,154.0,30.0,0.1,5403.2793
875226,128.0,50.0,0.9,3781.9807
875233,239.0,20.0,0.6,2566.426
875236,291.0,70.0,0.3,887.8331
875257,56.0,40.0,0.3,3029.3943
875266,101.0,20.0,0.9,1619.1324
875291,132.0,40.0,0.6,3907.7888
875342,136.0,40.0,0.2,3464.524
875358,168.0,30.0,0.5,596.5803
875360,66.0,50.0,0.8,3833.188
875362,162.0,30.0,0.8,2864.9116
875367,257.0,50.0,0.2,1287.9436
875412,88.0,30.0,0.9,2972.351
875461,114.0,30.0,0.9,5123.3594
875466,120.0,30.0,0.1,4915.458
875474,108.0,40.0,0.4,3447.6848
875480,108.0,20.0,0.1,1128.9181
875523,160.0,40.0,0.9,5522.374
875526,253.0,60.0,0.8,4945.644
875572,104.0,30.0,0.2,5607.0977
875582,79.0,40.0,0.5,3584.6323
875583,99.0,50.0,0.1,5958.3794
875584,204.0,30.0,0.1,5407.0146
875586,221.0,20.0,0.7,2410.365
875591,88.0,30.0,0.7,3358.7112
875594,232.0,40.0,0.1,4028.2798
875627,52.0,50.0,0.8,10639.608
875640,154.0,60.0,0.8,8005.7427
875662,147.0,30.0,0.9,1612.606
875670,77.0,30.0,0.2,7704.326
875677,151.0,30.0,0.6,4674.965
875717,46.0,50.0,0.1,4482.121
875771,85.0,70.0,0.2,4108.9824
875773,126.0,30.0,0.5,5495.882
875779,243.0,40.0,0.7,1876.2367
875802,125.0,50.0,0.8,5379.7563
875814,213.0,30.0,0.4,3448.083
875819,65.0,50.0,0.8,6461.681
875822,80.0,40.0,0.8,2027.6427
875907,146.0,20.0,0.9,3744.5852
875910,105.0,20.0,0.8,5751.4385
875912,247.0,40.0,0.8,5793.0996
875926,110.0,40.0,0.8,4935.589
875944,117.0,10.0,0.7,1297.105
875954,220.0,40.0,0.4,3153.0994
875964,108.0,20.0,0.4,4789.9614
876011,56.0,20.0,0.6,2056.3152
876033,65.0,20.0,0.9,4611.1675
876046,193.0,10.0,0.6,4452.66
876082,231.0,40.0,0.9,3111.5007
876084,85.0,30.0,0.4,5286.506
876119,166.0,30.0,0.9,3089.1082
876137,186.0,40.0,0.9,4759.2124
876149,64.0,70.0,0.8,1681.2465
876181,68.0,10.0,0.9,3774.8184
876211,333.0,50.0,0.9,1699.2448
876218,-24.0,30.0,0.1,4532.658
876241,157.0,20.0,0.6,5713.4634
876247,98.0,40.0,0.9,10269.393
876249,154.0,20.0,0.2,5040.096
876278,130.0,30.0,0.9,5138.29
876284,231.0,50.0,0.8,4737.263
876314,102.0,20.0,0.2,3371.0593
876316,97.0,30.0,0.7,8099.8545
876331,182.0,30.0,0.8,1875.1763
876343,78.0,30.0,0.1,4834.522
876344,49.0,20.0,0.2,4964.955
876347,224.0,40.0,0.6,1283.9769
876365,139.0,20.0,0.2,5755.969
876368,205.0,50.0,0.9,1760.637
876380,202.0,30.0,0.8,6075.016
876398,103.0,50.0,0.4,4241.8193
876446,271.0,40.0,0.9,3514.5647
876496,79.0,30.0,0.4,5309.7954
876510,133.0,40.0,0.1,2395.6926
876601,100.0,30.0,0.7,2691.501
876641,161.0,20.0,0.9,4328.4834
876645,102.0,30.0,0.1,4271.7563
876661,144.0,50.0,0.8,4872.7163
876713,185.0,30.0,0.7,1416.0483
876729,156.0,40.0,0.9,1166.0876
876731,177.0,30.0,0.4,2857.1782
876767,220.0,30.0,0.7,6415.264
876798,165.0,60.0,0.5,3903.2417
876806,200.0,70.0,0.1,5641.757
876817,201.0,50.0,0.8,6023.116
876818,120.0,20.0,0.6,3062.4917
876876,152.0,30.0,0.3,1787.7754
876890,177.0,50.0,0.2,2398.3674
876912,166.0,50.0,0.9,7321.878
876978,118.0,20.0,0.8,2410.2034
876989,177.0,40.0,0.8,9600.258
877000,72.0,40.0,0.8,3159.488
877103,96.0,20.0,0.7,6802.546
877116,120.0,20.0,0.9,2782.7627
877156,214.0,50.0,0.8,4508.9165
877164,185.0,50.0,0.9,2038.7292
877183,278.0,20.0,0.9,925.242
877189,81.0,50.0,0.5,4974.621
877236,231.0,30.0,0.9,565.27405
877277,203.0,50.0,0.7,7222.0557
877294,175.0,20.0,0.8,2950.5784
877312,48.0,30.0,0.6,2271.7388
877332,98.0,20.0,0.1,5866.9263
877340,129.0,10.0,0.5,1610.6063
877386,100.0,20.0,0.9,3307.4983
877397,244.0,20.0,0.3,3258.9653
877410,110.0,40.0,0.6,2591.3413
877423,95.0,30.0,0.4,4860.905
877454,137.0,50.0,0.8,6339.4497
877461,12.0,30.0,0.4,6015.48
877469,106.0,20.0,0.9,5823.302
877473,136.0,20.0,0.1,2423.5305
877487,247.0,40.0,0.8,2108.8726
877496,92.0,40.0,0.8,4544.948
877497,100.0,30.0,0.7,2117.0706
877515,205.0,30.0,0.2,4165.827
877537,164.0,20.0,0.9,2123.4067
877616,74.0,30.0,0.8,4382.972
877626,115.0,30.0,0.6,7508.368
877660,192.0,20.0,0.7,4792.3765
877716,287.0,40.0,0.9,5555.005
877735,105.0,30.0,0.8,3243.5889
877775,193.0,30.0,0.9,4504.973
877783,261.0,30.0,0.9,4113.706
877786,198.0,40.0,0.7,4646.6943
877803,134.0,50.0,0.3,6504.371
877818,101.0,40.0,0.3,7138.3804
877845,114.0,20.0,0.5,2403.7578
877859,185.0,40.0,0.9,2674.0889
877919,134.0,30.0,0.8,3530.3728
877944,310.0,60.0,0.2,4462.807
877945,118.0,30.0,0.9,3903.1646
877974,185.0,30.0,0.8,6807.1685
877993,200.0,50.0,0.8,4585.272
878004,77.0,30.0,0.7,1427.4701
878032,155.0,50.0,0.8,3085.6729
878057,193.0,50.0,0.8,5702.1865
878058,270.0,40.0,0.6,3706.999
878090,104.0,30.0,0.4,6112.7744
878093,238.0,50.0,0.2,4902.5073
878094,171.0,40.0,0.1,2647.9543
878108,211.0,50.0,0.9,595.442
878119,236.0,50.0,0.5,5295.059
878130,167.0,40.0,0.9,472.0715
878131,167.0,30.0,0.7,6219.905
878135,132.0,20.0,0.1,4227.199
878217,122.0,30.0,0.8,4664.156
878221,135.0,20.0,0.9,4350.555
878228,202.0,30.0,0.4,2976.5852
878238,151.0,20.0,0.2,4676.625
878239,106.0,60.0,0.1,5554.2744
878287,179.0,60.0,0.1,3698.728
878370,191.0,20.0,0.9,2514.045
878375,174.0,10.0,0.7,2918.9587
878401,128.0,50.0,0.7,2799.7693
878426,203.0,50.0,0.7,924.4148
878439,103.0,20.0,0.1,4160.767
878528,51.0,50.0,0.8,5975.591
878532,118.0,40.0,0.9,1879.8679
878545,107.0,20.0,0.7,4787.849
878547,135.0,40.0,0.7,8079.753
878552,115.0,20.0,0.4,4534.9775
878570,108.0,50.0,0.6,2008.9504
878571,76.0,20.0,0.4,3243.773
878575,81.0,30.0,0.6,5018.2827
878583,136.0,20.0,0.8,4843.2173
878630,60.0,30.0,0.9,6070.074
878645,236.0,40.0,0.7,2135.9954
878656,246.0,50.0,0.7,4224.251
878660,120.0,20.0,0.9,1088.2656
878690,207.0,50.0,0.6,5176.615
878748,201.0,20.0,0.1,2337.4382
878772,87.0,50.0,0.6,7311.776
878822,94.0,30.0,0.9,1873.7195
878825,55.0,50.0,0.4,997.92413
878845,108.0,40.0,0.7,3895.7732
878889,116.0,40.0,0.1,5447.915
878919,233.0,30.0,0.4,2323.9854
878927,140.0,40.0,0.9,1166.4998
878940,202.0,40.0,0.9,2354.1936
878943,109.0,20.0,0.1,3664.205
878949,196.0,40.0,0.8,3325.889
878968,248.0,40.0,0.6,519.291
878990,110.0,40.0,0.7,3763.8184
878991,103.0,20.0,0.3,3161.972
878993,146.0,50.0,0.7,3727.987
879010,143.0,20.0,0.1,3104.282
879036,270.0,40.0,0.4,1570.2878
879040,92.0,20.0,0.8,3270.191
879126,253.0,20.0,0.9,3386.068
879133,124.0,50.0,0.9,6639.1216
879147,248.0,50.0,0.9,1201.759
879157,204.0,20.0,0.1,341.5111
879165,62.0,40.0,0.6,4234.8257
879178,127.0,30.0,0.1,2958.0808
879189,113.0,30.0,0.9,4778.107
879277,219.0,50.0,0.9,3667.5085
879290,136.0,50.0,0.8,3536.2534
879299,182.0,30.0,0.9,2996.1526
879317,194.0,10.0,0.3,2082.6384
879323,172.0,20.0,0.1,2737.2397
879339,119.0,20.0,0.1,4948.0137
879348,155.0,40.0,0.1,4800.6133
879357,215.0,40.0,0.6,4271.274
879359,122.0,20.0,0.9,3791.4377
879365,77.0,40.0,0.8,5201.3438
879390,112.0,40.0,0.8,407.1514
879404,212.0,30.0,0.8,2207.0144
879423,95.0,50.0,0.9,2277.9612
879470,250.0,30.0,0.5,3908.0051
879480,109.0,40.0,0.6,3356.1477
879535,139.0,50.0,0.6,2770.422
879577,97.0,60.0,0.9,1564.4467
879582,189.0,40.0,0.9,4630.7075
879590,277.0,40.0,0.9,947.4076
879612,121.0,20.0,0.9,4759.609
879632,221.0,50.0,0.9,1558.2596
879633,183.0,30.0,0.1,4641.5835
879638,244.0,50.0,0.9,1667.885
879655,104.0,40.0,0.9,3793.7036
879726,145.0,30.0,0.8,3938.3145
879729,124.0,50.0,0.9,2259.1716
879731,257.0,30.0,0.6,3639.5361
879767,5.0,30.0,0.1,7099.1255
879789,106.0,40.0,0.9,2048.65
879801,233.0,40.0,0.9,1554.2557
879809,134.0,30.0,0.9,3673.139
879830,181.0,40.0,0.1,3882.1453
879841,173.0,40.0,0.9,3163.328
879846,125.0,30.0,0.5,7582.7847
879856,99.0,40.0,0.4,3592.5305
879878,114.0,30.0,0.1,2174.7744
879879,140.0,20.0,0.6,5974.0435
879887,203.0,40.0,0.8,3622.9988
879890,118.0,30.0,0.6,3122.93
879925,195.0,50.0,0.1,4719.886
879944,28.0,30.0,0.8,1409.8357
879949,87.0,40.0,0.8,8118.8076
879960,142.0,20.0,0.1,4690.0933
879967,116.0,60.0,0.8,6275.9995
879969,128.0,30.0,0.5,7089.48
879976,101.0,20.0,0.9,5146.131
879992,183.0,40.0,0.2,4733.7925
880057,276.0,40.0,0.8,6901.9497
880074,59.0,30.0,0.8,3206.0876
880091,206.0,30.0,0.6,2925.5488
880105,129.0,20.0,0.9,3424.6118
880115,266.0,30.0,0.1,3886.1865
880166,-30.0,50.0,0.6,5478.8726
880176,83.0,20.0,0.5,1466.2587
880188,120.0,50.0,0.9,9740.889
880193,140.0,20.0,0.8,5415.935
880231,184.0,30.0,0.8,4441.438
880244,120.0,40.0,0.8,4889.0366
880266,185.0,20.0,0.8,5068.415
880276,132.0,20.0,0.1,1587.4204
880298,119.0,20.0,0.3,4613.561
880325,209.0,40.0,0.9,4413.2886
880373,97.0,20.0,0.9,8100.618
880383,121.0,20.0,0.6,2889.149
880423,295.0,40.0,0.7,4480.597
880435,150.0,20.0,0.9,3001.6975
880439,161.0,50.0,0.3,1071.789
880452,267.0,20.0,0.9,5997.7075
880455,89.0,40.0,0.1,918.99304
880474,151.0,40.0,0.9,6528.1157
880512,100.0,30.0,0.7,2707.3508
880513,143.0,40.0,0.9,3973.4724
880570,109.0,20.0,0.9,3315.051
880574,132.0,40.0,0.8,1651.6501
880578,90.0,50.0,0.2,4556.7236
880579,281.0,50.0,0.8,5361.636
880613,214.0,40.0,0.9,3694.4597
880615,175.0,40.0,0.9,3012.0898
880625,207.0,40.0,0.4,1083.7104
880654,108.0,30.0,0.6,2193.9155
880661,95.0,30.0,0.5,132.57893
880678,162.0,20.0,0.1,5000.1587
880680,114.0,60.0,0.8,12458.181
880724,156.0,30.0,0.9,7026.6904
880736,219.0,50.0,0.9,4773.7417
880751,186.0,20.0,0.9,2642.628
880769,53.0,30.0,0.5,1983.0419
880786,90.0,50.0,0.9,1899.9675
880805,273.0,40.0,0.9,6857.429
880827,180.0,40.0,0.6,4319.1436
880831,129.0,40.0,0.6,4907.296
880832,98.0,40.0,0.3,1955.5963
880835,58.0,40.0,0.7,4261.592
880864,120.0,30.0,0.8,3068.159
880867,123.0,30.0,0.7,5488.248
880877,202.0,30.0,0.8,2860.8752
880891,183.0,20.0,0.8,4917.0957
880902,97.0,50.0,0.9,2741.8853
880913,128.0,50.0,0.5,815.7645
880918,56.0,30.0,0.4,7509.3545
880946,182.0,40.0,0.1,2897.4531
880975,167.0,30.0,0.6,1033.0254
881005,87.0,40.0,0.1,5051.85
881017,121.0,30.0,0.7,6383.9297
881032,160.0,20.0,0.1,4696.0156
881092,187.0,30.0,0.7,2321.9604
881097,-102.0,30.0,0.4,3607.872
881103,214.0,30.0,0.9,1318.6643
881157,147.0,20.0,0.9,5436.103
881176,213.0,40.0,0.9,1525.7041
881205,177.0,20.0,0.9,850.79803
881214,136.0,30.0,0.8,7162.7417
881221,191.0,20.0,0.8,1660.7979
881232,156.0,50.0,0.6,1141.2859
881245,47.0,40.0,0.4,4289.464
881255,240.0,30.0,0.1,2937.0254
881261,84.0,40.0,0.8,1882.7493
881267,189.0,40.0,0.2,2560.9678
881283,83.0,40.0,0.7,4103.162
881294,121.0,40.0,0.8,9465.36
881313,145.0,30.0,0.1,4366.9517
881314,192.0,40.0,0.3,2708.4504
881395,82.0,30.0,0.5,985.3285
881398,98.0,30.0,0.7,1694.7891
881446,43.0,20.0,0.4,5068.54
881460,101.0,50.0,0.9,5814.9463
881484,-89.0,30.0,0.7,2979.4717
881506,3.0,30.0,0.5,5753.125
881511,282.0,50.0,0.4,7860.8296
881517,82.0,20.0,0.1,9782.558
881519,33.0,20.0,0.5,1156.8176
881530,124.0,30.0,0.1,3985.821
881547,184.0,30.0,0.9,3534.477
881576,88.0,20.0,0.1,3478.881
881604,165.0,30.0,0.9,6313.272
881643,95.0,20.0,0.8,5641.6094
881645,280.0,10.0,0.9,2388.204
881648,224.0,40.0,0.9,333.25266
881680,176.0,20.0,0.9,1538.7245
881684,163.0,40.0,0.5,4017.035
881711,167.0,40.0,0.6,3195.3606
881718,147.0,50.0,0.9,2260.2402
881728,131.0,20.0,0.6,1262.7671
881732,194.0,30.0,0.8,2379.923
881750,134.0,20.0,0.3,589.0512
881768,56.0,40.0,0.8,6066.4263
881882,92.0,30.0,0.3,4618.784
881887,123.0,40.0,0.9,1402.5565
881950,113.0,40.0,0.5,5197.217
881968,85.0,30.0,0.6,5464.243
881985,127.0,20.0,0.2,1634.1752
882001,112.0,20.0,0.6,1972.912
882015,153.0,30.0,0.9,2187.98
882037,115.0,30.0,0.2,4083.3728
882071,259.0,30.0,0.6,3543.1604
882087,159.0,40.0,0.7,3800.0999
882104,157.0,40.0,0.7,3746.0762
882115,225.0,10.0,0.9,4440.278
882179,117.0,20.0,0.1,8446.327
882226,228.0,10.0,0.9,2836.8022
882253,173.0,20.0,0.9,3978.6958
882270,250.0,60.0,0.2,1673.4657
882312,235.0,30.0,0.1,3907.4043
882368,124.0,30.0,0.7,1480.5164
882369,240.0,50.0,0.4,5175.4224
882379,53.0,30.0,0.6,4332.609
882383,112.0,30.0,0.7,3273.7195
882390,219.0,50.0,0.8,4695.7363
882419,116.0,30.0,0.9,1717.6708
882424,129.0,50.0,0.9,1026.9237
882450,176.0,30.0,0.4,4246.0757
882492,96.0,20.0,0.7,3819.1157
882529,162.0,20.0,0.5,2544.116
882538,122.0,40.0,0.8,4042.647
882564,150.0,50.0,0.9,8568.826
882592,102.0,20.0,0.1,4616.3022
882604,266.0,40.0,0.6,4598.824
882628,296.0,30.0,0.5,11037.684
882637,51.0,40.0,0.3,3836.1897
882668,155.0,40.0,0.6,1301.877
882679,110.0,20.0,0.2,4004.6885
882701,136.0,10.0,0.8,4092.419
882723,77.0,20.0,0.9,3722.0923
882724,114.0,50.0,0.9,4363.9243
882730,106.0,30.0,0.6,10592.853
882758,178.0,30.0,0.9,3415.5833
882812,228.0,20.0,0.9,3718.852
882821,148.0,30.0,0.9,2984.8638
882872,161.0,40.0,0.1,741.0837
882896,263.0,40.0,0.8,3762.8093
882899,189.0,20.0,0.1,8041.686
882966,198.0,50.0,0.9,5469.175
882982,152.0,30.0,0.8,4467.7476
882986,110.0,20.0,0.6,3582.0554
883012,122.0,20.0,0.5,3017.65
883021,78.0,40.0,0.9,1663.7858
883026,155.0,50.0,0.4,1531.4691
883059,-48.0,40.0,0.7,5313.16
883067,74.0,40.0,0.8,4123.1855
883130,170.0,30.0,0.8,2163.9485
883150,103.0,30.0,0.8,4120.306
883175,144.0,20.0,0.8,6454.1753
883182,221.0,50.0,0.8,3557.4404
883199,239.0,40.0,0.8,2813.634
883226,122.0,40.0,0.9,1936.5353
883275,108.0,20.0,0.1,2950.7788
883292,90.0,50.0,0.6,2960.0405
883324,212.0,20.0,0.6,4517.126
883327,107.0,50.0,0.9,2966.9727
883361,102.0,30.0,0.9,2496.6025
883392,69.0,20.0,0.4,4156.525
883447,185.0,30.0,0.9,585.87524
883457,48.0,40.0,0.7,3765.0388
883480,115.0,50.0,0.8,2893.8875
883503,187.0,20.0,0.6,3273.227
883507,68.0,20.0,0.1,5312.5337
883517,111.0,30.0,0.4,4141.7153
883545,201.0,30.0,0.6,4837.2188
883622,184.0,50.0,0.7,3777.4878
883640,124.0,20.0,0.2,3841.3335
883691,244.0,20.0,0.9,3982.1287
883696,115.0,30.0,0.4,3752.0522
883724,134.0,20.0,0.7,1908.3727
883734,194.0,40.0,0.9,4991.002
883742,-39.0,30.0,0.9,5445.4473
883752,178.0,50.0,0.7,4956.307
883759,88.0,50.0,0.4,4663.661
883799,54.0,20.0,0.1,4512.614
883806,140.0,20.0,0.9,913.6836
883808,153.0,50.0,0.9,3789.9746
883811,105.0,50.0,0.9,3421.1475
883832,173.0,40.0,0.8,802.9429
883838,-27.0,20.0,0.3,3186.9258
883892,104.0,30.0,0.1,3063.6956
883906,125.0,20.0,0.9,4704.3174
883925,167.0,30.0,0.6,4160.156
883936,219.0,40.0,0.5,6145.4683
883945,8.0,20.0,0.8,8026.544
883980,115.0,20.0,0.8,3547.3452
883991,105.0,50.0,0.4,3801.8657
883994,103.0,20.0,0.9,1417.3939
884002,60.0,40.0,0.4,8999.625
884016,87.0,50.0,0.8,7879.332
884035,172.0,40.0,0.9,3263.7373
884041,78.0,20.0,0.3,4346.1226
884045,218.0,50.0,0.9,3060.3406
884058,161.0,30.0,0.9,2096.1611
884089,164.0,30.0,0.9,4086.304
884103,243.0,40.0,0.9,2835.9084
884120,118.0,30.0,0.8,5269.6484
884129,242.0,40.0,0.6,1224.8325
884165,314.0,30.0,0.7,1535.1569
884182,149.0,50.0,0.2,4156.0464
884194,50.0,30.0,0.5,5091.321
884202,288.0,20.0,0.1,9119.779
884236,193.0,20.0,0.4,4615.295
884266,61.0,20.0,0.1,7197.8228
884271,47.0,20.0,0.8,1094.696
884285,116.0,40.0,0.9,3947.439
884287,136.0,30.0,0.5,2719.6826
884316,78.0,20.0,0.7,2190.766
884321,86.0,20.0,0.1,7776.5195
884326,95.0,30.0,0.8,2885.802
884330,188.0,30.0,0.8,2823.961
884362,128.0,20.0,0.6,9826.059
884375,106.0,20.0,0.9,3628.8652
884409,96.0,50.0,0.9,6115.1704
884428,125.0,30.0,0.1,-101.557304
884433,80.0,20.0,0.7,5108.2676
884451,273.0,50.0,0.6,2921.4243
884455,125.0,50.0,0.9,6173.374
884469,277.0,30.0,0.1,4339.288
884511,302.0,20.0,0.9,5375.192
884523,133.0,10.0,0.1,5336.386
884550,224.0,20.0,0.7,4255.906
884569,186.0,30.0,0.7,3492.1099
884600,126.0,20.0,0.7,3539.2903
884640,211.0,20.0,0.4,3434.4397
884652,193.0,40.0,0.9,4289.896
884654,67.0,30.0,0.9,4640.8755
884674,106.0,30.0,0.9,7239.2383
884684,176.0,40.0,0.8,4991.1543
884691,147.0,40.0,0.7,1864.6683
884701,226.0,20.0,0.7,1700.0549
884709,78.0,40.0,0.7,2010.9276
884711,257.0,30.0,0.6,891.8137
884721,192.0,40.0,0.9,7648.5166
884722,81.0,30.0,0.8,2181.1357
884723,146.0,50.0,0.9,6012.922
884761,20.0,20.0,0.6,2556.13
884804,109.0,60.0,0.9,7991.157
884859,224.0,50.0,0.2,4662.0474
884867,111.0,50.0,0.6,2075.2263
884890,177.0,40.0,0.9,1952.8737
884903,198.0,20.0,0.1,9366.874
884915,244.0,50.0,0.5,3079.6763
884922,214.0,30.0,0.7,3020.2263
884945,146.0,50.0,0.4,2616.955
884961,101.0,30.0,0.1,4755.3745
884962,87.0,20.0,0.5,10281.804
884975,122.0,30.0,0.4,5467.2363
885012,92.0,20.0,0.5,4112.4395
885019,50.0,20.0,0.8,4007.864
885029,225.0,40.0,0.8,5982.1855
885048,144.0,30.0,0.4,1634.1836
885054,134.0,30.0,0.7,4648.03
885092,70.0,20.0,0.7,3503.651
885157,101.0,40.0,0.5,3873.2537
885162,115.0,30.0,0.9,4445.446
885163,181.0,20.0,0.9,5903.4307
885164,129.0,50.0,0.1,4328.4453
885197,228.0,50.0,0.9,6199.366
885229,109.0,10.0,0.9,6002.672
885239,162.0,20.0,0.1,8182.198
885247,100.0,20.0,0.9,5451.283
885260,166.0,60.0,0.1,5805.484
885304,222.0,30.0,0.8,4141.4883
885312,158.0,50.0,0.9,2161.281
885325,164.0,40.0,0.6,5385.8467
885364,90.0,20.0,0.1,2912.5945
885379,162.0,20.0,0.7,4286.9214
885387,174.0,50.0,0.1,10555.934
885389,165.0,40.0,0.7,3604.38
885392,135.0,50.0,0.5,7186.1006
885427,96.0,50.0,0.7,3342.4941
885475,187.0,50.0,0.5,5585.6934
885484,138.0,40.0,0.3,5495.3125
885503,91.0,20.0,0.3,4876.7246
885568,214.0,50.0,0.9,4863.1963
885603,294.0,40.0,0.8,1162.3158
885611,159.0,50.0,0.9,4941.002
885612,107.0,50.0,0.9,6062.509
885628,175.0,30.0,0.8,3807.698
885649,118.0,20.0,0.6,664.17865
885650,76.0,30.0,0.1,4204.3335
885663,89.0,20.0,0.4,6093.205
885695,157.0,40.0,0.8,4231.3994
885719,210.0,40.0,0.8,4781.4424
885785,59.0,20.0,0.1,3242.7349
885788,52.0,60.0,0.9,5650.269
885822,135.0,40.0,0.7,4117.305
885831,121.0,20.0,0.6,2958.9365
885847,71.0,40.0,0.9,3439.0334
885850,111.0,20.0,0.6,4238.9585
885854,194.0,50.0,0.9,1648.9762
885858,102.0,50.0,0.8,1886.4393
885861,177.0,40.0,0.6,2561.806
885915,194.0,30.0,0.6,1270.6239
885954,41.0,40.0,0.9,3424.2617
885984,266.0,40.0,0.8,1250.9244
885991,153.0,20.0,0.5,7443.0063
886040,121.0,20.0,0.7,4876.0034
886046,53.0,30.0,0.8,4019.1372
886075,133.0,20.0,0.6,5093.7993
886083,78.0,80.0,0.6,6725.5195
886085,88.0,30.0,0.2,5132.5566
886095,155.0,10.0,0.6,2852.4219
886100,258.0,50.0,0.9,1903.0034
886104,137.0,40.0,0.9,3612.8438
886114,199.0,20.0,0.7,4352.0337
886132,110.0,30.0,0.5,1687.4734
886133,138.0,40.0,0.6,4133.547
886160,147.0,40.0,0.8,3755.3645
886176,212.0,50.0,0.4,4473.261
886181,95.0,30.0,0.1,4011.0225
886182,199.0,50.0,0.7,3491.6416
886204,248.0,20.0,0.2,10417.586
886208,336.0,50.0,0.3,860.9874
886220,216.0,40.0,0.9,2491.9011
886245,219.0,50.0,0.9,2199.434
886253,90.0,60.0,0.5,4985.582
886274,141.0,30.0,0.1,2639.3853
886288,166.0,40.0,0.9,1561.1102
886295,76.0,40.0,0.5,5819.4536
886313,220.0,50.0,0.9,1375.6226
886344,84.0,40.0,0.6,5461.9336
886348,103.0,30.0,0.8,3617.1519
886361,94.0,20.0,0.9,5243.721
886362,188.0,40.0,0.5,6434.1978
886373,179.0,30.0,0.8,6160.3115
886388,91.0,40.0,0.8,8329.868
886397,220.0,30.0,0.7,1794.5886
886435,128.0,40.0,0.3,6320.525
886442,172.0,50.0,0.9,2573.7275
886468,176.0,30.0,0.9,3739.5127
886470,190.0,40.0,0.1,4532.0483
886510,205.0,30.0,0.9,4079.419
886584,238.0,40.0,0.8,1019.98773
886589,162.0,40.0,0.9,9651.686
886606,114.0,30.0,0.9,4817.326
886646,195.0,40.0,0.9,1674.3004
886649,220.0,40.0,0.9,5533.9126
886659,182.0,40.0,0.9,4536.7417
886704,189.0,40.0,0.8,1768.8689
886716,127.0,50.0,0.5,8088.3784
886755,66.0,20.0,0.8,3831.436
886757,137.0,10.0,0.8,2199.9536
886793,107.0,30.0,0.9,761.41254
886794,117.0,50.0,0.9,3113.0154
886802,85.0,50.0,0.9,2224.254
886805,93.0,50.0,0.9,6141.6177
886837,181.0,30.0,0.9,1690.2323
886841,220.0,50.0,0.8,1766.2906
886859,138.0,40.0,0.8,3626.8076
886865,183.0,40.0,0.9,1153.3568
886877,207.0,50.0,0.5,888.65125
886919,272.0,50.0,0.9,1388.266
886938,83.0,20.0,0.8,7266.8643
886950,104.0,30.0,0.7,3628.6497
886961,101.0,30.0,0.7,1842.9962
886982,132.0,40.0,0.7,2097.9033
886989,139.0,30.0,0.2,1867.6686
887000,223.0,20.0,0.3,6747.695
887015,105.0,60.0,0.8,2421.795
887017,130.0,20.0,0.1,3652.2805
887057,44.0,50.0,0.8,2144.7695
887067,125.0,40.0,0.8,5760.37
887070,76.0,30.0,0.8,2913.015
887072,119.0,20.0,0.4,4993.7314
887081,337.0,50.0,0.3,1684.9585
887109,203.0,30.0,0.1,3178.8313
887110,70.0,40.0,0.5,4549.4097
887147,123.0,30.0,0.4,4138.457
887206,142.0,30.0,0.9,1392.7773
887208,42.0,20.0,0.9,9358.916
887241,208.0,30.0,0.9,1883.5496
887242,124.0,30.0,0.9,2902.538
887352,85.0,50.0,0.8,5330.304
887356,167.0,50.0,0.9,4510.229
887370,71.0,40.0,0.7,6257.713
887371,78.0,60.0,0.2,6918.9927
887407,146.0,60.0,0.6,5927.6694
887415,103.0,20.0,0.9,4103.228
887433,204.0,40.0,0.9,11751.467
887440,71.0,20.0,0.6,3306.727
887445,84.0,60.0,0.6,2434.5723
887452,201.0,40.0,0.9,3231.347
887459,89.0,10.0,0.1,6062.918
887485,141.0,20.0,0.1,5949.607
887496,234.0,40.0,0.9,4083.1345
887510,225.0,40.0,0.7,4415.316
887521,120.0,40.0,0.6,1136.2043
887547,222.0,20.0,0.9,4776.989
887548,126.0,20.0,0.9,4256.3926
887560,106.0,40.0,0.7,8678.885
887601,112.0,40.0,0.9,3093.7463
887616,112.0,20.0,0.8,5525.1406
887629,110.0,20.0,0.9,2565.236
887713,121.0,20.0,0.2,9709.263
887727,188.0,40.0,0.7,2994.1504
887757,115.0,20.0,0.6,3309.3506
887759,110.0,30.0,0.5,5173.071
887821,206.0,40.0,0.8,4838.2153
887832,193.0,40.0,0.7,3685.9644
887837,116.0,40.0,0.9,1321.8583
887838,165.0,50.0,0.6,4516.4473
887883,205.0,40.0,0.1,5340.0713
887913,208.0,50.0,0.5,680.21564
887971,185.0,40.0,0.4,601.6235
887991,60.0,50.0,0.1,5524.112
887996,40.0,60.0,0.1,2381.0457
888070,105.0,30.0,0.6,580.307
888090,228.0,20.0,0.9,1551.403
888099,97.0,30.0,0.8,8891.191
888101,141.0,40.0,0.9,4212.926
888113,171.0,40.0,0.1,1559.1893
888118,174.0,50.0,0.9,2065.8079
888127,196.0,40.0,0.9,2784.3494
888128,92.0,10.0,0.1,3947.4692
888139,181.0,40.0,0.9,3174.9
888147,272.0,30.0,0.7,2150.0142
888164,183.0,50.0,0.8,8697.655
888192,143.0,30.0,0.8,4303.6445
888201,49.0,40.0,0.1,3363.211
888228,137.0,30.0,0.9,3964.6943
888236,247.0,30.0,0.8,4323.017
888271,189.0,60.0,0.8,6461.1836
888277,169.0,40.0,0.9,3941.4656
888299,126.0,20.0,0.7,1639.1671
888314,217.0,40.0,0.3,4868.19
888325,101.0,20.0,0.2,7500.531
888335,80.0,30.0,0.8,5378.935
888371,84.0,30.0,0.1,11037.49
888422,283.0,40.0,0.9,1927.4198
888431,250.0,30.0,0.9,2833.578
888587,126.0,20.0,0.8,7371.0522
888590,92.0,30.0,0.9,5355.1245
888600,199.0,40.0,0.3,3334.8572
888651,93.0,40.0,0.7,1638.6718
888654,58.0,50.0,0.1,6678.2773
888676,131.0,50.0,0.9,3060.4932
888712,203.0,50.0,0.9,2179.6753
888731,195.0,40.0,0.9,1267.9612
888754,259.0,40.0,0.5,6704.174
888757,146.0,40.0,0.8,4213.72
888774,157.0,40.0,0.5,3583.9426
888788,185.0,40.0,0.1,6012.265
888803,86.0,20.0,0.8,2824.8193
888824,257.0,50.0,0.8,3453.1433
888850,349.0,60.0,0.9,1681.2198
888853,121.0,30.0,0.7,1309.745
888883,130.0,40.0,0.8,4665.946
888925,144.0,30.0,0.5,5291.5977
889016,161.0,30.0,0.1,3442.2039
889026,110.0,50.0,0.8,560.1918
889027,99.0,40.0,0.7,2036.716
889038,239.0,40.0,0.9,2164.5425
889043,300.0,20.0,0.6,8878.779
889044,208.0,50.0,0.9,4104.546
889052,180.0,30.0,0.8,4486.278
889054,225.0,30.0,0.6,5306.8916
889076,127.0,30.0,0.1,12163.595
889084,320.0,40.0,0.6,1456.0278
889138,171.0,30.0,0.5,1458.8019
889144,143.0,20.0,0.1,3613.4326
889166,236.0,30.0,0.9,759.4543
889175,238.0,20.0,0.2,4371.9404
889185,137.0,20.0,0.1,1537.6814
889203,190.0,50.0,0.1,10971.948
889235,111.0,30.0,0.8,2954.067
889245,237.0,20.0,0.3,3542.8547
889283,266.0,40.0,0.9,4080.21
889413,287.0,30.0,0.1,4621.1543
889427,136.0,50.0,0.7,4154.593
889466,114.0,30.0,0.6,5255.45
889502,85.0,30.0,0.9,3722.4958
889508,62.0,60.0,0.2,11339.439
889517,116.0,30.0,0.1,503.91843
889530,155.0,20.0,0.9,3405.1018
889580,108.0,20.0,0.6,12403.949
889598,122.0,40.0,0.2,2766.5735
889619,86.0,40.0,0.9,5907.803
889636,64.0,20.0,0.6,368.9891
889660,288.0,20.0,0.9,1412.2473
889675,267.0,60.0,0.9,1735.8236
889722,73.0,40.0,0.9,2947.3652
889729,197.0,20.0,0.1,309.6808
889750,135.0,20.0,0.5,5095.588
889759,196.0,50.0,0.9,4694.3125
889802,-29.0,40.0,0.4,2797.0332
889812,107.0,40.0,0.9,5660.68
889825,91.0,30.0,0.8,1284.395
889827,117.0,10.0,0.3,3184.6025
889868,167.0,50.0,0.8,2775.6533
889874,180.0,40.0,0.9,4486.6064
889880,95.0,40.0,0.8,1414.4758
889894,132.0,10.0,0.1,5244.942
889896,190.0,40.0,0.6,1534.8942
889917,94.0,30.0,0.9,5988.4756
889922,161.0,40.0,0.9,4082.4001
889925,94.0,60.0,0.4,7905.3115
889952,175.0,20.0,0.7,6049.5933
889961,113.0,30.0,0.9,3055.8198
890037,174.0,20.0,0.6,3293.4517
890049,106.0,20.0,0.1,2211.5557
890064,96.0,30.0,0.6,4805.787
890077,180.0,20.0,0.8,1830.7667
890089,220.0,30.0,0.9,723.333
890098,105.0,50.0,0.9,7289.4834
890113,160.0,50.0,0.7,7232.5195
890151,100.0,20.0,0.8,3746.2646
890152,88.0,50.0,0.8,3755.0667
890156,59.0,30.0,0.1,4337.39
890189,257.0,50.0,0.6,4261.2183
890195,65.0,20.0,0.1,3926.6067
890199,92.0,30.0,0.5,1014.6354
890203,96.0,40.0,0.8,5545.4004
890206,123.0,30.0,0.9,1345.7028
890213,215.0,40.0,0.8,5878.5435
890214,100.0,50.0,0.6,3249.5347
890219,119.0,30.0,0.8,962.0651
890242,108.0,50.0,0.8,5164.177
890296,111.0,30.0,0.7,5520.493
890300,170.0,50.0,0.6,4316.824
890305,145.0,30.0,0.6,952.528
890308,200.0,40.0,0.8,3611.4673
890326,103.0,40.0,0.9,4388.3257
890348,151.0,30.0,0.6,2452.1687
890380,125.0,20.0,0.6,4147.265
890398,134.0,40.0,0.1,4519.562
890405,128.0,20.0,0.8,2072.653
890407,84.0,20.0,0.4,4934.2607
890438,-25.0,30.0,0.9,7304.1055
890452,108.0,20.0,0.1,4920.015
890475,58.0,30.0,0.6,4375.67
890539,79.0,30.0,0.9,4285.346
890607,217.0,50.0,0.8,6945.499
890636,134.0,40.0,0.4,5196.504
890641,96.0,30.0,0.3,3059.0918
890653,125.0,20.0,0.1,4230.598
890666,250.0,50.0,0.9,4077.416
890692,167.0,60.0,0.5,2064.3748
890694,195.0,40.0,0.9,1713.5392
890719,101.0,30.0,0.9,4004.6252
890733,21.0,30.0,0.1,5160.363
890735,103.0,20.0,0.1,3638.9207
890746,15.0,40.0,0.7,3865.6204
890759,207.0,50.0,0.9,2141.959
890774,124.0,30.0,0.5,4925.519
890791,176.0,50.0,0.9,4580.894
890839,119.0,40.0,0.9,4025.4382
890850,244.0,40.0,0.9,3862.9333
890857,46.0,40.0,0.8,1513.7762
890874,139.0,20.0,0.7,5038.1514
890894,85.0,20.0,0.8,2719.5032
890906,88.0,40.0,0.7,4327.376
890926,121.0,50.0,0.5,1673.4099
890967,71.0,40.0,0.7,6528.964
891017,116.0,50.0,0.4,4212.3525
891028,73.0,50.0,0.2,1693.9111
891030,45.0,20.0,0.6,5049.168
891031,112.0,30.0,0.1,5517.7437
891051,141.0,20.0,0.2,3965.6084
891052,67.0,30.0,0.1,3457.9038
891093,108.0,50.0,0.9,1203.4299
891141,209.0,40.0,0.9,3215.6814
891159,227.0,40.0,0.1,4527.1475
891203,188.0,40.0,0.9,2807.0417
891241,219.0,30.0,0.9,3411.5188
891249,103.0,20.0,0.9,5600.4727
891256,49.0,20.0,0.1,2082.815
891261,98.0,60.0,0.9,5792.0576
891267,136.0,40.0,0.9,7126.014
891279,202.0,30.0,0.5,2625.1316
891325,200.0,20.0,0.6,4354.9116
891376,106.0,60.0,0.2,2241.544
891383,100.0,40.0,0.8,4114.272
891437,32.0,20.0,0.4,1309.1014
891459,106.0,40.0,0.9,3172.4663
891495,196.0,40.0,0.9,4983.2266
891498,76.0,20.0,0.8,1476.5231
891499,124.0,50.0,0.1,4290.5864
891548,74.0,30.0,0.5,2828.9465
891556,96.0,40.0,0.7,5449.6177
891561,117.0,10.0,0.2,3423.438
891587,103.0,20.0,0.5,3527.114
891644,89.0,30.0,0.3,3459.5261
891660,132.0,30.0,0.3,663.52185
891667,127.0,30.0,0.6,1068.1333
891668,131.0,20.0,0.9,2603.8804
891683,154.0,20.0,0.1,1288.0779
891740,188.0,20.0,0.8,786.3649
891810,97.0,40.0,0.9,4873.75
891822,57.0,30.0,0.1,3945.0823
891837,90.0,20.0,0.6,4980.926
891882,187.0,20.0,0.9,4134.118
891892,71.0,30.0,0.9,9185.528
891940,183.0,50.0,0.9,3846.9294
891944,242.0,40.0,0.9,1718.944
891956,196.0,30.0,0.8,2579.7227
891959,108.0,40.0,0.3,4135.684
892048,120.0,20.0,0.4,4004.8923
892051,78.0,20.0,0.3,9172.185
892052,140.0,20.0,0.1,9373.088
892060,107.0,40.0,0.1,4395.702
892071,77.0,20.0,0.7,1675.0837
892075,154.0,10.0,0.8,4773.606
892076,142.0,30.0,0.8,4201.603
892098,127.0,30.0,0.1,3785.2817
892106,292.0,40.0,0.4,5179.1807
892123,95.0,30.0,0.8,9526.452
892135,129.0,30.0,0.8,3577.0342
892176,80.0,20.0,0.4,609.8763
892186,98.0,20.0,0.6,3310.7349
892187,93.0,40.0,0.8,2305.2795
892202,194.0,50.0,0.9,4115.1865
892224,195.0,50.0,0.9,1660.9194
892244,253.0,20.0,0.9,3835.2117
892262,64.0,20.0,0.1,1108.4043
892268,37.0,30.0,0.2,4341.425
892272,257.0,30.0,0.1,5867.9595
892279,38.0,50.0,0.7,4469.25
892280,151.0,20.0,0.5,7700.9014
892287,169.0,50.0,0.9,4824.095
892305,101.0,30.0,0.9,3415.6519
892318,232.0,40.0,0.9,5896.7744
892328,104.0,30.0,0.8,1744.2374
892335,75.0,10.0,0.7,4337.345
892354,92.0,20.0,0.9,3827.1333
892365,233.0,30.0,0.5,5068.4844
892370,166.0,30.0,0.9,5386.3433
892387,244.0,50.0,0.3,2020.3064
892402,167.0,20.0,0.9,6520.2524
892407,138.0,30.0,0.8,1107.2109
892446,108.0,30.0,0.9,2407.51
892457,96.0,40.0,0.7,3783.699
892466,248.0,50.0,0.5,5518.339
892473,169.0,50.0,0.8,4931.43
892501,240.0,40.0,0.8,1324.6614
892518,193.0,40.0,0.9,14132.595
892520,126.0,50.0,0.9,5097.1387
892570,106.0,30.0,0.8,3623.9058
892577,177.0,20.0,0.6,3961.1526
892594,112.0,30.0,0.6,3834.0896
892600,255.0,40.0,0.5,2113.1143
892602,100.0,20.0,0.9,4688.251
892642,109.0,30.0,0.4,5418.1177
892690,52.0,30.0,0.4,2746.287
892703,94.0,30.0,0.2,5352.7266
892706,100.0,30.0,0.6,3114.4045
892738,99.0,20.0,0.6,1368.7173
892750,280.0,50.0,0.9,5402.51
892762,109.0,40.0,0.5,3313.1404
892793,193.0,30.0,0.9,5801.361
892806,100.0,10.0,0.9,4905.3013
892869,150.0,30.0,0.9,1858.839
892873,157.0,30.0,0.4,1513.335
892927,87.0,40.0,0.9,1864.1807
892932,104.0,20.0,0.3,11077.372
892975,60.0,40.0,0.8,7278.846
893029,302.0,40.0,0.8,5040.361
893047,93.0,10.0,0.6,4947.478
893059,120.0,30.0,0.8,4821.1763
893065,217.0,70.0,0.7,5138.139
893074,104.0,20.0,0.5,5989.6377
893079,123.0,30.0,0.8,1698.4016
893085,53.0,40.0,0.8,11466.857
893090,69.0,30.0,0.6,4735.352
893106,108.0,20.0,0.1,4518.6265
893123,202.0,30.0,0.6,3362.4937
893126,123.0,20.0,0.9,1267.5768
893128,146.0,30.0,0.3,3169.0378
893163,296.0,30.0,0.9,2105.7856
893170,116.0,30.0,0.2,1846.8646
893207,323.0,50.0,0.3,427.59244
893216,143.0,30.0,0.8,814.7549
893227,80.0,80.0,0.1,3563.8384
893244,212.0,40.0,0.7,4203.7896
893271,241.0,20.0,0.5,3143.778
893281,245.0,50.0,0.9,804.7221
893291,242.0,20.0,0.9,2306.4043
893354,150.0,30.0,0.9,6192.4453
893357,203.0,20.0,0.8,6000.0835
893399,87.0,20.0,0.9,3350.7861
893481,101.0,50.0,0.4,3912.4524
893518,80.0,40.0,0.7,5270.232
893534,188.0,30.0,0.4,5514.1797
893543,243.0,50.0,0.8,4448.8027
893548,124.0,40.0,0.8,4693.097
893560,25.0,40.0,0.7,5104.4463
893599,168.0,30.0,0.6,2029.0168
893616,194.0,30.0,0.7,4613.302
893635,177.0,20.0,0.9,3979.8174
893640,167.0,30.0,0.9,5358.427
893645,127.0,40.0,0.9,4387.2017
893663,172.0,40.0,0.6,3179.1013
893702,130.0,30.0,0.9,450.49402
893706,246.0,50.0,0.9,2723.8796
893746,116.0,30.0,0.9,524.87256
893770,130.0,30.0,0.7,5986.8315
893837,206.0,60.0,0.4,5869.4585
893839,113.0,30.0,0.9,1048.4564
893901,143.0,20.0,0.4,388.25137
893903,134.0,20.0,0.9,5958.7935
893914,177.0,20.0,0.6,1202.9279
893921,112.0,10.0,0.9,6131.5205
893935,96.0,30.0,0.9,4575.769
893970,189.0,40.0,0.3,2076.2634
893991,114.0,30.0,0.6,1480.5443
894001,47.0,20.0,0.1,8149.07
894033,130.0,20.0,0.4,3342.5747
894035,100.0,40.0,0.8,4286.2563
894040,157.0,30.0,0.5,3437.1406
894100,200.0,30.0,0.9,2810.025
894130,254.0,30.0,0.1,9357.317
894131,233.0,50.0,0.9,3805.78
894133,164.0,20.0,0.1,4379.234
894155,181.0,30.0,0.8,3840.1611
894156,102.0,20.0,0.8,989.154
894193,204.0,30.0,0.6,2316.7463
894206,186.0,20.0,0.4,8715.92
894212,126.0,50.0,0.7,8362.332
894242,171.0,40.0,0.9,1476.3491
894244,245.0,20.0,0.9,972.242
894289,206.0,30.0,0.1,5628.925
894327,270.0,30.0,0.8,150.28412
894419,69.0,30.0,0.6,2999.7627
894420,76.0,20.0,0.4,3295.1648
894423,237.0,30.0,0.8,5757.7583
894473,46.0,20.0,0.9,5274.8447
894527,171.0,50.0,0.9,5585.005
894563,218.0,50.0,0.5,2738.816
894576,107.0,50.0,0.7,3875.9014
894606,138.0,40.0,0.9,3882.2788
894609,102.0,20.0,0.7,3497.2915
894621,136.0,40.0,0.9,5706.7065
894643,113.0,50.0,0.9,2463.2915
894679,195.0,50.0,0.9,4653.037
894690,143.0,30.0,0.9,7615.3135
894701,122.0,20.0,0.9,11404.589
894704,55.0,30.0,0.6,4993.499
894706,101.0,50.0,0.8,4385.0605
894721,77.0,30.0,0.1,2975.2031
894730,200.0,40.0,0.9,1343.0002
894734,76.0,50.0,0.5,8489.965
894754,51.0,20.0,0.7,4651.3013
894845,84.0,20.0,0.9,2220.8206
894887,119.0,30.0,0.6,3198.7478
894903,207.0,40.0,0.7,9463.611
894906,159.0,30.0,0.9,4662.566
894916,145.0,30.0,0.9,1224.8287
894949,172.0,30.0,0.9,1576.1598
894971,107.0,20.0,0.7,4578.974
894973,112.0,30.0,0.5,4403.29
894989,201.0,40.0,0.2,1387.4851
895002,218.0,40.0,0.7,5709.0596
895022,162.0,20.0,0.9,4810.822
895031,130.0,30.0,0.8,441.66138
895047,237.0,20.0,0.8,1515.7184
895056,99.0,20.0,0.5,4900.8403
895115,189.0,20.0,0.2,4827.8545
895158,183.0,20.0,0.9,2228.0457
895165,94.0,20.0,0.9,2237.6147
895167,177.0,30.0,0.6,4742.377
895188,76.0,30.0,0.1,4247.5737
895201,149.0,40.0,0.8,3028.396
895204,127.0,20.0,0.6,2235.1106
895227,98.0,40.0,0.7,3580.278
895290,216.0,20.0,0.6,3956.5295
895294,132.0,40.0,0.4,3126.0852
895326,84.0,40.0,0.7,4088.5112
895347,82.0,50.0,0.8,3010.6045
895371,93.0,40.0,0.8,1748.7655
895430,97.0,40.0,0.8,4260.66
895458,243.0,30.0,0.1,7304.134
895461,196.0,30.0,0.5,3340.6416
895505,124.0,30.0,0.9,2063.578
895517,9.0,20.0,0.1,7172.6743
895537,119.0,30.0,0.4,7165.4287
895563,138.0,50.0,0.4,6259.751
895570,230.0,40.0,0.6,3922.163
895572,113.0,30.0,0.1,4753.8955
895576,244.0,50.0,0.8,3894.2725
895583,151.0,40.0,0.4,1372.232
895585,83.0,20.0,0.6,5790.8047
895600,86.0,10.0,0.6,2199.9165
895613,60.0,20.0,0.1,5573.144
895625,78.0,30.0,0.9,3230.0217
895659,296.0,20.0,0.9,5299.719
895726,201.0,30.0,0.8,7307.7476
895736,247.0,20.0,0.9,65.830025
895750,-13.0,50.0,0.8,1147.1699
895752,100.0,10.0,0.9,3434.149
895766,101.0,20.0,0.9,5280.4907
895769,49.0,30.0,0.9,3314.1992
895830,82.0,30.0,0.9,10449.468
895850,172.0,50.0,0.9,3361.9011
895905,237.0,50.0,0.7,1092.2812
895929,146.0,40.0,0.8,742.95074
895930,186.0,30.0,0.9,2436.9944
895984,287.0,60.0,0.7,7098.619
896011,120.0,20.0,0.7,5903.262
896028,191.0,40.0,0.8,3068.304
896038,202.0,50.0,0.7,1164.2924
896126,168.0,30.0,0.9,10364.501
896137,177.0,40.0,0.6,867.04193
896142,52.0,20.0,0.8,3533.7935
896158,136.0,50.0,0.9,3236.994
896167,65.0,30.0,0.1,2229.789
896168,112.0,50.0,0.9,3796.4565
896192,101.0,40.0,0.5,3734.6616
896225,227.0,50.0,0.9,5773.3066
896275,32.0,50.0,0.9,4071.823
896311,200.0,40.0,0.5,3785.4343
896320,140.0,40.0,0.4,6695.416
896331,164.0,30.0,0.2,3500.5076
896337,99.0,30.0,0.2,4822.6753
896408,192.0,40.0,0.1,734.4897
896421,159.0,30.0,0.4,2609.6963
896444,175.0,20.0,0.7,4191.583
896506,238.0,30.0,0.6,5113.0107
896507,19.0,10.0,0.1,2121.8755
896521,169.0,50.0,0.7,9992.81
896523,80.0,40.0,0.9,4183.2915
896535,298.0,40.0,0.9,3810.0134
896539,206.0,40.0,0.2,9854.294
896554,256.0,60.0,0.8,5336.5273
896575,109.0,60.0,0.3,5562.7
896591,107.0,20.0,0.1,5260.551
896604,91.0,30.0,0.8,7507.1924
896607,133.0,30.0,0.2,1674.8276
896609,131.0,60.0,0.9,4522.372
896618,93.0,20.0,0.6,6319.7207
896630,84.0,20.0,0.3,10232.796
896652,131.0,50.0,0.8,7124.324
896684,284.0,40.0,0.1,6778.3413
896693,116.0,30.0,0.6,3223.644
896738,49.0,20.0,0.1,5152.4673
896749,143.0,30.0,0.9,1407.5315
896795,123.0,50.0,0.8,2663.387
896796,193.0,30.0,0.2,4411.44
896811,197.0,50.0,0.9,3656.7732
896828,121.0,20.0,0.2,1499.962
896844,245.0,70.0,0.9,4862.779
896863,91.0,30.0,0.8,6582.716
896864,64.0,50.0,0.4,2995.9348
896865,80.0,40.0,0.6,4169.595
896866,133.0,20.0,0.9,3720.9192
896946,133.0,30.0,0.8,656.5986
897037,185.0,60.0,0.6,4967.9043
897043,88.0,40.0,0.6,4582.3745
897095,178.0,50.0,0.9,5302.295
897096,241.0,20.0,0.4,3619.808
897117,117.0,20.0,0.6,3152.8047
897195,218.0,40.0,0.7,2665.6602
897203,243.0,20.0,0.9,3014.1135
897287,141.0,40.0,0.8,1528.8121
897345,210.0,30.0,0.7,5653.812
897350,123.0,20.0,0.3,12448.2
897375,217.0,20.0,0.7,3532.714
897392,105.0,30.0,0.8,3317.0032
897439,146.0,50.0,0.9,3656.3882
897445,174.0,30.0,0.7,2329.5193
897486,61.0,20.0,0.9,468.51413
897569,179.0,50.0,0.5,5390.9297
897575,120.0,40.0,0.9,8903.656
897598,286.0,50.0,0.9,2133.6602
897616,283.0,50.0,0.9,746.6517
897633,156.0,30.0,0.8,3832.328
897650,111.0,40.0,0.2,1068.6174
897661,153.0,30.0,0.8,3995.4873
897677,94.0,50.0,0.4,5613.171
897702,167.0,50.0,0.5,1672.8269
897725,270.0,20.0,0.5,1482.1133
897750,112.0,40.0,0.7,4893.9277
897803,222.0,30.0,0.6,534.8697
897804,212.0,40.0,0.8,8966.612
897836,114.0,60.0,0.2,9467.097
897849,72.0,30.0,0.9,1027.9817
897879,51.0,20.0,0.5,3475.112
897900,166.0,40.0,0.3,6018.716
897903,133.0,20.0,0.5,2950.339
897914,318.0,40.0,0.9,7161.5273
897928,136.0,40.0,0.4,5843.56
897952,166.0,40.0,0.1,1587.628
897964,164.0,20.0,0.3,4586.9424
898009,257.0,50.0,0.9,12743.119
898065,187.0,50.0,0.1,5918.482
898071,141.0,10.0,0.3,4314.662
898080,170.0,50.0,0.1,4163.324
898114,260.0,40.0,0.6,4164.6826
898115,103.0,20.0,0.5,1911.4686
898127,143.0,20.0,0.9,3300.2515
898212,251.0,50.0,0.8,4110.22
898220,88.0,20.0,0.9,5340.9766
898240,67.0,20.0,0.1,1596.5591
898253,128.0,10.0,0.1,5515.372
898268,149.0,20.0,0.9,4113.561
898298,39.0,20.0,0.9,2795.657
898350,114.0,20.0,0.5,5429.3647
898352,61.0,50.0,0.6,3529.6208
898366,116.0,40.0,0.8,4687.845
898424,169.0,20.0,0.5,5927.4253
898428,173.0,30.0,0.9,653.26556
898451,188.0,20.0,0.2,3488.3088
898495,117.0,20.0,0.1,5683.65
898520,203.0,30.0,0.6,2192.3513
898526,127.0,50.0,0.5,5357.907
898561,141.0,20.0,0.9,5295.6494
898563,206.0,20.0,0.9,3816.6333
898578,219.0,20.0,0.9,1126.9255
898599,107.0,40.0,0.9,4812.531
898604,265.0,40.0,0.9,3749.0403
898611,39.0,20.0,0.1,7609.3643
898630,293.0,50.0,0.9,1119.2991
898652,120.0,20.0,0.9,4688.863
898669,118.0,40.0,0.7,164.58646
898670,127.0,30.0,0.8,2344.6865
898690,176.0,30.0,0.5,664.50604
898691,145.0,40.0,0.7,4584.2495
898702,111.0,20.0,0.8,2247.1213
898752,85.0,20.0,0.1,4834.6143
898757,91.0,20.0,0.2,1412.4998
898785,207.0,50.0,0.7,5033.8926
898794,76.0,20.0,0.7,6794.384
898835,225.0,20.0,0.9,3211.658
898869,73.0,20.0,0.1,3789.2664
898870,188.0,40.0,0.3,4555.1025
898873,271.0,40.0,0.9,5238.062
898877,211.0,40.0,0.4,788.4095
898906,59.0,20.0,0.1,5020.6753
898924,129.0,40.0,0.9,1252.6609
898925,82.0,50.0,0.8,5819.9546
898955,107.0,30.0,0.9,6489.2603
899009,173.0,30.0,0.9,3537.4453
899061,234.0,40.0,0.4,5416.4966
899118,87.0,30.0,0.4,2935.5496
899126,222.0,40.0,0.9,3112.5913
899150,205.0,20.0,0.2,697.89355
899160,158.0,30.0,0.4,6699.3296
899170,144.0,30.0,0.6,1549.4154
899220,95.0,20.0,0.7,3622.4746
899275,213.0,50.0,0.8,855.5719
899276,141.0,20.0,0.5,4446.6025
899302,105.0,50.0,0.9,2230.755
899307,85.0,20.0,0.4,9130.588
899344,103.0,50.0,0.1,1408.6198
899346,197.0,40.0,0.8,4495.4897
899372,199.0,20.0,0.8,4346.524
899389,173.0,30.0,0.4,4599.408
899390,112.0,40.0,0.9,3960.2568
899425,106.0,20.0,0.4,6349.6055
899462,54.0,20.0,0.5,6440.086
899486,230.0,20.0,0.9,3593.216
899497,221.0,40.0,0.9,2856.5417
899503,66.0,30.0,0.1,4732.8633
899518,103.0,20.0,0.7,3661.574
899539,82.0,50.0,0.8,2586.683
899558,108.0,40.0,0.4,2307.0718
899578,113.0,30.0,0.1,4763.015
899579,103.0,50.0,0.8,2185.3035
899589,121.0,40.0,0.4,2752.3215
899605,181.0,40.0,0.8,2303.5408
899627,170.0,40.0,0.9,4504.6387
899640,107.0,20.0,0.2,3357.1233
899647,171.0,40.0,0.3,3234.9187
899703,182.0,30.0,0.9,3350.667
899704,141.0,40.0,0.6,5373.445
899716,90.0,40.0,0.8,5248.7275
899731,170.0,20.0,0.1,2593.4043
899749,39.0,40.0,0.5,6282.08
899768,66.0,10.0,0.6,2616.7166
899779,122.0,70.0,0.8,5608.261
899787,171.0,50.0,0.9,5608.4517
899857,56.0,50.0,0.3,1096.8109
899962,171.0,30.0,0.9,6412.947
899965,126.0,30.0,0.7,8996.879
899969,274.0,40.0,0.9,1948.2559
899970,157.0,30.0,0.9,3721.1504
899971,102.0,30.0,0.1,2152.3252
899979,115.0,20.0,0.2,4204.274
899984,127.0,30.0,0.8,1880.3887
900004,233.0,60.0,0.9,2314.569
900008,172.0,40.0,0.3,3888.9905
900016,265.0,40.0,0.9,2254.5168
900037,112.0,50.0,0.9,2800.8804
900109,194.0,30.0,0.8,9789.154
900121,154.0,40.0,0.9,4481.4497
900147,115.0,20.0,0.7,3218.5933
900169,107.0,50.0,0.4,9289.419
900187,207.0,50.0,0.9,4642.055
900215,239.0,40.0,0.9,4632.8706
900254,210.0,40.0,0.9,1852.82
900302,101.0,50.0,0.1,2704.8022
900324,89.0,60.0,0.9,3207.3628
900326,130.0,20.0,0.6,3219.5537
900348,121.0,40.0,0.8,4439.749
900351,240.0,20.0,0.8,4879.5806
900363,33.0,40.0,0.7,4128.7686
900419,178.0,20.0,0.6,6838.2695
900456,213.0,40.0,0.9,1811.7119
900506,83.0,30.0,0.9,4460.6357
900522,109.0,50.0,0.8,659.40814
900538,112.0,40.0,0.4,2997.714
900542,23.0,20.0,0.1,1912.4878
900552,162.0,30.0,0.2,1923.9463
900558,204.0,40.0,0.9,989.8066
900587,204.0,30.0,0.8,4529.2607
900613,214.0,40.0,0.9,2376.5635
900699,180.0,50.0,0.9,3376.6445
900710,143.0,50.0,0.7,1196.4899
900753,116.0,10.0,0.7,3868.602
900758,125.0,40.0,0.4,3962.0107
900771,209.0,50.0,0.6,3231.221
900785,46.0,20.0,0.4,3772.8938
900808,227.0,50.0,0.9,841.0726
900819,122.0,20.0,0.3,716.89667
900826,153.0,40.0,0.4,3399.119
900827,191.0,20.0,0.8,5441.0083
900871,145.0,50.0,0.6,4727.3823
900903,62.0,30.0,0.4,3921.058
900914,143.0,30.0,0.9,2993.2495
900923,201.0,30.0,0.5,2268.0222
900970,127.0,30.0,0.9,2514.0508
900995,132.0,40.0,0.5,459.05447
900996,117.0,30.0,0.7,3695.8164
901020,120.0,40.0,0.5,4433.7734
901038,132.0,40.0,0.2,3761.5007
901137,34.0,30.0,0.3,3230.119
901157,102.0,20.0,0.1,8823.364
901162,235.0,40.0,0.9,7428.062
901171,163.0,40.0,0.9,3662.7034
901213,109.0,30.0,0.2,9056.447
901225,61.0,40.0,0.9,8969.971
901230,97.0,40.0,0.9,4910.971
901242,114.0,30.0,0.9,1203.6349
901278,107.0,20.0,0.1,5270.607
901279,164.0,40.0,0.8,4469.8926
901295,176.0,30.0,0.9,832.4625
901311,158.0,30.0,0.9,1404.4349
901342,130.0,50.0,0.2,2888.5361
901364,131.0,30.0,0.9,2902.4207
901381,189.0,60.0,0.9,4579.4385
901436,160.0,30.0,0.9,2191.2488
901485,127.0,20.0,0.8,2179.8508
901522,186.0,30.0,0.1,4039.4795
901556,196.0,50.0,0.9,4006.7766
901624,143.0,30.0,0.1,3596.2004
901633,166.0,30.0,0.9,4664.781
901639,227.0,30.0,0.5,4220.5254
901692,97.0,40.0,0.6,3108.9868
901698,111.0,40.0,0.1,3850.4773
901704,178.0,20.0,0.4,3943.1345
901745,286.0,50.0,0.6,15273.72
901753,202.0,40.0,0.9,4670.0024
901795,108.0,20.0,0.8,4550.643
901801,188.0,30.0,0.8,5643.567
901858,274.0,30.0,0.4,4638.89
901884,240.0,50.0,0.8,5523.5464
901893,98.0,20.0,0.4,8712.471
901912,148.0,40.0,0.9,3589.8682
901922,174.0,30.0,0.8,760.4508
901989,104.0,40.0,0.8,4059.0095
901994,145.0,20.0,0.4,1266.3297
901999,292.0,50.0,0.9,5618.2163
902050,146.0,50.0,0.7,4507.182
902057,126.0,50.0,0.9,6954.6836
902066,62.0,30.0,0.9,4281.255
902068,158.0,30.0,0.1,4385.6255
902070,132.0,30.0,0.9,2932.7551
902073,78.0,60.0,0.6,2125.7388
902087,82.0,20.0,0.4,3366.1355
902114,66.0,40.0,0.5,2681.0818
902123,113.0,30.0,0.3,982.30396
902134,132.0,20.0,0.7,5480.2686
902197,148.0,20.0,0.6,4350.5957
902221,208.0,40.0,0.8,4465.1616
902254,262.0,50.0,0.6,3860.1626
902255,106.0,20.0,0.4,2447.435
902267,105.0,20.0,0.7,10296.254
902286,114.0,10.0,0.9,4072.753
902302,37.0,30.0,0.9,7720.2793
902305,161.0,20.0,0.5,5440.493
902350,156.0,50.0,0.8,10272.481
902431,96.0,20.0,0.8,3126.436
902466,128.0,20.0,0.9,2589.4846
902475,223.0,50.0,0.9,5577.6436
902526,104.0,60.0,0.9,5908.149
902530,100.0,30.0,0.8,4784.879
902545,201.0,30.0,0.7,1576.5475
902547,80.0,40.0,0.5,4856.354
902640,91.0,20.0,0.9,5314.6816
902671,102.0,20.0,0.2,8461.004
902683,62.0,40.0,0.9,3874.4783
902689,120.0,40.0,0.7,4019.5554
902693,134.0,30.0,0.1,4769.603
902740,54.0,40.0,0.6,4481.0874
902794,152.0,30.0,0.9,3676.4275
902806,206.0,20.0,0.1,5808.5835
902807,196.0,30.0,0.9,1406.2756
902809,200.0,50.0,0.8,7199.9717
902838,264.0,20.0,0.9,3195.4768
902847,160.0,50.0,0.8,2748.8372
902856,114.0,30.0,0.4,1457.071
902909,100.0,40.0,0.9,5149.4824
902928,177.0,40.0,0.7,3574.5837
902933,219.0,40.0,0.4,1854.4102
902974,207.0,40.0,0.3,3870.2295
903005,267.0,20.0,0.6,3932.43
903008,178.0,20.0,0.8,4121.478
903043,122.0,50.0,0.9,5449.3003
903085,129.0,50.0,0.4,8521.724
903094,174.0,20.0,0.2,4069.2903
903121,177.0,40.0,0.9,3775.683
903122,121.0,20.0,0.5,1290.4702
903126,127.0,30.0,0.4,6053.057
903129,131.0,30.0,0.7,4852.549
903139,97.0,60.0,0.7,5485.935
903157,169.0,40.0,0.9,3255.9082
903163,113.0,30.0,0.6,3805.6108
903168,51.0,50.0,0.9,3699.6006
903195,107.0,20.0,0.8,2723.0547
903200,146.0,40.0,0.4,1776.2218
903265,87.0,30.0,0.8,1760.4985
903300,75.0,30.0,0.6,2030.8511
903313,213.0,30.0,0.7,11205.5625
903323,51.0,20.0,0.4,2768.7048
903331,93.0,40.0,0.9,3798.2322
903361,274.0,50.0,0.9,6626.5513
903378,48.0,20.0,0.6,3950.476
903383,229.0,40.0,0.9,1654.147
903446,84.0,20.0,0.2,1344.852
903447,93.0,20.0,0.1,7995.8315
903467,194.0,20.0,0.9,3448.0076
903482,90.0,10.0,0.5,3800.8672
903488,214.0,50.0,0.8,4678.358
903492,113.0,20.0,0.5,2983.678
903509,232.0,40.0,0.9,4307.7188
903571,104.0,10.0,0.1,4987.224
903575,91.0,10.0,0.3,3514.1643
903637,122.0,30.0,0.3,1289.6398
903674,127.0,30.0,0.9,2886.3308
903699,101.0,30.0,0.9,3550.4314
903700,211.0,40.0,0.5,2056.524
903722,293.0,30.0,0.6,4459.252
903732,114.0,30.0,0.2,3616.8796
903738,127.0,30.0,0.7,2394.2434
903785,245.0,30.0,0.8,5303.514
903831,50.0,40.0,0.6,8318.212
903843,114.0,50.0,0.8,4177.3423
903847,293.0,40.0,0.9,6343.0176
903855,87.0,30.0,0.6,4675.9062
903871,77.0,40.0,0.6,4102.302
903884,87.0,30.0,0.7,7624.956
903896,276.0,40.0,0.9,1148.9819
903920,92.0,30.0,0.6,3413.2136
903986,104.0,30.0,0.7,4476.9277
904008,93.0,60.0,0.9,2586.416
904022,178.0,40.0,0.1,5394.507
904039,253.0,50.0,0.6,5319.1816
904042,226.0,20.0,0.9,637.3981
904052,206.0,30.0,0.7,3243.502
904067,293.0,60.0,0.9,4448.111
904104,250.0,40.0,0.3,827.2707
904128,272.0,50.0,0.9,6681.234
904136,132.0,30.0,0.9,1356.3501
904207,210.0,20.0,0.7,2886.892
904213,270.0,60.0,0.1,1336.6998
904233,304.0,40.0,0.1,4922.085
904235,194.0,30.0,0.4,4468.8813
904239,89.0,40.0,0.9,3504.0496
904269,106.0,20.0,0.2,4415.5933
904284,93.0,20.0,0.9,3319.705
904315,194.0,20.0,0.7,4841.1885
904318,250.0,30.0,0.2,532.9757
904331,224.0,30.0,0.1,1150.0875
904367,158.0,40.0,0.7,2919.6003
904390,276.0,30.0,0.9,1879.934
904400,199.0,40.0,0.3,3762.7495
904434,112.0,30.0,0.8,4125.33
904456,147.0,30.0,0.8,2676.943
904458,123.0,30.0,0.7,4832.877
904462,61.0,40.0,0.9,3638.6553
904464,127.0,30.0,0.7,2995.758
904469,117.0,40.0,0.2,13272.166
904481,262.0,40.0,0.9,5852.557
904525,298.0,50.0,0.6,690.7022
904585,96.0,20.0,0.1,4862.6597
904607,207.0,40.0,0.8,4982.606
904628,215.0,30.0,0.9,901.2609
904635,163.0,30.0,0.8,3023.8794
904640,118.0,30.0,0.7,4377.74
904682,135.0,60.0,0.1,3023.7297
904685,201.0,30.0,0.5,3889.0078
904729,109.0,20.0,0.8,13346.828
904734,89.0,40.0,0.8,3518.757
904752,80.0,30.0,0.4,8421.869
904763,81.0,20.0,0.9,3865.1487
904783,107.0,30.0,0.9,5933.62
904788,176.0,30.0,0.3,3547.8496
904812,106.0,40.0,0.2,3245.1958
904816,104.0,40.0,0.9,3065.0522
904846,90.0,40.0,0.1,2609.5593
904847,189.0,40.0,0.9,2766.2793
904848,276.0,50.0,0.9,2157.8174
904879,96.0,20.0,0.5,1251.9724
904881,175.0,40.0,0.3,2514.8394
904891,183.0,30.0,0.6,2637.9263
904906,88.0,30.0,0.7,4015.3975
904948,92.0,40.0,0.9,5707.694
904979,98.0,20.0,0.1,8582.36
904987,165.0,40.0,0.9,1175.7906
904988,42.0,40.0,0.9,3681.8901
904990,77.0,30.0,0.6,1812.8992
905121,140.0,40.0,0.7,3156.8884
905123,173.0,20.0,0.4,2113.0383
905140,63.0,30.0,0.6,4275.9297
905145,87.0,30.0,0.2,4808.4497
905160,86.0,20.0,0.7,5644.2754
905182,178.0,60.0,0.2,2922.8433
905188,112.0,60.0,0.6,3159.3245
905209,101.0,40.0,0.6,1620.1606
905236,125.0,20.0,0.5,4271.2227
905355,72.0,10.0,0.9,2182.791
905392,195.0,30.0,0.9,3178.9602
905394,163.0,10.0,0.6,2426.7188
905401,144.0,40.0,0.1,1508.1962
905420,123.0,30.0,0.9,1772.1807
905424,174.0,40.0,0.9,1867.0627
905468,218.0,30.0,0.1,2197.3625
905486,216.0,40.0,0.8,3129.1912
905488,161.0,30.0,0.9,2864.3447
905516,41.0,30.0,0.2,5460.723
905547,196.0,30.0,0.9,641.2002
905620,253.0,40.0,0.9,3357.053
905624,135.0,40.0,0.3,1225.7848
905653,66.0,10.0,0.5,2401.7336
905718,159.0,20.0,0.6,432.03714
905734,165.0,20.0,0.5,13281.128
905795,96.0,50.0,0.1,8186.56
905797,56.0,50.0,0.6,2426.4336
905809,178.0,20.0,0.7,3922.702
905812,145.0,30.0,0.9,2473.5276
905819,95.0,20.0,0.7,3980.0447
905832,158.0,30.0,0.9,7624.9854
905881,118.0,40.0,0.7,3285.137
905884,121.0,20.0,0.3,5577.7173
905886,209.0,40.0,0.9,3948.023
905895,93.0,40.0,0.8,4934.0254
905897,155.0,40.0,0.6,6156.978
905899,160.0,20.0,0.6,2814.4263
905966,151.0,20.0,0.5,4836.4907
906036,123.0,40.0,0.8,6665.607
906058,101.0,40.0,0.9,4806.6914
906092,80.0,30.0,0.9,2996.4119
906149,187.0,30.0,0.6,5163.7344
906168,184.0,40.0,0.1,2167.6377
906178,241.0,50.0,0.1,5223.4414
906191,138.0,40.0,0.4,1627.1243
906196,95.0,30.0,0.9,7433.5483
906224,125.0,40.0,0.9,3819.3613
906244,122.0,30.0,0.6,3992.9883
906257,125.0,30.0,0.8,3005.5105
906264,74.0,20.0,0.7,1486.6138
906299,18.0,30.0,0.1,3679.4165
906319,167.0,40.0,0.9,1234.9763
906369,196.0,20.0,0.1,902.799
906446,236.0,20.0,0.3,3327.0154
906454,137.0,40.0,0.1,3901.6323
906481,145.0,50.0,0.9,2532.8828
906491,-20.0,20.0,0.4,5322.3696
906510,72.0,20.0,0.1,5468.2114
906522,254.0,30.0,0.9,4936.3716
906526,246.0,30.0,0.6,836.5582
906532,81.0,40.0,0.9,5674.952
906587,267.0,30.0,0.9,2952.4832
906606,75.0,50.0,0.7,4825.8525
906631,159.0,20.0,0.8,3095.7324
906646,100.0,30.0,0.6,3134.4348
906647,100.0,20.0,0.6,7720.6826
906693,149.0,30.0,0.9,4202.744
906719,97.0,50.0,0.9,4493.5557
906733,189.0,20.0,0.8,5195.1035
906747,172.0,20.0,0.3,3193.7937
906751,125.0,30.0,0.9,3191.7046
906776,173.0,20.0,0.2,5349.9424
906786,67.0,20.0,0.6,7033.888
906840,133.0,50.0,0.1,4287.562
906845,87.0,50.0,0.5,4354.7817
906885,149.0,40.0,0.9,613.77106
906909,64.0,30.0,0.8,3011.2256
906930,112.0,20.0,0.5,11809.562
906934,73.0,20.0,0.8,2756.1116
906991,186.0,50.0,0.9,6253.1914
906994,65.0,20.0,0.1,5639.5835
907016,94.0,30.0,0.9,4213.938
907027,128.0,30.0,0.8,3078.867
907064,182.0,40.0,0.9,3126.8953
907087,138.0,30.0,0.8,4687.2397
907116,106.0,20.0,0.3,5256.0337
907124,117.0,50.0,0.9,6474.3794
907126,273.0,30.0,0.3,3509.0815
907141,97.0,40.0,0.6,1411.2524
907152,203.0,50.0,0.5,1588.1053
907174,130.0,40.0,0.9,4674.531
907193,102.0,30.0,0.7,3641.199
907211,178.0,50.0,0.9,3021.6697
907230,112.0,30.0,0.7,1057.6354
907239,241.0,40.0,0.9,1887.6511
907270,110.0,30.0,0.8,3659.335
907274,108.0,20.0,0.9,1497.2283
907309,110.0,40.0,0.2,2347.5942
907323,121.0,60.0,0.2,4979.631
907360,145.0,30.0,0.3,2600.0833
907362,124.0,40.0,0.4,4201.4053
907375,106.0,30.0,0.9,1174.3868
907401,239.0,30.0,0.1,1113.5275
907468,153.0,50.0,0.9,2044.719
907476,185.0,30.0,0.9,344.80545
907510,61.0,20.0,0.7,5134.358
907587,122.0,50.0,0.6,4090.5044
907589,196.0,30.0,0.9,3605.3472
907639,227.0,40.0,0.9,4327.95
907643,133.0,30.0,0.1,3268.9358
907651,89.0,30.0,0.4,4656.655
907666,211.0,40.0,0.5,2375.3467
907691,36.0,40.0,0.2,5883.7085
907694,92.0,30.0,0.9,887.37854
907707,96.0,20.0,0.1,2948.1572
907717,201.0,40.0,0.9,2236.7397
907733,120.0,30.0,0.6,3572.0828
907745,212.0,40.0,0.3,3035.8872
907764,84.0,40.0,0.9,4438.482
907767,162.0,20.0,0.7,1640.9282
907768,247.0,30.0,0.7,3311.2292
907792,178.0,50.0,0.6,2562.671
907795,122.0,40.0,0.4,3665.8318
907808,223.0,40.0,0.3,2062.7068
907817,137.0,50.0,0.6,4667.7007
907825,140.0,50.0,0.9,5307.5156
907889,280.0,40.0,0.7,4402.1123
907918,275.0,40.0,0.9,3186.1414
907937,96.0,20.0,0.6,2637.798
907976,114.0,40.0,0.9,3663.1316
908005,77.0,30.0,0.6,980.22095
908057,89.0,40.0,0.9,3553.1528
908107,126.0,20.0,0.9,4299.1753
908123,141.0,40.0,0.1,4561.2085
908127,194.0,20.0,0.9,3993.5625
908136,125.0,50.0,0.5,4090.3516
908151,156.0,40.0,0.9,2514.6667
908174,127.0,40.0,0.8,3684.966
908178,116.0,50.0,0.9,3761.526
908181,97.0,30.0,0.3,2625.544
908213,163.0,20.0,0.1,3551.2114
908226,284.0,40.0,0.9,2044.8171
908258,146.0,30.0,0.5,2672.065
908271,102.0,30.0,0.8,4867.533
908276,123.0,30.0,0.9,3640.2642
908314,111.0,20.0,0.2,4506.242
908347,165.0,40.0,0.7,5658.2905
908356,247.0,70.0,0.8,1604.2175
908365,129.0,10.0,0.9,2249.8887
908366,80.0,40.0,0.9,5437.852
908372,134.0,40.0,0.9,2125.1409
908388,65.0,20.0,0.5,4242.8506
908403,144.0,20.0,0.1,3890.7205
908427,121.0,30.0,0.6,2803.352
908435,47.0,30.0,0.4,2731.4539
908436,117.0,50.0,0.9,1735.6564
908454,70.0,60.0,0.9,2830.8237
908457,167.0,50.0,0.4,1930.7156
908461,91.0,30.0,0.6,2198.9155
908483,89.0,30.0,0.4,4966.1855
908519,250.0,50.0,0.9,1887.45
908520,121.0,20.0,0.9,2656.2212
908538,129.0,20.0,0.8,3917.9807
908568,187.0,50.0,0.7,503.63223
908578,176.0,20.0,0.9,3638.084
908600,90.0,20.0,0.5,4689.527
908604,80.0,40.0,0.8,1569.8959
908625,320.0,30.0,0.4,1020.0057
908643,69.0,40.0,0.5,3360.091
908655,227.0,40.0,0.9,4528.8604
908658,178.0,40.0,0.8,4327.3716
908681,228.0,30.0,0.3,3522.9456
908685,196.0,30.0,0.4,2727.4873
908724,248.0,30.0,0.9,1967.0692
908799,106.0,50.0,0.6,1351.6747
908836,144.0,50.0,0.9,3380.476
908841,141.0,40.0,0.9,1006.0789
908845,213.0,30.0,0.9,1097.5675
908865,86.0,30.0,0.6,2384.171
908877,29.0,30.0,0.7,4867.1787
908883,147.0,50.0,0.9,2711.4102
908885,89.0,10.0,0.8,3155.0364
908895,57.0,30.0,0.8,4202.9517
908961,114.0,30.0,0.3,3414.6267
908972,65.0,40.0,0.9,877.3654
908979,127.0,20.0,0.7,5116.5938
909012,51.0,30.0,0.2,3956.5818
909041,299.0,40.0,0.7,5724.395
909070,216.0,30.0,0.9,6726.0894
909103,145.0,30.0,0.8,3325.6016
909111,170.0,30.0,0.4,708.3958
909138,183.0,30.0,0.1,3960.2046
909145,175.0,40.0,0.9,2119.3342
909146,206.0,40.0,0.8,4191.8745
909185,109.0,10.0,0.1,3679.5884
909208,126.0,30.0,0.8,5465.784
909213,126.0,30.0,0.9,4598.1807
909220,178.0,50.0,0.9,2551.234
909231,126.0,20.0,0.8,2687.8704
909234,185.0,50.0,0.8,2811.1174
909241,-40.0,30.0,0.4,3795.415
909270,99.0,40.0,0.8,2776.104
909281,158.0,50.0,0.9,3748.1047
909288,121.0,30.0,0.9,4106.0337
909309,319.0,40.0,0.8,5737.802
909346,88.0,40.0,0.9,4675.8125
909370,112.0,30.0,0.3,3870.363
909373,85.0,30.0,0.5,2153.214
909461,88.0,20.0,0.7,6141.57
909503,243.0,10.0,0.9,923.4684
909526,85.0,30.0,0.1,8375.085
909550,-3.0,30.0,0.5,572.2029
909553,211.0,30.0,0.6,2170.844
909580,99.0,20.0,0.6,3049.4941
909582,142.0,40.0,0.4,6021.3745
909586,57.0,30.0,0.7,2538.0579
909615,120.0,50.0,0.5,1385.0574
909617,124.0,40.0,0.9,4288.0435
909621,82.0,50.0,0.7,12249.071
909630,120.0,30.0,0.7,2161.989
909647,100.0,30.0,0.8,1080.7251
909657,114.0,30.0,0.3,3296.0083
909694,127.0,20.0,0.1,5208.7505
909702,80.0,20.0,0.6,3899.5466
909718,222.0,30.0,0.8,3870.7522
909746,144.0,20.0,0.4,7853.3037
909752,35.0,30.0,0.6,3161.845
909796,138.0,10.0,0.9,2717.5818
909817,134.0,20.0,0.5,14453.8955
909824,106.0,20.0,0.1,2912.0085
909899,151.0,30.0,0.8,4190.293
909905,90.0,60.0,0.7,3526.7253
909913,121.0,30.0,0.9,4723.753
909920,134.0,20.0,0.1,735.2137
909945,277.0,50.0,0.3,1059.0828
909969,67.0,20.0,0.1,5620.4155
909988,250.0,40.0,0.9,1891.8295
910072,185.0,30.0,0.6,3150.1719
910075,103.0,40.0,0.9,3409.8132
910157,115.0,20.0,0.8,3179.2817
910192,113.0,20.0,0.9,683.305
910205,117.0,40.0,0.3,3197.623
910220,95.0,20.0,0.6,2618.8328
910253,106.0,40.0,0.8,1451.2231
910324,98.0,20.0,0.7,2474.1973
910332,152.0,50.0,0.8,4355.412
910345,200.0,40.0,0.2,4476.6494
910381,-25.0,20.0,0.6,3879.313
910406,279.0,40.0,0.7,5098.4434
910480,90.0,20.0,0.2,3283.0735
910501,30.0,30.0,0.9,3781.593
910503,119.0,30.0,0.1,702.871
910540,187.0,40.0,0.9,4314.8145
910565,173.0,30.0,0.9,3409.6858
910575,158.0,40.0,0.7,2721.6921
910578,66.0,20.0,0.9,3292.8022
910642,66.0,30.0,0.2,1978.5027
910643,163.0,30.0,0.9,2962.47
910682,139.0,20.0,0.6,5757.4565
910705,224.0,20.0,0.3,3337.784
910708,254.0,20.0,0.1,5195.8013
910789,110.0,50.0,0.8,868.6832
910796,164.0,20.0,0.9,2812.6677
910840,72.0,20.0,0.7,4465.9824
910841,211.0,30.0,0.8,3820.4949
910845,242.0,20.0,0.3,2719.7017
910854,256.0,30.0,0.9,5139.918
910876,186.0,10.0,0.2,3234.4976
910885,112.0,50.0,0.9,1496.7644
910888,127.0,20.0,0.8,2737.068
910890,188.0,40.0,0.2,4087.7703
910901,113.0,40.0,0.9,5642.205
910912,131.0,10.0,0.1,5543.7646
910949,186.0,30.0,0.7,6616.7344
910956,71.0,30.0,0.5,3027.7998
911033,93.0,30.0,0.4,5138.0117
911058,87.0,40.0,0.8,3915.882
911066,210.0,50.0,0.7,857.67334
911086,281.0,50.0,0.8,4215.722
911089,124.0,40.0,0.1,4138.0674
911122,160.0,30.0,0.7,5633.455
911150,103.0,10.0,0.9,2900.616
911167,194.0,20.0,0.7,2504.81
911180,289.0,30.0,0.8,1868.4253
911194,100.0,30.0,0.4,4123.978
911204,94.0,30.0,0.8,4521.408
911276,124.0,40.0,0.6,4110.8013
911277,108.0,20.0,0.9,4512.067
911301,123.0,30.0,0.9,873.9691
911305,74.0,30.0,0.1,2484.8447
911307,99.0,40.0,0.8,2837.6018
911310,104.0,30.0,0.9,4558.226
911317,177.0,50.0,0.7,4657.8374
911332,173.0,40.0,0.8,4247.608
911344,103.0,30.0,0.9,419.39395
911373,242.0,30.0,0.9,4390.027
911377,122.0,30.0,0.4,3710.8882
911382,92.0,40.0,0.8,3348.7473
911390,118.0,40.0,0.4,872.9379
911465,107.0,30.0,0.5,4976.5225
911487,273.0,20.0,0.1,711.01715
911521,119.0,40.0,0.9,4178.8486
911549,105.0,30.0,0.8,1781.5032
911550,57.0,20.0,0.1,1782.8733
911650,66.0,20.0,0.9,1589.0228
911720,94.0,30.0,0.8,3355.6409
911734,128.0,30.0,0.9,4319.4883
911746,115.0,40.0,0.7,6641.6455
911754,123.0,20.0,0.3,2278.448
911769,181.0,30.0,0.3,5840.2866
911777,175.0,40.0,0.1,3929.2532
911783,106.0,30.0,0.3,681.40015
911788,125.0,20.0,0.9,3379.584
911813,192.0,20.0,0.3,3136.9312
911816,108.0,50.0,0.9,4045.7053
911825,118.0,30.0,0.6,3490.4707
911840,139.0,50.0,0.9,3007.5837
911855,165.0,20.0,0.5,4289.399
911960,112.0,30.0,0.2,503.17892
911966,229.0,30.0,0.8,2075.3638
911975,129.0,40.0,0.9,1019.66956
911998,220.0,20.0,0.9,2453.409
911999,66.0,40.0,0.5,2333.9768
912006,167.0,30.0,0.7,6919.221
912013,101.0,20.0,0.1,4615.6333
912031,110.0,40.0,0.9,3314.3657
912097,125.0,40.0,0.9,2981.5098
912110,104.0,40.0,0.8,3590.96
912116,185.0,50.0,0.6,2827.3044
912146,200.0,40.0,0.9,4088.9014
912186,195.0,30.0,0.9,5198.6016
912217,222.0,40.0,0.9,3093.3376
912230,104.0,40.0,0.8,3129.1804
912231,77.0,20.0,0.8,2152.2654
912253,81.0,30.0,0.9,1647.2098
912268,93.0,40.0,0.7,2426.3916
912290,116.0,40.0,0.9,4002.6865
912314,178.0,30.0,0.9,2651.3857
912323,188.0,70.0,0.9,4617.2373
912375,208.0,40.0,0.6,2817.201
912379,112.0,30.0,0.8,5331.9414
912381,247.0,30.0,0.1,4233.895
912414,232.0,40.0,0.9,3296.909
912427,88.0,30.0,0.9,1988.8982
912433,187.0,20.0,0.8,3340.0234
912457,196.0,40.0,0.9,877.00146
912459,69.0,30.0,0.9,3253.2188
912472,238.0,30.0,0.9,3691.8042
912478,338.0,50.0,0.6,2404.0283
912483,94.0,30.0,0.9,3337.1646
912494,65.0,40.0,0.1,1303.637
912495,150.0,30.0,0.8,2045.6548
912549,147.0,30.0,0.7,3935.4878
912553,139.0,20.0,0.9,4379.6934
912554,98.0,50.0,0.7,396.58252
912579,178.0,20.0,0.3,12211.34
912609,60.0,30.0,0.1,4118.357
912627,267.0,40.0,0.8,5026.58
912636,90.0,20.0,0.9,6372.0693
912644,115.0,40.0,0.4,4171.139
912649,78.0,20.0,0.6,3968.3623
912657,116.0,20.0,0.7,4518.896
912679,106.0,20.0,0.6,2291.0308
912680,191.0,30.0,0.6,4626.006
912683,184.0,40.0,0.9,2302.219
912692,210.0,30.0,0.6,3936.088
912705,213.0,30.0,0.9,3709.4087
912710,244.0,30.0,0.2,3505.185
912721,91.0,40.0,0.3,4369.449
912746,96.0,40.0,0.1,7154.5923
912750,108.0,30.0,0.6,4249.0483
912753,193.0,30.0,0.9,4145.1855
912757,158.0,30.0,0.4,15425.157
912761,86.0,50.0,0.1,571.8229
912805,119.0,40.0,0.1,1573.0112
912813,277.0,50.0,0.6,1131.9194
912822,119.0,50.0,0.4,4619.691
912826,107.0,40.0,0.7,3384.951
912829,133.0,30.0,0.9,3428.596
912859,222.0,40.0,0.8,1399.3125
912898,165.0,20.0,0.3,3374.5518
912899,349.0,30.0,0.9,1666.3645
912918,84.0,40.0,0.1,5280.232
912927,151.0,50.0,0.4,6590.6206
912934,104.0,20.0,0.9,3439.0686
912992,143.0,30.0,0.8,7966.465
912997,101.0,20.0,0.1,4533.2075
912998,140.0,20.0,0.8,4402.7466
913043,126.0,20.0,0.7,1117.1647
913092,162.0,30.0,0.8,4043.798
913108,191.0,30.0,0.9,3054.4543
913126,227.0,40.0,0.9,758.1515
913138,202.0,40.0,0.1,2128.475
913164,81.0,20.0,0.6,2241.4607
913270,74.0,30.0,0.4,5026.8496
913271,112.0,50.0,0.3,2334.4465
913297,141.0,30.0,0.6,6411.199
913315,102.0,30.0,0.8,2726.2747
913337,196.0,20.0,0.4,1347.0281
913339,152.0,30.0,0.6,2274.7834
913348,205.0,60.0,0.9,6498.537
913350,134.0,20.0,0.9,3943.322
913369,108.0,30.0,0.4,885.4872
913391,182.0,60.0,0.3,3937.991
913392,133.0,40.0,0.2,4849.9697
913394,109.0,20.0,0.1,1214.5226
913430,73.0,30.0,0.9,2041.4891
913435,114.0,50.0,0.8,3721.2058
913453,200.0,50.0,0.9,2978.1282
913460,79.0,20.0,0.5,3653.908
913464,104.0,20.0,0.9,3431.9426
913506,119.0,30.0,0.8,1497.4384
913568,264.0,30.0,0.7,2622.1482
913580,194.0,40.0,0.5,4342.8647
913582,159.0,20.0,0.9,1634.6345
913602,217.0,50.0,0.9,4771.203
913618,98.0,40.0,0.1,3316.1392
913623,155.0,30.0,0.6,14563.428
913649,128.0,20.0,0.6,6045.559
913668,17.0,20.0,0.1,2256.9358
913672,46.0,20.0,0.4,7432.533
913677,239.0,30.0,0.9,1974.5907
913716,175.0,40.0,0.9,3864.6401
913747,119.0,50.0,0.9,2592.5676
913748,122.0,50.0,0.4,2122.5427
913753,113.0,40.0,0.9,2718.423
913755,211.0,60.0,0.1,1329.6512
913795,181.0,40.0,0.2,2757.7231
913796,122.0,20.0,0.9,2858.4363
913799,84.0,40.0,0.4,4578.94
913842,100.0,40.0,0.9,4178.918
913844,102.0,30.0,0.8,1830.0013
913846,109.0,40.0,0.9,5658.2866
913857,220.0,40.0,0.1,1947.1853
913861,128.0,30.0,0.8,6044.6997
913878,99.0,40.0,0.5,3437.699
913893,248.0,40.0,0.8,2934.1355
913894,101.0,10.0,0.4,3315.3445
913915,95.0,30.0,0.9,3733.9382
913933,143.0,40.0,0.9,5646.942
913945,134.0,50.0,0.8,3662.453
913954,83.0,40.0,0.8,15170.422
913966,140.0,40.0,0.8,3196.8079
913972,72.0,30.0,0.2,5202.7026
913998,111.0,40.0,0.8,3479.184
914002,115.0,20.0,0.1,4103.743
914007,164.0,30.0,0.4,3904.062
914014,88.0,50.0,0.9,4026.1055
914027,126.0,30.0,0.9,3416.9863
914036,237.0,40.0,0.9,2703.2092
914045,110.0,40.0,0.4,2381.824
914067,174.0,50.0,0.9,1106.9637
914092,220.0,40.0,0.9,2851.2842
914097,121.0,20.0,0.7,6189.524
914118,114.0,30.0,0.9,1744.6108
914134,79.0,40.0,0.7,6410.1274
914149,154.0,30.0,0.3,1467.2877
914155,129.0,40.0,0.1,5361.354
914156,178.0,30.0,0.9,2928.815
914160,115.0,20.0,0.4,2680.9292
914164,179.0,30.0,0.9,2027.2626
914197,244.0,20.0,0.9,2841.9714
914202,163.0,30.0,0.6,11836.537
914223,177.0,20.0,0.2,3007.8772
914242,241.0,40.0,0.2,1563.8158
914245,206.0,20.0,0.9,4921.214
914254,77.0,30.0,0.3,5211.6235
914270,265.0,50.0,0.2,4952.7324
914282,115.0,30.0,0.7,3888.287
914284,127.0,50.0,0.9,373.0015
914287,114.0,30.0,0.7,3675.1477
914305,325.0,40.0,0.9,5161.2217
914327,134.0,50.0,0.4,8731.24
914368,270.0,40.0,0.1,4579.1895
914370,102.0,30.0,0.9,4023.5583
914394,62.0,30.0,0.6,2739.2761
914457,79.0,40.0,0.9,3008.5857
914495,115.0,30.0,0.8,1946.025
914496,134.0,20.0,0.7,2605.8228
914524,110.0,10.0,0.1,2595.6768
914528,144.0,20.0,0.3,1864.8351
914552,106.0,30.0,0.5,4562.7275
914554,101.0,40.0,0.9,2789.8123
914585,111.0,40.0,0.9,6445.977
914592,259.0,30.0,0.9,3826.8328
914600,129.0,40.0,0.1,3409.6743
914640,81.0,30.0,0.7,4048.1758
914651,288.0,40.0,0.9,930.6984
914678,-75.0,20.0,0.7,7720.342
914681,83.0,80.0,0.1,5646.4277
914700,99.0,40.0,0.5,3262.7922
914747,105.0,30.0,0.9,3149.8323
914783,184.0,40.0,0.7,3890.8757
914815,87.0,40.0,0.3,3740.9436
914819,162.0,60.0,0.9,3199.0823
914861,129.0,30.0,0.4,2018.7037
914870,126.0,40.0,0.8,4964.204
914881,344.0,30.0,0.9,4771.651
914900,72.0,30.0,0.9,3405.3623
914923,196.0,30.0,0.7,3049.8542
914938,138.0,20.0,0.4,2722.9724
914948,86.0,20.0,0.5,7655.871
914951,120.0,40.0,0.1,1782.3082
915002,182.0,40.0,0.1,1037.4606
915016,164.0,30.0,0.7,6566.227
915020,58.0,40.0,0.7,3873.977
915021,245.0,40.0,0.8,4725.263
915031,95.0,50.0,0.3,4111.62
915041,103.0,20.0,0.4,1590.5638
915078,97.0,40.0,0.8,6578.4478
915142,52.0,20.0,0.7,4585.327
915143,151.0,20.0,0.8,3092.272
915147,93.0,40.0,0.4,13787.892
915166,164.0,20.0,0.8,1161.8228
915177,128.0,50.0,0.4,3416.5093
915182,140.0,30.0,0.4,1160.1532
915210,119.0,30.0,0.5,5416.0884
915215,178.0,20.0,0.6,3384.9133
915219,119.0,40.0,0.1,5009.912
915242,180.0,60.0,0.8,1542.4073
915258,170.0,40.0,0.9,4574.743
915274,95.0,30.0,0.8,5121.8984
915275,171.0,30.0,0.9,2933.3745
915282,123.0,30.0,0.9,5213.431
915369,265.0,40.0,0.6,5859.8574
915370,162.0,40.0,0.9,2966.9001
915411,117.0,40.0,0.1,4121.5605
915417,149.0,60.0,0.6,1410.1163
915427,132.0,30.0,0.2,3078.829
915430,191.0,30.0,0.9,899.7386
915454,260.0,30.0,0.8,4087.333
915472,128.0,40.0,0.7,4301.474
915519,187.0,30.0,0.6,1005.31146
915541,199.0,30.0,0.9,886.4616
915545,72.0,20.0,0.7,4509.2876
915573,51.0,20.0,0.1,2268.0864
915583,207.0,30.0,0.8,3283.8206
915602,172.0,40.0,0.5,1821.6381
915619,158.0,60.0,0.9,1947.6455
915630,109.0,30.0,0.7,3442.7148
915646,246.0,30.0,0.9,2057.6975
915652,108.0,30.0,0.3,4770.368
915662,326.0,20.0,0.7,4295.288
915689,123.0,40.0,0.7,1671.3784
915767,57.0,30.0,0.8,5190.712
915838,129.0,40.0,0.9,3243.5352
915846,96.0,20.0,0.8,3050.543
915859,217.0,40.0,0.9,1961.9904
915876,133.0,40.0,0.9,4138.219
915883,133.0,20.0,0.6,952.8827
915893,260.0,40.0,0.8,4183.7964
915897,150.0,40.0,0.6,3011.992
915937,174.0,30.0,0.9,4749.0454
915942,161.0,30.0,0.1,5880.2446
915953,220.0,40.0,0.9,2173.6106
915955,174.0,20.0,0.9,2854.1892
915959,116.0,40.0,0.8,1757.2765
915999,125.0,20.0,0.8,4654.4854
916020,112.0,30.0,0.2,5592.3447
916022,193.0,40.0,0.4,847.1091
916080,216.0,30.0,0.6,2292.0913
916108,234.0,30.0,0.9,1073.4313
916127,109.0,30.0,0.9,4595.4136
916166,87.0,40.0,0.7,6065.3325
916168,117.0,20.0,0.5,2962.351
916180,238.0,30.0,0.7,949.7764
916182,106.0,40.0,0.4,2595.5295
916204,106.0,30.0,0.9,4463.641
916262,76.0,40.0,0.9,3653.8623
916291,139.0,30.0,0.7,4171.7188
916335,105.0,20.0,0.5,1554.8153
916365,107.0,30.0,0.6,4077.941
916366,109.0,30.0,0.1,2101.8699
916376,89.0,40.0,0.2,3593.9695
916408,213.0,30.0,0.8,4532.3843
916459,160.0,60.0,0.1,6231.323
916477,119.0,20.0,0.7,1573.2795
916500,232.0,20.0,0.6,2695.8877
916512,83.0,50.0,0.9,4619.7793
916535,133.0,50.0,0.9,1617.8888
916557,41.0,30.0,0.9,3148.9329
916580,160.0,40.0,0.9,1001.7255
916606,115.0,20.0,0.1,10417.014
916608,101.0,30.0,0.8,4426.267
916634,157.0,60.0,0.9,2648.0916
916653,104.0,20.0,0.8,1933.6685
916679,177.0,30.0,0.8,2766.029
916683,95.0,30.0,0.2,4507.6836
916707,140.0,20.0,0.6,3709.6072
916717,113.0,30.0,0.7,4731.6157
916720,263.0,20.0,0.8,3736.786
916795,81.0,20.0,0.9,546.3513
916805,104.0,30.0,0.9,2846.3774
916812,109.0,20.0,0.7,2403.3481
916819,210.0,30.0,0.7,2658.7017
916883,112.0,40.0,0.9,4034.8772
916897,142.0,40.0,0.7,3540.391
916958,127.0,10.0,0.6,2170.1387
916969,92.0,50.0,0.2,3361.2207
916975,136.0,20.0,0.8,5754.245
916980,118.0,30.0,0.6,4595.8213
917006,142.0,30.0,0.9,1374.5376
917007,234.0,40.0,0.9,1396.9813
917054,101.0,20.0,0.7,2911.2937
917056,151.0,30.0,0.7,5562.347
917076,266.0,20.0,0.6,2984.8052
917082,86.0,30.0,0.6,5366.976
917095,114.0,40.0,0.6,6449.704
917099,85.0,50.0,0.9,3598.7327
917106,190.0,20.0,0.1,4254.7637
917117,109.0,40.0,0.9,12204.643
917127,82.0,50.0,0.8,1961.7363
917186,214.0,40.0,0.9,3514.0127
917198,343.0,40.0,0.4,1003.25195
917209,128.0,30.0,0.1,5076.305
917210,117.0,60.0,0.9,1266.608
917248,122.0,30.0,0.6,3092.8335
917266,240.0,40.0,0.8,3755.852
917324,169.0,30.0,0.9,1444.0295
917352,182.0,20.0,0.4,2869.9146
917383,97.0,60.0,0.1,3029.306
917399,165.0,50.0,0.8,1271.3208
917445,207.0,40.0,0.9,3902.035
917466,205.0,30.0,0.4,4625.1226
917548,128.0,20.0,0.3,2500.069
917556,75.0,30.0,0.9,4298.279
917601,97.0,20.0,0.7,3600.5825
917608,166.0,50.0,0.8,2917.0117
917610,110.0,20.0,0.1,5105.816
917694,129.0,40.0,0.9,2756.6963
917718,178.0,30.0,0.5,4599.485
917762,78.0,20.0,0.6,3040.26
917772,87.0,50.0,0.9,1285.3179
917821,194.0,20.0,0.2,3627.4856
917826,204.0,10.0,0.1,4588.007
917849,126.0,30.0,0.3,938.81055
917902,314.0,30.0,0.9,4275.7583
917910,40.0,30.0,0.5,1991.5834
917913,139.0,40.0,0.9,2758.593
917915,184.0,30.0,0.5,3178.0923
917966,78.0,40.0,0.8,1619.3668
917993,124.0,40.0,0.8,2428.48
917999,132.0,20.0,0.7,5992.3896
918026,122.0,30.0,0.2,2833.5793
918052,82.0,30.0,0.4,2671.8489
918058,239.0,40.0,0.9,3832.0823
918084,184.0,30.0,0.8,1190.2014
918100,106.0,30.0,0.9,4139.2124
918125,147.0,50.0,0.9,858.2059
918164,293.0,30.0,0.6,3040.568
918183,149.0,20.0,0.8,7191.389
918221,163.0,30.0,0.5,1083.0282
918239,124.0,40.0,0.9,3297.0403
918242,132.0,20.0,0.6,3269.6504
918255,164.0,40.0,0.9,1620.0822
918273,82.0,30.0,0.3,3874.677
918277,99.0,40.0,0.6,3232.0713
918326,83.0,40.0,0.9,3259.3738
918349,159.0,30.0,0.6,4225.19
918372,188.0,40.0,0.9,6934.1494
918385,81.0,20.0,0.2,4810.2456
918411,94.0,40.0,0.3,2073.1494
918440,90.0,30.0,0.6,3220.1746
918446,256.0,40.0,0.1,1775.8682
918485,187.0,30.0,0.8,1333.1406
918492,150.0,20.0,0.1,4812.5547
918551,172.0,40.0,0.7,5092.8647
918564,29.0,50.0,0.2,5059.574
918576,130.0,40.0,0.6,2236.4402
918580,165.0,30.0,0.7,4775.948
918590,272.0,30.0,0.8,4168.9795
918625,141.0,40.0,0.8,3763.2039
918635,107.0,20.0,0.1,4705.59
918730,78.0,20.0,0.1,4091.3716
918741,125.0,30.0,0.9,1875.2357
918760,164.0,40.0,0.9,4042.8958
918795,98.0,30.0,0.4,2856.0261
918802,79.0,30.0,0.7,4959.3467
918836,305.0,20.0,0.6,597.57983
918843,124.0,40.0,0.9,5588.2095
918860,102.0,20.0,0.7,2877.8718
918861,115.0,20.0,0.1,4361.888
918891,53.0,10.0,0.1,4285.2134
918894,141.0,30.0,0.1,4319.2563
918935,153.0,30.0,0.2,3857.1826
918946,149.0,40.0,0.9,5508.521
918987,125.0,30.0,0.7,2533.2507
919004,77.0,20.0,0.1,2400.0479
919018,135.0,20.0,0.7,1623.9813
919064,247.0,40.0,0.4,3600.6687
919088,292.0,30.0,0.9,2176.8518
919160,288.0,20.0,0.1,4560.905
919162,129.0,60.0,0.6,3371.3452
919198,216.0,30.0,0.1,2946.3628
919263,60.0,40.0,0.9,4316.3965
919290,64.0,30.0,0.9,3588.8613
919317,43.0,50.0,0.6,1798.177
919321,184.0,40.0,0.9,1801.7196
919340,175.0,20.0,0.9,1136.0997
919381,113.0,30.0,0.7,4174.41
919432,232.0,50.0,0.1,947.0276
919450,155.0,40.0,0.9,5001.8555
919471,78.0,20.0,0.4,7671.5483
919481,110.0,30.0,0.9,3562.089
919502,111.0,40.0,0.9,1554.216
919508,190.0,30.0,0.9,3782.7622
919537,279.0,40.0,0.9,2281.9404
919572,206.0,30.0,0.9,2773.5525
919584,107.0,30.0,0.8,3133.6675
919619,127.0,40.0,0.8,914.16766
919625,112.0,30.0,0.4,5599.005
919655,277.0,30.0,0.6,1969.3402
919659,105.0,20.0,0.4,2809.7126
919673,160.0,30.0,0.2,6595.457
919677,128.0,40.0,0.9,4841.1333
919700,178.0,50.0,0.1,1245.2517
919720,141.0,40.0,0.9,2572.8857
919753,116.0,30.0,0.8,2647.3586
919758,59.0,30.0,0.3,3386.7595
919764,171.0,20.0,0.7,6409.2915
919792,134.0,40.0,0.9,5776.7026
919802,111.0,50.0,0.4,2956.2236
919819,31.0,20.0,0.7,1415.1603
919839,103.0,40.0,0.8,4165.96
919842,137.0,20.0,0.8,4304.804
919853,110.0,40.0,0.1,3422.9016
919858,168.0,40.0,0.1,3084.396
919864,110.0,20.0,0.6,4942.9976
919869,150.0,40.0,0.5,3182.3823
919882,210.0,30.0,0.9,3770.9026
919886,149.0,40.0,0.9,4111.0093
919925,62.0,20.0,0.9,4377.6226
919930,167.0,50.0,0.8,2628.3425
919957,79.0,20.0,0.5,1447.0043
919969,244.0,50.0,0.9,1261.367
919975,122.0,30.0,0.1,6820.7163
919984,238.0,20.0,0.4,6817.6943
919990,119.0,40.0,0.5,2450.207
920058,119.0,20.0,0.1,3293.1108
920068,255.0,30.0,0.3,1679.5305
920085,114.0,40.0,0.8,2063.5505
920119,212.0,10.0,0.1,2029.8926
920125,120.0,40.0,0.9,3934.355
920137,109.0,40.0,0.8,3116.317
920166,97.0,20.0,0.9,4391.062
920173,116.0,20.0,0.9,2573.0774
920243,120.0,40.0,0.9,6485.618
920276,132.0,30.0,0.7,1327.9637
920305,216.0,20.0,0.8,3194.3064
920364,80.0,60.0,0.6,2397.459
920409,121.0,20.0,0.9,4670.3135
920416,83.0,40.0,0.8,2563.7996
920425,132.0,50.0,0.7,3353.2148
920434,115.0,40.0,0.6,2649.6682
920444,157.0,50.0,0.7,5149.654
920447,115.0,40.0,0.6,3022.4468
920448,201.0,50.0,0.7,4425.308
920479,155.0,40.0,0.6,2416.4258
920520,117.0,50.0,0.4,1727.8533
920570,133.0,40.0,0.1,1291.9874
920598,199.0,30.0,0.2,6664.31
920606,55.0,30.0,0.9,2892.6
920609,130.0,30.0,0.6,4373.8784
920622,340.0,60.0,0.9,4115.998
920623,123.0,40.0,0.9,3458.4617
920655,94.0,40.0,0.7,3818.6885
920665,111.0,50.0,0.4,2714.1685
920676,172.0,10.0,0.1,12001.509
920716,233.0,40.0,0.9,3340.6118
920723,129.0,40.0,0.2,3116.1582
920732,228.0,20.0,0.3,4470.0464
920752,113.0,40.0,0.9,3082.3494
920778,114.0,20.0,0.8,4791.553
920872,159.0,30.0,0.8,3742.6877
920881,119.0,40.0,0.4,2306.8901
920886,120.0,20.0,0.6,3827.4778
920897,88.0,30.0,0.7,3088.6448
920926,100.0,40.0,0.9,3173.686
920961,257.0,40.0,0.9,2196.6328
920963,172.0,10.0,0.1,2388.6292
920981,82.0,30.0,0.6,1384.7205
921013,325.0,30.0,0.9,738.8037
921047,97.0,30.0,0.5,4655.3975
921100,209.0,30.0,0.8,4213.497
921107,87.0,50.0,0.4,2707.0862
921136,145.0,30.0,0.8,4625.917
921152,80.0,40.0,0.5,2533.2898
921208,194.0,30.0,0.9,4345.651
921234,239.0,40.0,0.7,3141.8445
921255,139.0,40.0,0.9,3687.9805
921263,116.0,30.0,0.9,3397.7668
921314,111.0,40.0,0.1,2864.6611
921331,230.0,30.0,0.6,2955.2446
921448,157.0,20.0,0.9,1697.4001
921479,221.0,30.0,0.7,3246.0503
921496,192.0,30.0,0.8,3792.3293
921556,176.0,50.0,0.9,4596.274
921577,114.0,30.0,0.1,2397.4324
921591,114.0,30.0,0.8,4163.336
921597,244.0,40.0,0.9,5728.1035
921633,215.0,30.0,0.5,760.4667
921640,169.0,30.0,0.1,5377.333
921655,314.0,50.0,0.7,5909.1943
921662,100.0,30.0,0.5,2025.8048
921673,156.0,30.0,0.1,1453.5714
921690,231.0,20.0,0.8,3869.3684
921697,110.0,30.0,0.9,3859.8945
921706,178.0,40.0,0.8,4797.6
921713,123.0,40.0,0.8,1070.5822
921809,268.0,30.0,0.9,1897.4939
921830,310.0,30.0,0.4,1346.8806
921841,338.0,20.0,0.6,2413.4248
921903,155.0,30.0,0.8,5264.772
921905,89.0,40.0,0.7,2951.4453
921909,123.0,20.0,0.8,3753.9973
921921,200.0,30.0,0.4,4024.7952
921922,106.0,10.0,0.3,13620.699
921926,223.0,50.0,0.9,3060.8232
921946,106.0,40.0,0.9,3010.3584
921949,78.0,30.0,0.8,2633.7769
921968,221.0,40.0,0.9,7962.6074
921969,42.0,20.0,0.3,6320.6567
922006,139.0,40.0,0.7,2613.8438
922019,82.0,20.0,0.9,3797.8892
922020,123.0,20.0,0.8,4335.273
922040,84.0,30.0,0.4,5032.5635
922059,184.0,70.0,0.8,3615.868
922066,71.0,30.0,0.9,2787.3916
922120,29.0,30.0,0.9,2483.8977
922122,84.0,50.0,0.9,1482.406
922156,99.0,40.0,0.7,1640.6412
922185,219.0,40.0,0.7,2336.818
922191,61.0,40.0,0.3,3125.5405
922198,107.0,30.0,0.8,4135.2676
922215,119.0,30.0,0.8,4223.7637
922238,136.0,60.0,0.8,1665.0188
922273,94.0,40.0,0.9,3817.5183
922294,153.0,30.0,0.9,6018.763
922313,107.0,30.0,0.8,1409.5352
922324,63.0,30.0,0.9,3729.4187
922331,142.0,40.0,0.8,3580.3943
922338,201.0,40.0,0.9,4235.233
922360,211.0,50.0,0.4,1258.065
922410,214.0,40.0,0.9,2706.567
922441,248.0,50.0,0.1,6069.556
922463,211.0,40.0,0.9,2414.6174
922476,146.0,40.0,0.9,3323.85
922508,83.0,30.0,0.9,2013.9326
922520,84.0,20.0,0.1,5813.1577
922542,198.0,30.0,0.2,4627.0005
922554,57.0,20.0,0.8,3843.4333
922567,138.0,50.0,0.8,3254.3538
922577,108.0,30.0,0.6,1328.7593
922584,86.0,30.0,0.9,2931.0762
922644,112.0,40.0,0.8,2489.549
922655,226.0,30.0,0.8,5882.2437
922671,163.0,20.0,0.7,12011.593
922696,-33.0,30.0,0.1,627.97925
922724,27.0,10.0,0.9,3883.0251
922735,186.0,50.0,0.8,2626.6106
922748,72.0,20.0,0.1,3711.5645
922762,204.0,20.0,0.8,3904.617
922763,201.0,40.0,0.4,4107.244
922782,144.0,60.0,0.6,9217.574
922783,168.0,40.0,0.1,3933.8857
922817,303.0,30.0,0.2,6467.2
922836,161.0,20.0,0.8,2853.0195
922855,141.0,40.0,0.6,3456.1323
922864,279.0,40.0,0.4,3065.783
922873,108.0,20.0,0.7,4459.604
922878,47.0,20.0,0.3,2589.779
922882,98.0,20.0,0.4,757.27594
922892,157.0,40.0,0.6,6301.0
922895,240.0,30.0,0.9,3389.737
922907,61.0,40.0,0.2,3687.6033
922908,75.0,30.0,0.6,4458.732
922950,71.0,30.0,0.4,3647.287
922968,122.0,40.0,0.1,4386.6196
922969,97.0,30.0,0.6,6683.4263
922974,113.0,20.0,0.6,8272.748
922993,99.0,10.0,0.1,6524.323
923007,117.0,40.0,0.8,6008.0605
923038,106.0,30.0,0.8,3132.7188
923065,188.0,40.0,0.9,3210.309
923132,142.0,20.0,0.9,4051.9685
923133,38.0,30.0,0.1,3632.9595
923182,161.0,20.0,0.1,1883.2966
923218,131.0,40.0,0.6,3844.4285
923233,145.0,40.0,0.9,2546.4792
923270,105.0,30.0,0.6,5184.711
923275,115.0,30.0,0.4,3272.7751
923309,144.0,40.0,0.8,3883.5981
923325,111.0,20.0,0.6,5761.4946
923361,108.0,20.0,0.4,4441.055
923367,108.0,40.0,0.1,3360.974
923373,141.0,30.0,0.1,5405.261
923382,189.0,40.0,0.9,7955.9966
923390,69.0,40.0,0.9,4837.1846
923410,190.0,40.0,0.5,4543.6562
923415,125.0,20.0,0.6,3926.746
923431,191.0,20.0,0.4,5267.4453
923442,261.0,30.0,0.7,4059.633
923477,185.0,30.0,0.9,4374.735
923506,172.0,30.0,0.9,4008.6099
923550,94.0,40.0,0.5,6008.931
923551,83.0,40.0,0.1,3187.022
923562,97.0,40.0,0.8,3049.4937
923570,77.0,30.0,0.6,3951.4297
923580,64.0,40.0,0.8,4579.5864
923591,57.0,20.0,0.8,561.9954
923617,103.0,30.0,0.7,1628.2069
923624,65.0,20.0,0.7,2843.4192
923631,164.0,20.0,0.2,3380.3596
923632,122.0,40.0,0.9,2918.3076
923636,120.0,10.0,0.7,2803.33
923637,119.0,20.0,0.9,2841.162
923667,42.0,20.0,0.4,6175.521
923698,252.0,30.0,0.9,2901.0762
923725,275.0,30.0,0.8,4799.848
923729,103.0,40.0,0.9,3164.2498
923758,141.0,40.0,0.1,4181.4614
923765,152.0,40.0,0.9,3098.927
923775,106.0,20.0,0.8,4719.738
923789,116.0,40.0,0.7,2648.788
923802,264.0,40.0,0.9,6946.051
923825,74.0,20.0,0.3,3105.1416
923839,242.0,40.0,0.9,2233.574
923840,99.0,60.0,0.9,5558.1655
923845,175.0,30.0,0.9,11110.427
923880,41.0,30.0,0.8,3031.9836
923886,157.0,20.0,0.5,1500.1696
923905,332.0,40.0,0.4,724.52734
923954,153.0,50.0,0.9,5182.116
923973,108.0,40.0,0.4,3036.3013
923990,83.0,60.0,0.6,2283.3
924007,102.0,40.0,0.8,5494.342
924031,127.0,50.0,0.2,2726.2249
924058,90.0,70.0,0.7,5971.368
924072,222.0,30.0,0.8,1075.1022
924076,179.0,20.0,0.3,2667.5056
924081,165.0,20.0,0.8,1224.3754
924114,257.0,20.0,0.7,5623.534
924131,198.0,40.0,0.8,3569.2659
924139,113.0,40.0,0.9,3928.3667
924157,93.0,40.0,0.6,4172.0264
924203,111.0,20.0,0.8,3100.0964
924204,163.0,30.0,0.9,2320.0112
924215,101.0,40.0,0.7,2099.7737
924286,215.0,30.0,0.5,4394.4565
924288,197.0,40.0,0.9,4198.8286
924293,133.0,40.0,0.9,1349.1758
924297,145.0,50.0,0.9,4513.893
924310,163.0,50.0,0.8,4398.5806
924359,214.0,30.0,0.9,4182.126
924364,139.0,30.0,0.7,3362.174
924380,225.0,40.0,0.9,4417.619
924391,198.0,20.0,0.8,2776.7034
924435,65.0,30.0,0.6,2420.4895
924444,-123.0,30.0,0.1,4070.2046
924470,92.0,30.0,0.5,4014.581
924501,135.0,50.0,0.9,8638.083
924510,112.0,20.0,0.8,2948.4
924531,286.0,30.0,0.7,4313.824
924535,131.0,30.0,0.6,2807.4976
924567,175.0,30.0,0.9,1236.3545
924599,75.0,20.0,0.9,1687.7922
924626,106.0,50.0,0.1,4978.118
924630,128.0,40.0,0.6,2831.8145
924664,102.0,40.0,0.9,3609.9895
924701,112.0,30.0,0.8,1529.1003
924702,173.0,20.0,0.2,4270.789
924707,130.0,20.0,0.4,4241.322
924717,138.0,30.0,0.8,6760.2554
924726,191.0,20.0,0.2,1806.6927
924732,134.0,60.0,0.6,903.69666
924740,81.0,30.0,0.2,2338.922
924779,140.0,30.0,0.9,2985.2588
924793,83.0,30.0,0.6,4749.1875
924808,245.0,20.0,0.8,5147.3354
924816,115.0,30.0,0.5,4218.515
924819,200.0,40.0,0.5,2570.424
924854,120.0,20.0,0.4,2520.152
924863,105.0,40.0,0.2,525.7464
924878,183.0,40.0,0.9,900.81
924879,197.0,30.0,0.9,2609.2131
924942,118.0,40.0,0.9,4541.8867
924994,172.0,20.0,0.6,1374.6444
925028,154.0,20.0,0.1,3323.5688
925029,150.0,40.0,0.9,4636.6777
925038,144.0,30.0,0.7,3089.7405
925044,246.0,30.0,0.9,1957.898
925052,115.0,10.0,0.8,4839.5605
925095,260.0,40.0,0.2,1137.355
925118,120.0,20.0,0.8,3633.6663
925121,277.0,40.0,0.8,2493.2336
925122,281.0,30.0,0.9,2592.4768
925184,99.0,30.0,0.1,3741.4907
925286,113.0,30.0,0.9,4484.214
925339,168.0,40.0,0.9,3102.6934
925380,307.0,50.0,0.9,1222.4888
925400,148.0,30.0,0.1,3689.1155
925443,121.0,40.0,0.9,3848.0613
925461,133.0,50.0,0.9,13757.583
925489,108.0,10.0,0.6,4915.41
925497,4.0,50.0,0.7,3267.139
925532,157.0,10.0,0.2,6348.556
925536,193.0,40.0,0.4,2471.3325
925564,101.0,30.0,0.5,2929.4126
925570,129.0,50.0,0.1,5393.5913
925577,92.0,30.0,0.9,4846.958
925589,145.0,50.0,0.4,4647.313
925599,68.0,40.0,0.6,2649.218
925613,111.0,20.0,0.8,2560.4814
925658,142.0,50.0,0.6,4695.853
925668,116.0,30.0,0.4,4088.6394
925680,130.0,40.0,0.7,1564.2445
925690,90.0,40.0,0.6,4040.7546
925704,192.0,30.0,0.8,1163.9132
925707,91.0,20.0,0.9,4590.482
925719,24.0,30.0,0.6,3547.524
925754,138.0,20.0,0.8,3545.0737
925758,114.0,40.0,0.3,2733.6152
925802,127.0,50.0,0.4,4831.2783
925812,52.0,20.0,0.3,4356.6133
925821,190.0,70.0,0.9,5329.9995
925915,70.0,50.0,0.8,4821.5537
925941,115.0,30.0,0.1,4781.3276
925950,110.0,30.0,0.8,1389.5886
925980,141.0,40.0,0.8,3355.5051
925986,206.0,30.0,0.9,1710.337
926047,107.0,20.0,0.9,7275.367
926085,129.0,40.0,0.9,5533.8267
926094,106.0,40.0,0.3,3481.8203
926122,76.0,30.0,0.9,4061.2195
926167,87.0,40.0,0.1,5493.42
926176,202.0,20.0,0.8,4193.958
926177,114.0,20.0,0.8,4623.9243
926191,223.0,40.0,0.9,3416.4902
926208,87.0,20.0,0.7,4570.8213
926212,94.0,30.0,0.4,3678.358
926248,78.0,40.0,0.9,4000.736
926275,227.0,50.0,0.2,991.3765
926277,106.0,20.0,0.9,2690.2043
926292,138.0,40.0,0.8,4468.296
926297,111.0,30.0,0.9,4165.166
926323,105.0,30.0,0.9,2733.9546
926358,89.0,20.0,0.1,4552.906
926376,173.0,30.0,0.7,2717.025
926385,81.0,30.0,0.8,1240.5149
926387,123.0,20.0,0.6,2679.776
926391,150.0,40.0,0.4,3892.572
926398,111.0,50.0,0.9,8279.408
926414,91.0,20.0,0.7,3446.6196
926430,162.0,30.0,0.9,5804.141
926464,98.0,50.0,0.6,4413.4424
926483,9.0,20.0,0.3,5120.612
926512,222.0,30.0,0.3,2434.7683
926550,125.0,50.0,0.6,3176.1868
926558,151.0,20.0,0.1,5873.736
926573,119.0,30.0,0.9,6306.7744
926577,10.0,30.0,0.8,2519.5447
926607,191.0,40.0,0.8,1347.3834
926660,251.0,30.0,0.3,4329.367
926666,229.0,30.0,0.8,1310.7881
926674,106.0,50.0,0.9,4550.262
926705,66.0,40.0,0.1,3153.1145
926723,97.0,20.0,0.8,6681.391
926735,37.0,40.0,0.7,6671.691
926737,117.0,20.0,0.1,1439.1478
926773,104.0,30.0,0.8,2587.7332
926803,76.0,20.0,0.7,4104.7036
926804,114.0,30.0,0.5,3542.6309
926815,207.0,40.0,0.9,1306.7512
926825,140.0,30.0,0.2,2842.8567
926870,275.0,40.0,0.8,4427.5317
926877,142.0,50.0,0.7,2185.291
926891,132.0,20.0,0.7,2750.735
926933,110.0,30.0,0.9,4031.8308
926943,174.0,30.0,0.8,2382.3186
926957,119.0,40.0,0.8,3131.636
926974,71.0,10.0,0.1,1871.4028
926986,111.0,40.0,0.9,2648.2385
926989,186.0,30.0,0.9,3112.9854
927021,128.0,30.0,0.9,1825.8352
927083,94.0,40.0,0.8,3677.6675
927086,157.0,40.0,0.2,3716.9744
927090,184.0,20.0,0.4,6080.9985
927144,294.0,30.0,0.8,541.1904
927168,104.0,20.0,0.2,2070.2798
927213,63.0,30.0,0.5,3641.2073
927244,116.0,30.0,0.4,4320.192
927292,70.0,20.0,0.7,5028.7393
927313,107.0,40.0,0.4,1186.3351
927314,256.0,40.0,0.9,2754.0657
927321,215.0,50.0,0.9,2345.9124
927331,256.0,30.0,0.9,3274.578
927336,297.0,20.0,0.6,2717.33
927347,155.0,40.0,0.4,2193.6394
927361,123.0,30.0,0.6,3914.9236
927364,85.0,30.0,0.8,1710.2367
927395,92.0,40.0,0.8,2331.3252
927400,142.0,50.0,0.9,8917.866
927423,249.0,30.0,0.9,1516.0962
927427,95.0,20.0,0.4,3258.1116
927433,98.0,40.0,0.9,4761.811
927449,161.0,50.0,0.5,6847.0684
927474,135.0,30.0,0.8,4390.8735
927486,145.0,20.0,0.5,5119.7363
927508,172.0,40.0,0.4,995.92426
927520,101.0,30.0,0.5,3173.9753
927525,113.0,10.0,0.6,1501.7996
927536,214.0,40.0,0.9,1725.8728
927538,149.0,40.0,0.6,2766.2258
927556,129.0,40.0,0.7,4598.342
927568,119.0,40.0,0.7,1263.1548
927596,171.0,30.0,0.8,9336.519
927597,117.0,20.0,0.6,1449.0936
927635,69.0,50.0,0.1,3081.417
927649,200.0,50.0,0.5,1673.3674
927665,120.0,20.0,0.1,7216.1084
927740,227.0,50.0,0.9,2251.4119
927769,118.0,20.0,0.9,1499.2709
927776,118.0,40.0,0.9,4085.779
927782,228.0,40.0,0.8,5195.546
927820,244.0,30.0,0.4,2007.63
927857,130.0,40.0,0.1,2084.8965
927871,73.0,20.0,0.7,2614.181
927891,206.0,30.0,0.9,4625.425
927921,179.0,30.0,0.1,1230.9471
927923,119.0,40.0,0.3,3940.0918
927928,114.0,20.0,0.1,4891.759
927942,95.0,60.0,0.8,4471.174
927999,78.0,50.0,0.9,4240.642
928008,92.0,50.0,0.1,4800.1245
928025,252.0,40.0,0.8,1012.9882
928067,80.0,30.0,0.6,5171.4062
928093,105.0,40.0,0.1,589.44116
928108,94.0,30.0,0.4,1558.0378
928126,149.0,20.0,0.8,2117.9473
928144,111.0,30.0,0.6,4675.0103
928168,90.0,30.0,0.1,4520.1035
928175,69.0,30.0,0.7,5082.4375
928176,192.0,50.0,0.1,2855.8762
928204,151.0,30.0,0.4,3275.1038
928247,94.0,20.0,0.6,1031.4254
928249,241.0,30.0,0.7,4931.299
928329,72.0,20.0,0.7,3200.848
928332,253.0,30.0,0.5,9357.012
928351,146.0,50.0,0.9,1817.7937
928382,110.0,70.0,0.8,4251.112
928387,151.0,30.0,0.9,5543.492
928400,240.0,30.0,0.8,7100.296
928404,161.0,30.0,0.5,2029.2505
928418,206.0,20.0,0.1,1765.1359
928449,180.0,30.0,0.9,2931.666
928464,168.0,40.0,0.9,1434.0607
928489,264.0,30.0,0.9,3462.5637
928523,144.0,40.0,0.8,2667.6304
928535,140.0,30.0,0.9,929.5436
928596,152.0,30.0,0.7,3512.67
928614,113.0,20.0,0.5,3992.7388
928627,134.0,30.0,0.7,5457.5854
928666,116.0,40.0,0.8,1735.6052
928673,107.0,40.0,0.9,2841.0618
928711,131.0,40.0,0.5,3909.948
928730,95.0,20.0,0.6,1801.5663
928733,140.0,40.0,0.8,3762.571
928738,102.0,30.0,0.8,3400.3972
928741,108.0,40.0,0.4,3726.8677
928743,152.0,30.0,0.7,1551.3092
928749,104.0,20.0,0.2,2085.7302
928802,155.0,30.0,0.8,3398.648
928806,187.0,40.0,0.1,2800.9573
928819,91.0,30.0,0.9,4154.5723
928834,187.0,30.0,0.8,2923.5588
928877,282.0,50.0,0.5,4124.46
928886,106.0,30.0,0.7,5541.0786
928933,178.0,30.0,0.3,2572.2637
928937,134.0,20.0,0.9,3436.9404
928946,119.0,30.0,0.9,4397.547
928964,145.0,30.0,0.9,618.1545
928970,225.0,20.0,0.7,4256.6147
929018,115.0,60.0,0.9,3766.735
929022,63.0,20.0,0.8,3488.7234
929134,61.0,30.0,0.4,3965.1694
929137,171.0,40.0,0.9,9541.632
929152,111.0,40.0,0.8,4374.3037
929160,229.0,30.0,0.8,3471.9646
929191,151.0,40.0,0.5,5070.2607
929207,102.0,30.0,0.8,3380.3835
929223,209.0,20.0,0.8,6217.189
929229,185.0,30.0,0.5,1790.016
929241,239.0,30.0,0.1,617.00964
929283,84.0,20.0,0.1,6748.4424
929307,-4.0,40.0,0.4,5086.4404
929312,101.0,20.0,0.4,5451.536
929326,101.0,40.0,0.9,989.3006
929353,90.0,20.0,0.1,2806.3738
929409,247.0,30.0,0.9,3992.1929
929413,136.0,20.0,0.5,6656.4683
929442,300.0,50.0,0.5,5696.788
929457,65.0,30.0,0.1,5186.4644
929475,109.0,50.0,0.7,5873.5093
929498,188.0,40.0,0.8,758.3413
929585,161.0,50.0,0.8,3306.2383
929590,152.0,20.0,0.1,3224.8533
929591,63.0,30.0,0.8,2420.4958
929600,116.0,50.0,0.9,5458.0444
929643,149.0,30.0,0.9,2750.267
929648,155.0,30.0,0.9,3245.1128
929660,106.0,30.0,0.9,1851.1627
929676,116.0,40.0,0.9,4175.6064
929698,203.0,40.0,0.6,4072.736
929726,78.0,30.0,0.2,4436.193
929777,138.0,30.0,0.4,4480.937
929813,54.0,50.0,0.7,4911.105
929816,124.0,20.0,0.1,8164.0146
929868,201.0,30.0,0.5,5527.902
929903,95.0,30.0,0.6,1662.6782
929911,132.0,40.0,0.7,3617.3005
929936,212.0,40.0,0.1,4493.9766
929953,141.0,40.0,0.1,4601.9546
929987,95.0,30.0,0.9,3846.4592
929988,102.0,40.0,0.8,5213.2583
930002,81.0,40.0,0.4,3307.3254
930024,79.0,20.0,0.3,3198.9834
930025,270.0,40.0,0.8,3987.6016
930065,101.0,20.0,0.3,2729.3357
930165,136.0,40.0,0.8,3689.693
930168,169.0,40.0,0.6,3022.6619
930189,81.0,10.0,0.6,4530.654
930291,230.0,30.0,0.9,1494.512
930307,99.0,50.0,0.9,3960.2385
930318,188.0,10.0,0.9,5044.871
930333,247.0,30.0,0.7,1259.5063
930360,119.0,40.0,0.6,2169.118
930362,91.0,40.0,0.9,2497.928
930391,114.0,40.0,0.7,3485.2947
930397,87.0,50.0,0.6,4664.069
930409,121.0,20.0,0.1,1688.8871
930413,101.0,20.0,0.1,3457.9849
930430,82.0,30.0,0.5,4211.197
930443,79.0,30.0,0.5,2350.129
930445,73.0,30.0,0.1,3888.8718
930448,201.0,20.0,0.9,4945.504
930463,160.0,40.0,0.1,6056.971
930471,77.0,50.0,0.3,2895.0962
930512,120.0,30.0,0.8,5261.422
930553,147.0,20.0,0.3,6705.9595
930583,174.0,30.0,0.2,3522.597
930584,158.0,20.0,0.5,5301.645
930618,101.0,30.0,0.6,3350.06
930652,79.0,40.0,0.5,4131.401
930654,138.0,20.0,0.8,6668.4243
930661,128.0,20.0,0.7,1609.6277
930708,254.0,40.0,0.8,2584.9434
930740,89.0,40.0,0.4,6651.2964
930746,101.0,20.0,0.1,4363.4067
930755,98.0,20.0,0.9,5428.2925
930773,147.0,40.0,0.9,3887.3767
930788,108.0,30.0,0.7,2962.476
930816,122.0,50.0,0.8,3119.5344
930818,74.0,20.0,0.8,8140.449
930822,245.0,10.0,0.2,4681.4697
930826,185.0,40.0,0.7,3029.2864
930830,236.0,50.0,0.9,1361.7998
930834,158.0,20.0,0.5,2708.9812
930837,308.0,30.0,0.9,3293.7153
930870,155.0,20.0,0.6,4481.4956
930899,282.0,50.0,0.9,3994.5422
930932,122.0,20.0,0.9,6212.4434
930933,253.0,30.0,0.6,1161.5449
930974,149.0,20.0,0.1,4093.8774
930980,110.0,30.0,0.4,2869.7751
931047,151.0,30.0,0.8,1230.876
931066,122.0,40.0,0.6,5580.6104
931099,57.0,40.0,0.1,3698.1648
931110,103.0,20.0,0.8,6104.889
931170,79.0,20.0,0.8,490.27563
931185,206.0,40.0,0.4,7989.7393
931200,250.0,30.0,0.9,4158.7686
931219,233.0,20.0,0.9,5104.5527
931250,79.0,40.0,0.8,5557.3486
931287,230.0,20.0,0.7,826.60974
931334,80.0,40.0,0.5,3457.8782
931371,141.0,30.0,0.8,1448.882
931379,138.0,40.0,0.8,2329.9136
931388,105.0,30.0,0.7,5009.5283
931437,132.0,50.0,0.8,1578.9541
931438,110.0,20.0,0.9,4158.406
931508,289.0,40.0,0.8,1961.0392
931532,198.0,40.0,0.9,2818.3835
931534,43.0,20.0,0.4,1507.6693
931544,134.0,30.0,0.8,3113.96
931555,203.0,40.0,0.1,4390.9478
931569,133.0,30.0,0.7,4816.0903
931610,288.0,30.0,0.8,5278.945
931628,109.0,40.0,0.6,8150.356
931687,154.0,10.0,0.9,3372.797
931695,47.0,20.0,0.9,3939.2808
931715,133.0,40.0,0.9,1927.2593
931747,150.0,20.0,0.4,5421.922
931783,44.0,30.0,0.9,2895.3774
931790,100.0,50.0,0.9,4961.3467
931796,320.0,40.0,0.1,4106.7925
931805,125.0,30.0,0.3,1076.5247
931835,192.0,50.0,0.8,5235.8105
931869,139.0,30.0,0.9,6058.266
931884,82.0,50.0,0.9,3946.6873
931900,83.0,20.0,0.8,3093.7886
931908,110.0,40.0,0.1,8964.348
931998,111.0,20.0,0.7,2157.8083
932067,86.0,30.0,0.6,4237.283
932074,89.0,50.0,0.7,3779.6113
932133,114.0,40.0,0.8,4102.556
932152,154.0,40.0,0.9,1392.9135
932166,217.0,50.0,0.9,2958.1545
932179,181.0,50.0,0.9,3730.965
932189,119.0,20.0,0.2,3980.3582
932195,170.0,50.0,0.3,2160.4001
932223,95.0,30.0,0.8,3637.234
932236,90.0,30.0,0.7,4640.8877
932238,201.0,20.0,0.1,885.9323
932242,95.0,40.0,0.9,3805.6626
932256,140.0,30.0,0.1,3049.8845
932261,203.0,40.0,0.9,573.45337
932272,43.0,10.0,0.1,15602.837
932325,100.0,30.0,0.6,1112.1912
932336,75.0,20.0,0.8,4581.772
932356,144.0,20.0,0.9,2539.9514
932411,133.0,20.0,0.9,2878.9136
932417,80.0,20.0,0.7,8873.296
932453,83.0,60.0,0.9,3042.3877
932462,121.0,30.0,0.8,3715.5647
932483,94.0,50.0,0.8,4752.431
932517,125.0,50.0,0.9,4584.2573
932522,125.0,30.0,0.9,1076.1586
932538,184.0,30.0,0.9,2118.263
932540,163.0,40.0,0.7,4136.649
932554,269.0,40.0,0.9,3306.755
932576,206.0,30.0,0.7,2204.1138
932580,104.0,30.0,0.4,2765.8699
932606,112.0,10.0,0.4,3874.3992
932653,167.0,60.0,0.9,8042.5933
932659,85.0,20.0,0.1,3993.9934
932693,72.0,60.0,0.4,2896.5461
932697,152.0,50.0,0.8,5156.996
932711,159.0,20.0,0.1,4565.458
932748,121.0,30.0,0.3,1326.6631
932767,111.0,20.0,0.8,4205.0903
932786,114.0,30.0,0.8,1255.3064
932789,110.0,40.0,0.3,6185.6733
932846,102.0,40.0,0.9,4088.4255
932868,180.0,10.0,0.3,4177.291
932878,201.0,40.0,0.9,4770.2344
932943,161.0,20.0,0.3,4743.5107
932981,238.0,30.0,0.8,2862.9326
933018,56.0,20.0,0.9,3488.2004
933029,123.0,10.0,0.3,3304.6348
933074,208.0,30.0,0.7,3339.7285
933085,120.0,40.0,0.9,3523.7732
933124,113.0,20.0,0.7,4951.74
933126,130.0,40.0,0.7,3896.4333
933138,110.0,30.0,0.7,2592.3762
933159,150.0,20.0,0.5,3508.2334
933168,144.0,10.0,0.7,3465.5852
933180,132.0,10.0,0.6,1021.62646
933201,199.0,40.0,0.8,4996.6465
933203,269.0,40.0,0.7,5918.2935
933209,143.0,20.0,0.8,5684.339
933218,170.0,30.0,0.2,585.8483
933229,215.0,40.0,0.9,2317.7993
933262,315.0,50.0,0.8,5670.784
933267,261.0,30.0,0.6,4754.1514
933269,228.0,50.0,0.9,1806.1266
933278,87.0,50.0,0.5,1915.5336
933282,225.0,40.0,0.4,5201.6143
933307,112.0,20.0,0.6,3633.541
933366,267.0,50.0,0.6,5443.252
933424,99.0,30.0,0.2,1437.4836
933437,132.0,30.0,0.8,3925.4683
933453,108.0,50.0,0.6,2853.8943
933463,86.0,20.0,0.8,4496.597
933472,54.0,50.0,0.8,4354.2153
933473,88.0,30.0,0.7,3347.8953
933494,268.0,40.0,0.9,3302.6062
933555,100.0,40.0,0.9,6460.8364
933602,124.0,50.0,0.8,4596.3647
933606,94.0,40.0,0.8,2919.4792
933617,115.0,30.0,0.6,4898.561
933620,154.0,60.0,0.1,3773.7583
933667,292.0,40.0,0.4,2719.3984
933674,107.0,20.0,0.4,3732.9575
933679,23.0,40.0,0.4,4798.163
933709,114.0,40.0,0.9,3543.3472
933711,198.0,40.0,0.7,1922.9589
933713,166.0,50.0,0.9,1379.0033
933792,160.0,50.0,0.9,3472.8147
933793,150.0,20.0,0.4,4316.5664
933803,268.0,30.0,0.9,1504.4714
933812,86.0,20.0,0.5,2015.3132
933818,162.0,30.0,0.1,3816.021
933819,285.0,20.0,0.9,4904.438
933844,136.0,40.0,0.8,4172.8955
933857,283.0,40.0,0.8,-56.791557
933872,112.0,20.0,0.9,2411.1426
933882,101.0,50.0,0.9,3413.625
933888,78.0,30.0,0.8,1022.46234
933906,112.0,20.0,0.9,5352.178
933916,9.0,20.0,0.1,4850.638
933938,108.0,40.0,0.8,1450.0292
933946,92.0,30.0,0.9,4305.6284
933969,201.0,40.0,0.9,2664.9792
933992,109.0,10.0,0.9,3583.5793
934006,99.0,30.0,0.7,3206.2566
934013,138.0,30.0,0.9,1871.9448
934026,130.0,10.0,0.1,919.967
934041,225.0,20.0,0.9,4544.9795
934058,318.0,40.0,0.4,546.4893
934068,87.0,30.0,0.9,3472.273
934069,173.0,50.0,0.6,3818.2192
934070,242.0,50.0,0.8,7676.232
934072,157.0,40.0,0.8,4497.5493
934075,134.0,30.0,0.7,181.53682
934098,230.0,30.0,0.9,1955.3806
934106,301.0,30.0,0.9,3213.1086
934167,304.0,50.0,0.6,2153.218
934187,126.0,20.0,0.2,3993.383
934189,162.0,20.0,0.3,4099.5166
934208,227.0,30.0,0.9,2738.8762
934228,91.0,40.0,0.9,2918.1213
934261,186.0,30.0,0.5,4165.7676
934292,205.0,50.0,0.8,3174.177
934298,167.0,40.0,0.1,1897.8945
934317,101.0,40.0,0.8,3607.1763
934325,111.0,30.0,0.8,2131.1501
934328,117.0,20.0,0.7,3505.2563
934335,115.0,30.0,0.9,2432.8386
934384,83.0,60.0,0.1,3190.4683
934413,64.0,50.0,0.1,6202.54
934428,105.0,10.0,0.9,4668.415
934430,125.0,30.0,0.2,5264.781
934438,-3.0,20.0,0.3,2879.4595
934439,137.0,30.0,0.9,4888.0317
934453,205.0,20.0,0.9,4518.015
934454,86.0,40.0,0.7,5462.383
934464,112.0,20.0,0.6,4803.0435
934473,151.0,40.0,0.1,2840.424
934516,80.0,20.0,0.8,4188.31
934557,243.0,40.0,0.5,3260.6545
934618,134.0,20.0,0.8,5296.621
934624,115.0,50.0,0.7,4233.2773
934633,47.0,30.0,0.2,4453.898
934669,94.0,40.0,0.8,5832.4976
934681,137.0,40.0,0.9,2173.8845
934751,95.0,20.0,0.1,2770.1404
934771,72.0,40.0,0.6,3361.2957
934842,82.0,20.0,0.9,2489.0178
934845,112.0,30.0,0.2,1197.939
934896,167.0,50.0,0.9,3187.1755
934936,102.0,40.0,0.6,3345.158
934952,100.0,40.0,0.9,3437.5134
935004,226.0,40.0,0.9,1523.345
935005,215.0,40.0,0.7,3776.788
935015,191.0,50.0,0.7,2348.2444
935017,102.0,40.0,0.7,1419.0997
935073,189.0,40.0,0.8,2610.6812
935092,109.0,40.0,0.6,2422.9595
935119,117.0,30.0,0.7,3736.4915
935170,105.0,50.0,0.1,5189.7773
935199,130.0,40.0,0.7,4138.591
935208,115.0,40.0,0.7,3044.7773
935263,118.0,20.0,0.9,4690.3823
935284,151.0,40.0,0.6,1685.7853
935304,128.0,40.0,0.6,3748.2324
935357,177.0,20.0,0.6,10552.139
935361,114.0,40.0,0.9,3014.299
935399,113.0,20.0,0.7,5591.111
935400,172.0,20.0,0.1,857.5666
935409,98.0,40.0,0.5,5728.922
935411,161.0,30.0,0.4,4010.1128
935419,215.0,40.0,0.8,2773.5112
935440,231.0,40.0,0.9,1715.8424
935453,112.0,30.0,0.9,1921.3353
935483,201.0,50.0,0.6,1605.2136
935485,109.0,40.0,0.8,2365.678
935488,271.0,50.0,0.9,1027.7134
935501,105.0,20.0,0.7,4512.3145
935502,65.0,40.0,0.8,6092.2817
935527,106.0,30.0,0.7,1345.9858
935544,78.0,20.0,0.2,716.7062
935550,92.0,30.0,0.7,1217.5437
935553,101.0,40.0,0.6,4244.2705
935564,120.0,60.0,0.8,1112.8077
935574,114.0,20.0,0.2,3285.991
935622,231.0,40.0,0.9,1266.8649
935624,129.0,30.0,0.8,3043.6592
935720,145.0,30.0,0.5,5207.7026
935749,184.0,40.0,0.8,2980.6135
935803,157.0,30.0,0.8,4930.0664
935815,109.0,30.0,0.9,3180.1318
935823,89.0,30.0,0.1,8219.038
935873,105.0,30.0,0.1,7944.8535
935884,225.0,30.0,0.8,335.4471
935907,104.0,30.0,0.9,3277.4346
935940,110.0,30.0,0.1,4468.9766
935972,298.0,40.0,0.6,2316.1323
935987,126.0,50.0,0.8,1464.3273
936001,326.0,40.0,0.6,2155.8577
936011,113.0,20.0,0.1,4038.2195
936020,281.0,50.0,0.6,5335.558
936036,11.0,50.0,0.3,3143.4104
936041,99.0,20.0,0.6,2124.152
936044,71.0,30.0,0.9,2583.863
936060,29.0,40.0,0.2,5331.298
936077,109.0,40.0,0.9,1522.2748
936082,89.0,40.0,0.3,7219.2197
936089,69.0,30.0,0.1,3618.6562
936100,123.0,40.0,0.9,7597.3374
936103,83.0,20.0,0.1,9712.555
936138,226.0,30.0,0.2,4797.04
936162,94.0,40.0,0.1,4689.6626
936164,117.0,30.0,0.8,3879.4978
936166,44.0,10.0,0.2,3604.601
936174,142.0,30.0,0.9,5591.957
936181,118.0,40.0,0.7,5811.623
936225,165.0,20.0,0.1,4005.152
936240,129.0,20.0,0.1,1222.374
936299,79.0,60.0,0.4,8699.123
936377,125.0,20.0,0.7,3931.5483
936422,209.0,20.0,0.8,2984.9062
936434,95.0,20.0,0.4,4708.6934
936443,121.0,40.0,0.5,2599.029
936459,85.0,20.0,0.7,4965.546
936469,194.0,30.0,0.8,4150.813
936481,203.0,30.0,0.9,4465.929
936495,107.0,30.0,0.9,1598.7538
936518,110.0,50.0,0.6,3925.8901
936563,274.0,50.0,0.9,1098.0443
936640,165.0,50.0,0.9,5482.119
936654,215.0,20.0,0.6,4541.381
936655,135.0,40.0,0.8,3597.984
936660,109.0,40.0,0.9,3795.713
936692,113.0,60.0,0.5,1013.63824
936745,106.0,50.0,0.9,3275.008
936788,129.0,50.0,0.9,4973.664
936836,73.0,20.0,0.4,3772.6519
936844,122.0,40.0,0.9,3820.6914
936878,119.0,30.0,0.2,2934.63
936917,62.0,20.0,0.1,1689.3174
936949,91.0,20.0,0.1,3912.595
936957,100.0,40.0,0.9,2958.4648
936993,109.0,40.0,0.6,3422.231
937000,146.0,40.0,0.5,2025.2168
937006,270.0,60.0,0.9,2240.373
937015,224.0,30.0,0.5,3298.2751
937067,188.0,60.0,0.8,2619.1343
937076,301.0,40.0,0.8,3165.6067
937107,113.0,40.0,0.6,4387.664
937123,47.0,30.0,0.2,2893.3503
937141,117.0,10.0,0.1,2757.3015
937150,179.0,30.0,0.7,1950.0734
937161,212.0,20.0,0.9,3286.1602
937187,112.0,50.0,0.9,4208.251
937223,186.0,40.0,0.4,2237.7024
937254,166.0,10.0,0.1,1520.9586
937282,114.0,30.0,0.8,1752.2014
937302,93.0,30.0,0.8,3183.2769
937306,243.0,30.0,0.8,3334.541
937308,100.0,50.0,0.1,2211.0488
937317,213.0,30.0,0.1,3666.6692
937350,88.0,30.0,0.1,1785.7997
937353,89.0,30.0,0.6,3192.4263
937355,147.0,40.0,0.9,4533.832
937371,147.0,20.0,0.9,2612.682
937406,203.0,50.0,0.7,362.538
937432,113.0,40.0,0.7,3116.9287
937493,110.0,30.0,0.9,4564.3696
937496,82.0,20.0,0.6,7616.2905
937536,120.0,40.0,0.7,3701.891
937540,225.0,40.0,0.9,3029.3975
937568,189.0,20.0,0.9,1284.9576
937608,55.0,40.0,0.8,4574.0205
937612,89.0,50.0,0.9,4655.843
937616,101.0,20.0,0.6,8083.4834
937665,61.0,30.0,0.7,4742.261
937800,117.0,40.0,0.8,3430.5203
937818,166.0,50.0,0.3,2690.1543
937854,84.0,20.0,0.7,1749.027
937871,127.0,30.0,0.8,2210.4333
937873,86.0,30.0,0.2,2983.6917
937875,91.0,20.0,0.1,4627.9473
937880,252.0,40.0,0.6,2444.5466
937896,110.0,40.0,0.9,2863.3916
937921,53.0,40.0,0.1,3748.0417
937938,90.0,30.0,0.8,4064.4543
937944,183.0,50.0,0.1,2724.0557
937964,135.0,40.0,0.9,3597.062
937970,88.0,40.0,0.9,3435.75
937976,263.0,50.0,0.9,4007.6692
937978,113.0,20.0,0.7,3922.498
937985,96.0,30.0,0.2,9413.705
937988,94.0,30.0,0.4,2428.0535
938009,165.0,30.0,0.7,1140.5829
938065,104.0,10.0,0.3,4775.143
938143,34.0,20.0,0.5,4155.3804
938168,175.0,30.0,0.1,3139.5845
938176,92.0,30.0,0.4,5639.773
938192,134.0,30.0,0.8,4867.7075
938217,196.0,20.0,0.9,3984.6663
938244,210.0,40.0,0.7,3866.0676
938254,177.0,60.0,0.9,2484.3325
938287,100.0,30.0,0.2,2531.2102
938301,121.0,50.0,0.2,1220.9099
938327,96.0,20.0,0.2,3147.2383
938340,121.0,40.0,0.7,1836.543
938343,177.0,30.0,0.9,4330.8228
938361,256.0,40.0,0.6,2566.797
938367,86.0,40.0,0.9,2786.5977
938410,159.0,30.0,0.1,4493.5522
938414,226.0,40.0,0.9,2923.337
938430,143.0,60.0,0.9,1645.593
938443,113.0,20.0,0.7,2871.5151
938462,162.0,30.0,0.2,3706.848
938490,184.0,30.0,0.9,723.06287
938514,231.0,40.0,0.9,3202.194
938569,165.0,50.0,0.5,5486.9595
938571,232.0,20.0,0.1,4475.5303
938599,200.0,30.0,0.7,4419.4326
938631,197.0,10.0,0.4,4302.2817
938730,256.0,50.0,0.1,2674.546
938746,85.0,40.0,0.1,2314.497
938770,100.0,40.0,0.3,3128.619
938793,124.0,50.0,0.2,2625.9465
938820,127.0,30.0,0.1,6195.32
938868,268.0,30.0,0.9,4311.198
938881,54.0,20.0,0.9,3452.1548
938884,121.0,30.0,0.9,5017.3105
938886,227.0,40.0,0.7,3359.328
938953,90.0,30.0,0.3,2895.3804
938960,94.0,40.0,0.6,4425.5386
938961,110.0,20.0,0.1,5547.031
939017,117.0,40.0,0.8,4721.26
939021,118.0,40.0,0.8,4030.4763
939044,70.0,20.0,0.6,2604.3699
939091,188.0,50.0,0.9,1241.9854
939097,94.0,50.0,0.4,1766.8221
939113,107.0,10.0,0.1,4481.5635
939133,49.0,20.0,0.3,4493.509
939137,181.0,30.0,0.4,4038.4868
939153,97.0,20.0,0.5,3546.1528
939171,129.0,30.0,0.5,720.2061
939197,107.0,40.0,0.4,5611.923
939198,103.0,20.0,0.5,5930.7227
939205,233.0,40.0,0.9,2939.2217
939212,135.0,20.0,0.7,2228.9265
939238,89.0,40.0,0.8,985.456
939244,81.0,40.0,0.5,5423.6685
939248,124.0,30.0,0.4,1028.4955
939251,60.0,40.0,0.6,6118.9253
939257,152.0,40.0,0.9,3231.3567
939263,244.0,40.0,0.9,3660.4524
939269,98.0,20.0,0.8,5274.7886
939276,128.0,20.0,0.2,7790.565
939314,281.0,30.0,0.1,1515.7491
939328,117.0,20.0,0.8,4532.5684
939351,148.0,50.0,0.1,2068.6182
939417,103.0,30.0,0.6,941.4923
939421,122.0,40.0,0.8,4726.5107
939422,108.0,30.0,0.8,3870.2566
939431,177.0,20.0,0.8,3170.0723
939441,150.0,40.0,0.8,7773.3555
939462,46.0,30.0,0.7,2942.4546
939463,186.0,40.0,0.9,3580.3726
939465,139.0,40.0,0.4,4198.394
939472,94.0,20.0,0.9,4979.348
939502,97.0,40.0,0.6,5658.5464
939565,201.0,30.0,0.9,5066.104
939586,77.0,50.0,0.9,1491.2441
939607,204.0,20.0,0.1,1268.8219
939634,102.0,40.0,0.4,3586.755
939636,269.0,20.0,0.1,3466.0276
939651,109.0,40.0,0.8,3363.6423
939698,51.0,30.0,0.6,2168.2446
939706,100.0,30.0,0.6,3201.5437
939723,65.0,40.0,0.7,4162.6904
939745,123.0,40.0,0.7,2735.5686
939811,100.0,60.0,0.2,122.06627
939824,109.0,40.0,0.8,3483.5024
939875,70.0,20.0,0.4,3646.3345
939897,97.0,30.0,0.9,3958.8916
939901,126.0,10.0,0.7,2042.4705
939958,83.0,20.0,0.5,6104.946
939966,254.0,20.0,0.4,5635.159
939983,151.0,40.0,0.8,2690.593
939986,194.0,70.0,0.7,902.5489
939990,142.0,30.0,0.9,4153.3696
940010,88.0,30.0,0.4,3498.7922
940042,134.0,50.0,0.5,2273.4446
940058,243.0,30.0,0.1,2534.789
940077,96.0,50.0,0.6,1722.8054
940146,210.0,30.0,0.7,4341.689
940155,201.0,20.0,0.1,1222.951
940278,130.0,40.0,0.8,3883.5132
940289,83.0,20.0,0.5,8289.161
940302,192.0,30.0,0.4,4466.088
940308,271.0,40.0,0.9,5950.3584
940365,32.0,20.0,0.1,5788.3213
940386,128.0,20.0,0.9,2160.9053
940387,119.0,50.0,0.4,2346.095
940396,95.0,40.0,0.1,4373.691
940397,170.0,30.0,0.9,1551.3793
940405,321.0,50.0,0.9,4442.472
940416,98.0,20.0,0.8,7515.32
940460,223.0,50.0,0.9,930.8426
940476,126.0,20.0,0.6,2993.6584
940532,113.0,30.0,0.8,4513.213
940568,124.0,40.0,0.1,1428.0623
940574,161.0,30.0,0.8,3028.1936
940596,97.0,20.0,0.3,5691.8
940642,224.0,50.0,0.9,3754.9084
940647,123.0,30.0,0.6,2560.3174
940697,197.0,30.0,0.5,2872.0027
940722,184.0,30.0,0.6,3247.54
940731,138.0,40.0,0.9,1640.3412
940733,156.0,40.0,0.8,4981.2817
940740,109.0,30.0,0.1,2838.8928
940771,253.0,40.0,0.1,6624.582
940783,79.0,20.0,0.9,4371.0767
940786,97.0,20.0,0.8,2307.2402
940795,197.0,30.0,0.8,1040.1304
940804,243.0,50.0,0.4,2074.2834
940849,125.0,30.0,0.6,4702.795
940851,330.0,50.0,0.9,2928.3438
940854,230.0,50.0,0.6,2168.638
940859,113.0,40.0,0.7,797.44904
940867,88.0,40.0,0.2,5352.0493
940873,167.0,40.0,0.7,1061.7028
940904,107.0,10.0,0.8,1786.1763
940907,31.0,30.0,0.9,3544.4722
940909,132.0,20.0,0.1,3979.076
940942,105.0,40.0,0.9,2980.5757
940950,63.0,40.0,0.5,3460.083
940973,162.0,30.0,0.4,3020.4104
940979,99.0,30.0,0.6,3396.9634
941021,121.0,20.0,0.2,5150.2324
941024,102.0,20.0,0.9,4824.693
941051,213.0,20.0,0.2,3795.4648
941103,170.0,30.0,0.8,746.8498
941117,108.0,30.0,0.1,2682.7744
941126,292.0,30.0,0.1,8110.1133
941128,184.0,30.0,0.9,3544.668
941199,65.0,10.0,0.1,6373.3677
941215,239.0,50.0,0.6,701.58215
941224,101.0,20.0,0.1,1759.3833
941250,181.0,20.0,0.6,3038.8357
941271,324.0,30.0,0.6,4953.623
941412,153.0,10.0,0.2,3940.5369
941451,187.0,40.0,0.1,1443.2977
941452,136.0,40.0,0.7,4439.071
941455,122.0,50.0,0.8,4356.291
941509,66.0,30.0,0.8,2949.5408
941522,132.0,40.0,0.9,3694.7837
941530,11.0,30.0,0.5,5954.297
941535,56.0,30.0,0.1,1875.9813
941544,282.0,60.0,0.6,270.5288
941547,170.0,30.0,0.1,2229.8848
941562,52.0,30.0,0.7,2737.7532
941563,128.0,40.0,0.8,2901.6084
941571,91.0,40.0,0.1,3499.3481
941580,104.0,50.0,0.5,1138.1132
941581,160.0,40.0,0.4,2424.8433
941600,192.0,50.0,0.9,3133.0588
941614,92.0,20.0,0.1,749.0894
941616,98.0,40.0,0.9,4426.445
941632,104.0,10.0,0.9,4221.458
941633,91.0,20.0,0.9,3182.5642
941637,209.0,20.0,0.9,1481.4646
941655,218.0,40.0,0.9,1906.0477
941674,69.0,10.0,0.3,5184.3706
941696,138.0,40.0,0.9,2339.487
941708,172.0,40.0,0.8,3207.259
941732,105.0,40.0,0.9,898.9973
941755,331.0,50.0,0.9,5135.066
941767,81.0,20.0,0.8,2606.7207
941776,125.0,20.0,0.6,4768.1123
941779,237.0,30.0,0.9,2691.7556
941795,127.0,20.0,0.7,4697.252
941858,196.0,30.0,0.8,2965.1223
941861,89.0,20.0,0.9,4159.839
941874,75.0,40.0,0.5,2655.8105
941875,206.0,30.0,0.4,5407.0366
941879,115.0,30.0,0.9,2794.1467
941930,197.0,30.0,0.4,900.0036
941946,296.0,50.0,0.9,4301.5234
941980,95.0,70.0,0.7,1304.1113
942035,98.0,40.0,0.6,3090.13
942090,61.0,30.0,0.4,5278.2324
942201,190.0,20.0,0.9,3827.5972
942217,104.0,20.0,0.9,3398.1536
942226,171.0,20.0,0.8,3286.8909
942275,131.0,50.0,0.6,1525.2997
942321,89.0,40.0,0.9,541.51953
942368,99.0,30.0,0.8,2412.6091
942374,131.0,50.0,0.9,1967.024
942389,115.0,30.0,0.2,6609.101
942407,82.0,30.0,0.7,5714.289
942413,146.0,40.0,0.9,1957.9279
942453,291.0,40.0,0.9,1060.0931
942465,130.0,30.0,0.3,5651.2046
942470,85.0,20.0,0.1,2464.082
942483,97.0,30.0,0.9,1775.407
942517,107.0,40.0,0.2,6761.565
942532,216.0,40.0,0.9,3459.2764
942575,80.0,30.0,0.7,4645.894
942578,170.0,20.0,0.9,876.57104
942596,134.0,20.0,0.6,2401.7202
942600,92.0,30.0,0.6,3725.3777
942602,281.0,50.0,0.8,4064.3972
942663,137.0,20.0,0.2,3952.8904
942683,169.0,40.0,0.5,2435.7268
942733,77.0,60.0,0.9,2864.341
942741,182.0,20.0,0.9,4703.0747
942758,239.0,40.0,0.9,3481.0283
942762,101.0,30.0,0.9,2214.9036
942766,167.0,40.0,0.7,3816.2666
942783,136.0,40.0,0.9,7638.6255
942789,97.0,20.0,0.1,6045.7417
942800,38.0,20.0,0.1,2380.6592
942833,215.0,30.0,0.8,5789.2427
942844,108.0,50.0,0.6,3093.3782
942850,92.0,30.0,0.3,4401.4097
942934,106.0,20.0,0.1,4487.52
942977,117.0,20.0,0.6,3762.485
942992,83.0,60.0,0.7,1985.209
942996,95.0,70.0,0.2,5948.657
942998,131.0,60.0,0.1,3053.305
943002,82.0,30.0,0.9,3708.2815
943063,68.0,30.0,0.1,4602.572
943067,179.0,30.0,0.8,1650.6832
943102,111.0,10.0,0.5,2109.705
943105,72.0,40.0,0.9,3229.164
943111,97.0,40.0,0.7,4241.884
943139,94.0,40.0,0.1,3349.0356
943158,118.0,20.0,0.1,2073.7114
943210,113.0,20.0,0.4,5017.3687
943222,244.0,40.0,0.7,3651.8882
943277,74.0,20.0,0.1,402.6214
943291,90.0,40.0,0.1,1333.619
943292,123.0,20.0,0.9,727.9953
943294,101.0,20.0,0.1,2940.5195
943309,135.0,30.0,0.8,3135.2192
943350,247.0,40.0,0.8,2381.5063
943369,199.0,20.0,0.8,2677.9822
943387,47.0,20.0,0.1,6408.8906
943390,84.0,20.0,0.9,5833.9717
943404,114.0,40.0,0.4,3177.252
943422,113.0,20.0,0.5,1784.6127
943483,109.0,60.0,0.9,1268.5576
943498,98.0,30.0,0.3,3237.85
943541,107.0,20.0,0.9,2767.6409
943558,133.0,40.0,0.6,1843.8248
943578,149.0,30.0,0.6,2964.7495
943612,95.0,20.0,0.8,5779.142
943617,326.0,20.0,0.9,3184.631
943624,116.0,20.0,0.9,5091.118
943670,249.0,40.0,0.7,3858.518
943674,299.0,40.0,0.9,5118.3965
943675,107.0,20.0,0.8,7237.4805
943676,204.0,40.0,0.7,1104.4747
943729,91.0,30.0,0.8,4448.154
943780,104.0,30.0,0.9,3326.3528
943793,113.0,30.0,0.8,3537.779
943810,150.0,50.0,0.7,2975.648
943815,71.0,20.0,0.3,3505.618
943817,217.0,20.0,0.8,3270.4705
943842,118.0,20.0,0.1,3621.567
943848,208.0,40.0,0.9,3633.2856
943894,173.0,10.0,0.8,3066.358
943933,64.0,30.0,0.5,1959.3215
943938,107.0,40.0,0.9,3624.7266
944024,146.0,50.0,0.9,2892.9397
944025,175.0,60.0,0.7,3766.055
944073,259.0,50.0,0.6,6396.7593
944124,148.0,50.0,0.8,6402.176
944155,99.0,40.0,0.3,4744.7446
944233,122.0,30.0,0.8,3677.9277
944244,113.0,60.0,0.1,5403.919
944256,65.0,20.0,0.6,4293.2837
944285,229.0,30.0,0.4,5516.949
944319,91.0,50.0,0.9,3192.1348
944344,92.0,40.0,0.9,2816.4094
944355,167.0,30.0,0.5,3479.933
944356,216.0,40.0,0.8,4572.899
944402,183.0,20.0,0.1,6669.665
944410,87.0,10.0,0.9,2699.9087
944420,118.0,20.0,0.9,4135.3726
944440,96.0,40.0,0.8,4719.4136
944499,121.0,20.0,0.8,2552.3496
944512,241.0,40.0,0.9,2744.1262
944530,122.0,40.0,0.1,1663.7036
944536,108.0,40.0,0.7,4042.7297
944546,167.0,20.0,0.3,5014.815
944590,84.0,20.0,0.1,4196.997
944643,72.0,30.0,0.1,2243.7488
944646,187.0,40.0,0.8,4753.1753
944658,89.0,10.0,0.1,5351.429
944681,67.0,30.0,0.6,5116.463
944727,35.0,30.0,0.4,2100.156
944732,125.0,20.0,0.1,4555.5244
944734,45.0,30.0,0.8,7390.822
944786,98.0,20.0,0.9,4878.2305
944827,103.0,20.0,0.2,6769.4453
944840,119.0,40.0,0.9,2899.644
944847,194.0,30.0,0.2,4415.7363
944858,195.0,20.0,0.9,2966.4375
944867,191.0,30.0,0.9,2744.674
944882,79.0,30.0,0.9,1502.9843
944896,123.0,20.0,0.4,2452.7043
944907,145.0,50.0,0.9,1608.8348
944934,132.0,40.0,0.9,3754.6711
944994,215.0,30.0,0.8,5179.5244
945009,94.0,20.0,0.1,2511.7231
945025,105.0,30.0,0.4,2667.9531
945060,219.0,20.0,0.7,2764.3162
945129,166.0,30.0,0.6,2937.5056
945154,113.0,20.0,0.3,7537.7065
945171,81.0,40.0,0.4,3384.6836
945206,75.0,40.0,0.2,3740.2446
945208,122.0,30.0,0.4,1556.8759
945249,148.0,30.0,0.9,2897.8667
945282,99.0,30.0,0.8,5459.5674
945293,120.0,20.0,0.4,3646.2622
945316,69.0,30.0,0.1,3692.645
945318,177.0,30.0,0.1,4251.158
945321,267.0,20.0,0.9,4217.012
945324,217.0,40.0,0.6,1871.413
945342,75.0,40.0,0.8,2606.2317
945403,2.0,20.0,0.1,8613.73
945437,173.0,30.0,0.9,1494.8131
945454,250.0,40.0,0.9,4351.717
945473,220.0,50.0,0.8,7625.458
945518,126.0,20.0,0.8,3249.536
945538,121.0,20.0,0.1,3996.6206
945543,146.0,10.0,0.3,1351.9338
945545,120.0,30.0,0.6,4366.6714
945555,253.0,30.0,0.4,4833.781
945559,250.0,30.0,0.7,1129.4827
945561,93.0,20.0,0.1,4196.7554
945592,139.0,30.0,0.9,2463.337
945618,197.0,50.0,0.9,4194.659
945648,59.0,60.0,0.1,6444.206
945650,110.0,20.0,0.9,4146.0674
945664,123.0,40.0,0.9,3423.3286
945712,65.0,30.0,0.9,4309.931
945718,201.0,40.0,0.8,4110.437
945735,65.0,40.0,0.8,5692.1055
945777,77.0,40.0,0.9,3916.6785
945792,265.0,20.0,0.1,1497.5303
945802,102.0,20.0,0.3,4926.989
945837,58.0,30.0,0.1,3460.2573
945862,98.0,10.0,0.1,3010.4736
945896,117.0,20.0,0.2,2256.5667
945902,60.0,30.0,0.9,3835.8599
945974,116.0,20.0,0.6,5016.2095
945978,61.0,40.0,0.9,2729.2183
945980,108.0,50.0,0.9,2434.6208
945999,190.0,40.0,0.8,1518.4785
946040,81.0,40.0,0.1,1795.3787
946056,177.0,60.0,0.1,6851.0903
946059,115.0,30.0,0.6,2638.649
946077,63.0,20.0,0.8,5796.7847
946134,98.0,50.0,0.6,1723.3352
946148,226.0,30.0,0.5,3604.82
946149,127.0,40.0,0.6,6520.5127
946158,107.0,30.0,0.1,1476.4336
946179,104.0,20.0,0.9,2720.103
946189,140.0,30.0,0.8,3222.5
946191,103.0,50.0,0.9,12711.486
946214,199.0,40.0,0.5,4092.0754
946220,248.0,30.0,0.2,3254.321
946229,51.0,30.0,0.9,1376.2395
946237,98.0,30.0,0.9,1933.0427
946266,94.0,20.0,0.9,3619.681
946287,159.0,40.0,0.8,5018.924
946312,195.0,20.0,0.9,3973.7678
946328,66.0,30.0,0.5,4608.7793
946329,157.0,20.0,0.7,2270.1013
946366,217.0,40.0,0.9,4038.1821
946387,212.0,30.0,0.8,1989.6821
946391,202.0,20.0,0.5,12050.863
946396,114.0,30.0,0.1,5060.7266
946399,181.0,30.0,0.7,1752.0438
946401,97.0,50.0,0.2,3815.9597
946416,121.0,50.0,0.9,2765.2485
946425,105.0,40.0,0.7,3850.9111
946426,113.0,30.0,0.8,2628.4407
946431,76.0,30.0,0.7,4106.2856
946448,103.0,50.0,0.7,2918.2637
946471,275.0,30.0,0.8,3268.0076
946489,48.0,40.0,0.2,4327.081
946541,91.0,20.0,0.9,3694.5112
946545,89.0,40.0,0.7,2241.2146
946557,135.0,40.0,0.5,3866.734
946562,80.0,40.0,0.8,2227.0168
946565,208.0,40.0,0.3,5257.545
946566,258.0,40.0,0.9,3561.0764
946571,180.0,50.0,0.9,5097.3926
946589,102.0,30.0,0.2,3943.052
946596,96.0,30.0,0.8,3930.7156
946601,114.0,40.0,0.3,6215.667
946616,129.0,30.0,0.6,3172.6072
946628,315.0,30.0,0.9,2152.4302
946632,94.0,50.0,0.9,4227.5996
946634,192.0,40.0,0.9,2466.1145
946650,104.0,60.0,0.7,3672.479
946655,230.0,30.0,0.8,3320.902
946674,110.0,60.0,0.1,5713.4004
946687,145.0,40.0,0.7,3907.397
946713,93.0,20.0,0.8,4160.9805
946746,118.0,40.0,0.2,382.84396
946757,110.0,20.0,0.4,2964.8408
946790,86.0,20.0,0.8,3397.3923
946813,190.0,20.0,0.6,3959.2825
946841,176.0,50.0,0.5,3294.494
946864,132.0,40.0,0.5,6825.0674
946869,125.0,40.0,0.9,6802.7334
946882,98.0,30.0,0.7,3999.6692
946886,195.0,30.0,0.8,1277.3298
946916,89.0,40.0,0.5,3683.41
946957,92.0,30.0,0.7,6466.9917
946959,102.0,20.0,0.6,3475.1401
946962,70.0,30.0,0.9,2520.9875
946976,166.0,30.0,0.1,1623.5952
946977,207.0,20.0,0.1,3704.5247
947006,93.0,20.0,0.8,1780.3041
947008,171.0,20.0,0.8,3120.9233
947033,81.0,50.0,0.9,2191.134
947046,177.0,60.0,0.6,4106.387
947055,160.0,30.0,0.9,3125.6575
947083,83.0,40.0,0.8,2336.4058
947092,200.0,30.0,0.8,1500.1447
947133,122.0,50.0,0.6,5976.7124
947141,159.0,40.0,0.7,741.2568
947148,180.0,30.0,0.5,4790.016
947166,86.0,30.0,0.6,3849.6438
947193,98.0,50.0,0.6,4833.989
947222,112.0,40.0,0.6,2781.7683
947273,163.0,50.0,0.9,4868.0356
947288,181.0,30.0,0.9,6143.86
947327,212.0,30.0,0.1,5783.052
947336,89.0,10.0,0.6,3624.4502
947361,123.0,20.0,0.5,938.68933
947432,104.0,20.0,0.9,3673.5496
947458,116.0,20.0,0.9,2819.678
947474,124.0,30.0,0.8,3241.6345
947475,109.0,20.0,0.8,3592.0706
947497,267.0,40.0,0.8,1718.7155
947519,289.0,20.0,0.7,2034.6763
947536,67.0,20.0,0.8,7732.364
947537,173.0,30.0,0.9,3211.4985
947554,125.0,40.0,0.9,4238.044
947562,117.0,60.0,0.9,4126.018
947565,128.0,20.0,0.2,4611.9214
947609,225.0,20.0,0.8,1776.3773
947641,103.0,30.0,0.4,2689.3809
947651,104.0,30.0,0.8,872.41534
947662,94.0,40.0,0.1,2029.9904
947664,127.0,50.0,0.9,6667.8994
947684,121.0,30.0,0.4,3920.3894
947687,164.0,20.0,0.9,3998.7324
947734,61.0,30.0,0.9,3500.1538
947778,103.0,30.0,0.9,3906.5674
947786,121.0,20.0,0.7,3863.1394
947814,98.0,20.0,0.9,8187.4697
947844,45.0,20.0,0.5,3013.1118
947856,133.0,30.0,0.3,3741.3528
947899,76.0,40.0,0.9,6170.9585
947908,183.0,40.0,0.4,4018.3586
947909,75.0,30.0,0.8,4719.0103
947933,168.0,30.0,0.4,7669.8403
947970,121.0,40.0,0.9,5879.2554
947976,126.0,40.0,0.7,4778.5947
947983,196.0,40.0,0.9,4748.6123
947989,42.0,20.0,0.1,4491.7905
948028,180.0,30.0,0.9,1884.3298
948072,313.0,40.0,0.9,6871.847
948079,127.0,40.0,0.9,1793.5615
948132,124.0,40.0,0.5,4578.7373
948153,176.0,30.0,0.9,1813.1132
948169,149.0,40.0,0.5,2305.365
948202,68.0,30.0,0.2,3436.4316
948257,76.0,40.0,0.9,2186.6333
948308,-51.0,20.0,0.2,5179.5874
948313,114.0,50.0,0.8,3767.0903
948316,92.0,30.0,0.9,3920.2517
948322,165.0,40.0,0.8,474.5782
948331,110.0,20.0,0.7,3419.699
948336,155.0,20.0,0.8,988.87634
948349,109.0,20.0,0.6,6846.9453
948367,114.0,40.0,0.3,4740.162
948372,115.0,30.0,0.8,4455.3315
948393,286.0,30.0,0.6,2930.3218
948395,193.0,40.0,0.9,1374.6647
948398,178.0,50.0,0.4,3233.343
948407,80.0,30.0,0.8,2313.7793
948411,285.0,30.0,0.9,385.86194
948422,203.0,30.0,0.6,3800.3816
948427,126.0,30.0,0.7,1474.5347
948442,179.0,20.0,0.9,4621.6147
948450,138.0,40.0,0.9,6719.578
948451,106.0,70.0,0.1,952.6356
948457,90.0,30.0,0.6,3248.2627
948468,91.0,30.0,0.9,4581.0737
948478,114.0,20.0,0.9,3195.743
948495,120.0,50.0,0.5,5149.2188
948507,207.0,40.0,0.8,3410.117
948510,96.0,40.0,0.6,3921.4153
948569,115.0,20.0,0.9,2030.9335
948572,62.0,10.0,0.8,4195.2725
948574,108.0,20.0,0.7,3237.3567
948597,84.0,30.0,0.8,4117.117
948602,138.0,30.0,0.8,8550.777
948617,41.0,40.0,0.9,4585.5723
948702,164.0,50.0,0.9,4711.3613
948703,263.0,20.0,0.9,3434.552
948724,61.0,20.0,0.4,4259.3794
948732,167.0,30.0,0.7,1904.2278
948752,89.0,30.0,0.7,4937.199
948758,83.0,40.0,0.6,1429.5919
948769,179.0,20.0,0.6,4435.103
948779,96.0,50.0,0.4,4385.8716
948793,196.0,50.0,0.7,723.228
948840,98.0,30.0,0.2,1938.2274
948911,72.0,30.0,0.5,5065.462
948916,94.0,20.0,0.9,3868.3174
948954,117.0,40.0,0.7,2507.123
948975,72.0,20.0,0.5,2942.351
948980,82.0,10.0,0.1,4399.6113
948992,149.0,50.0,0.9,4798.992
949005,193.0,40.0,0.2,4106.8994
949011,272.0,40.0,0.8,3807.49
949041,136.0,30.0,0.8,3564.0693
949047,136.0,30.0,0.7,1092.2488
949204,190.0,30.0,0.8,1075.0658
949210,139.0,40.0,0.6,3549.1038
949269,296.0,30.0,0.9,2036.0732
949407,110.0,40.0,0.7,2898.2556
949420,267.0,40.0,0.6,111.103874
949425,207.0,20.0,0.3,1630.6655
949434,129.0,40.0,0.7,2679.2617
949451,127.0,30.0,0.9,3349.7363
949476,226.0,20.0,0.1,6491.9136
949479,123.0,30.0,0.9,2651.1323
949485,162.0,20.0,0.7,2838.613
949625,102.0,10.0,0.1,3262.079
949674,159.0,40.0,0.8,3879.074
949677,213.0,40.0,0.6,1365.2427
949680,99.0,40.0,0.8,4937.657
949703,100.0,40.0,0.8,3163.3335
949749,117.0,40.0,0.9,2422.1987
949758,124.0,40.0,0.8,3895.633
949778,147.0,40.0,0.9,3323.086
949806,115.0,40.0,0.9,2376.9111
949832,57.0,40.0,0.5,3227.144
949837,189.0,30.0,0.7,1312.2275
949840,105.0,30.0,0.9,7489.5107
949846,120.0,20.0,0.1,3875.9321
949848,172.0,60.0,0.4,4150.8735
949871,71.0,30.0,0.9,1811.273
949955,96.0,20.0,0.8,4487.4937
949984,71.0,30.0,0.1,4327.63
949987,112.0,40.0,0.9,1698.6254
950004,133.0,40.0,0.4,4674.28
950021,223.0,50.0,0.4,5078.801
950023,20.0,30.0,0.1,1240.4971
950024,156.0,30.0,0.9,6030.609
950067,61.0,30.0,0.7,3384.6277
950078,76.0,30.0,0.3,2946.7087
950095,106.0,40.0,0.9,2184.4397
950122,277.0,50.0,0.8,4666.57
950191,91.0,20.0,0.6,4010.7727
950213,139.0,40.0,0.9,4538.1567
950214,182.0,40.0,0.8,1595.5939
950253,183.0,40.0,0.9,3343.3435
950257,99.0,20.0,0.1,2999.8635
950263,111.0,20.0,0.8,1480.1871
950289,104.0,40.0,0.8,3838.3784
950361,154.0,40.0,0.9,2825.6304
950377,112.0,30.0,0.6,3141.952
950401,169.0,50.0,0.2,2760.046
950436,220.0,30.0,0.9,2551.4082
950444,80.0,40.0,0.9,4016.321
950446,213.0,30.0,0.9,4031.168
950463,96.0,40.0,0.6,2743.752
950485,111.0,40.0,0.6,5326.1245
950526,114.0,20.0,0.1,512.31067
950532,131.0,30.0,0.9,4563.146
950554,188.0,50.0,0.7,3612.4539
950560,110.0,30.0,0.6,907.7072
950618,112.0,50.0,0.3,2494.9116
950638,95.0,20.0,0.1,5633.9897
950640,80.0,40.0,0.3,3884.6047
950654,203.0,40.0,0.6,1878.1704
950694,152.0,30.0,0.9,4918.505
950700,69.0,30.0,0.6,710.9096
950735,190.0,60.0,0.6,2578.8748
950740,70.0,20.0,0.4,6265.1377
950770,109.0,20.0,0.5,3374.3113
950788,113.0,40.0,0.8,4320.917
950807,163.0,50.0,0.9,4491.5825
950819,95.0,40.0,0.8,2772.0737
950830,109.0,20.0,0.3,3473.6233
950840,191.0,20.0,0.9,1690.722
950884,81.0,50.0,0.1,5189.8345
950984,104.0,20.0,0.7,5955.2773
950994,174.0,40.0,0.9,7501.756
951106,116.0,40.0,0.7,3517.996
951110,107.0,30.0,0.9,3916.1807
951116,353.0,50.0,0.4,859.1742
951117,97.0,30.0,0.5,1834.3805
951141,151.0,20.0,0.9,4131.868
951152,87.0,50.0,0.9,1699.9856
951187,51.0,30.0,0.4,4584.654
951198,231.0,60.0,0.7,1410.5299
951205,253.0,30.0,0.8,2584.733
951220,133.0,40.0,0.8,3647.7615
951261,202.0,40.0,0.5,3898.5657
951280,106.0,30.0,0.7,1585.0845
951282,192.0,20.0,0.9,4717.12
951286,121.0,20.0,0.9,2757.1155
951292,79.0,60.0,0.5,928.92413
951294,226.0,50.0,0.9,6688.6816
951324,117.0,20.0,0.6,709.95496
951335,120.0,20.0,0.2,4940.9673
951372,241.0,30.0,0.9,3062.7014
951402,272.0,50.0,0.9,506.64218
951435,125.0,30.0,0.9,2541.5132
951490,95.0,60.0,0.6,1298.4634
951556,96.0,30.0,0.8,1699.7004
951558,94.0,30.0,0.9,3128.0713
951561,100.0,40.0,0.4,5341.829
951565,148.0,30.0,0.2,3801.512
951580,278.0,80.0,0.9,4186.802
951589,91.0,30.0,0.9,2151.2742
951647,145.0,50.0,0.9,6392.0547
951661,138.0,40.0,0.9,3340.4148
951673,186.0,40.0,0.9,927.0443
951688,123.0,40.0,0.6,4670.71
951696,60.0,40.0,0.7,1911.3666
951726,114.0,40.0,0.9,3210.6777
951747,228.0,40.0,0.9,4083.3147
951750,42.0,20.0,0.1,4145.2095
951811,105.0,20.0,0.2,5939.5596
951823,181.0,20.0,0.6,4956.826
951886,121.0,40.0,0.8,3528.3367
951900,118.0,50.0,0.1,6100.0767
951901,98.0,50.0,0.4,3916.6187
951936,96.0,40.0,0.9,4130.7334
951945,116.0,40.0,0.1,5875.5376
952008,167.0,30.0,0.9,3262.0935
952009,108.0,40.0,0.7,1942.2795
952011,283.0,50.0,0.7,4509.6675
952017,198.0,30.0,0.2,4864.137
952023,94.0,30.0,0.9,6165.6025
952030,119.0,40.0,0.6,3704.444
952032,112.0,40.0,0.9,3074.8523
952072,207.0,40.0,0.7,3909.1255
952090,150.0,40.0,0.8,2332.7163
952111,93.0,30.0,0.6,5015.6367
952116,90.0,20.0,0.9,2492.5083
952117,70.0,50.0,0.3,2617.7932
952124,147.0,30.0,0.7,2285.0554
952154,358.0,30.0,0.7,1272.9315
952155,112.0,20.0,0.8,4627.8584
952240,123.0,50.0,0.1,4343.309
952242,259.0,20.0,0.8,3182.8079
952274,155.0,40.0,0.6,2600.385
952326,138.0,20.0,0.7,2337.1443
952355,104.0,20.0,0.6,5113.3687
952386,110.0,30.0,0.5,1075.3239
952400,143.0,30.0,0.3,3024.851
952403,106.0,30.0,0.9,1924.6354
952446,82.0,20.0,0.5,4235.18
952487,11.0,30.0,0.7,4208.539
952518,160.0,20.0,0.1,1209.4208
952549,279.0,20.0,0.2,798.70386
952555,100.0,20.0,0.2,1466.235
952561,96.0,20.0,0.4,3748.5974
952615,102.0,30.0,0.4,4493.111
952628,119.0,30.0,0.8,6211.812
952633,87.0,40.0,0.8,4722.026
952654,280.0,20.0,0.2,6772.521
952697,269.0,60.0,0.2,4439.054
952698,88.0,20.0,0.1,9334.771
952738,122.0,40.0,0.8,5107.127
952781,278.0,20.0,0.8,1220.0641
952829,114.0,30.0,0.9,4779.3887
952843,115.0,20.0,0.1,2361.8418
952864,104.0,50.0,0.1,8114.9604
952894,240.0,50.0,0.9,1331.5636
952922,265.0,50.0,0.4,3520.9062
952935,215.0,40.0,0.8,4501.898
952972,242.0,50.0,0.9,923.6824
952976,162.0,20.0,0.9,6093.4316
952980,145.0,20.0,0.2,3526.4011
953035,174.0,30.0,0.9,2824.6157
953039,89.0,30.0,0.9,6305.783
953046,97.0,30.0,0.1,3940.5293
953054,178.0,30.0,0.8,2572.4446
953091,89.0,30.0,0.9,4365.3574
953092,115.0,40.0,0.7,6039.5625
953101,110.0,30.0,0.6,1518.8822
953234,98.0,30.0,0.8,4887.561
953252,101.0,30.0,0.9,5745.3735
953255,196.0,30.0,0.5,2542.5625
953288,114.0,40.0,0.6,3866.4553
953294,141.0,30.0,0.6,9384.267
953295,87.0,30.0,0.3,3259.3213
953303,94.0,30.0,0.1,754.72626
953305,78.0,30.0,0.8,365.41785
953313,169.0,40.0,0.9,3236.3289
953330,104.0,30.0,0.8,3369.3237
953331,109.0,40.0,0.5,871.7228
953345,188.0,30.0,0.9,5959.539
953357,109.0,40.0,0.8,946.7295
953362,167.0,40.0,0.9,3214.0132
953404,147.0,30.0,0.9,4529.51
953426,149.0,30.0,0.1,3786.2622
953495,270.0,40.0,0.1,5565.85
953518,133.0,60.0,0.9,6224.2876
953530,125.0,10.0,0.2,10930.621
953542,69.0,40.0,0.1,6235.6963
953549,97.0,30.0,0.9,5434.3955
953566,207.0,50.0,0.9,4720.1074
953571,110.0,40.0,0.9,1539.2451
953637,110.0,40.0,0.9,3721.8167
953658,203.0,30.0,0.8,1188.0468
953673,129.0,30.0,0.9,2683.6406
953677,93.0,40.0,0.6,4370.271
953684,209.0,30.0,0.9,3264.6768
953686,332.0,30.0,0.1,966.39716
953701,210.0,40.0,0.9,3680.924
953719,89.0,20.0,0.2,930.04706
953723,168.0,40.0,0.6,5487.962
953775,117.0,20.0,0.4,897.0405
953794,157.0,30.0,0.1,4726.5464
953809,92.0,20.0,0.4,741.53094
953827,82.0,20.0,0.6,1569.3788
953828,118.0,50.0,0.9,5549.421
953834,175.0,40.0,0.9,5076.233
953878,120.0,20.0,0.4,2451.6497
953937,176.0,40.0,0.7,1302.3529
953939,85.0,30.0,0.8,3438.8955
953942,275.0,40.0,0.9,4128.5596
953964,170.0,30.0,0.9,2690.0405
954019,125.0,20.0,0.6,1836.117
954102,206.0,30.0,0.4,3877.3352
954119,158.0,50.0,0.8,6332.9053
954132,107.0,20.0,0.5,4983.753
954148,60.0,30.0,0.6,3110.3196
954160,102.0,50.0,0.7,4952.2744
954162,137.0,40.0,0.9,5364.105
954169,90.0,30.0,0.1,5043.985
954201,123.0,30.0,0.2,4286.293
954205,222.0,50.0,0.7,2862.5227
954220,165.0,30.0,0.7,4017.8103
954237,251.0,20.0,0.9,3412.9983
954279,117.0,30.0,0.3,5866.571
954291,274.0,40.0,0.8,3592.1978
954312,200.0,40.0,0.9,2140.265
954327,82.0,50.0,0.2,3834.4602
954340,187.0,20.0,0.1,3350.7324
954370,113.0,20.0,0.2,4570.3345
954407,180.0,30.0,0.9,4425.2646
954417,193.0,40.0,0.7,1997.7467
954422,89.0,20.0,0.1,2152.8735
954447,181.0,40.0,0.4,3699.958
954509,99.0,20.0,0.1,8215.692
954520,88.0,10.0,0.8,1516.3691
954544,94.0,40.0,0.9,3941.4736
954549,249.0,40.0,0.6,802.42285
954552,21.0,50.0,0.2,4713.915
954553,195.0,40.0,0.5,1783.3076
954585,143.0,20.0,0.3,2848.1438
954605,126.0,40.0,0.1,3448.8044
954613,255.0,50.0,0.8,5696.6387
954650,150.0,30.0,0.6,1740.5804
954710,-23.0,20.0,0.8,3651.8657
954736,54.0,30.0,0.2,1106.1439
954793,104.0,30.0,0.4,2843.6438
954834,111.0,60.0,0.9,1918.156
954847,68.0,40.0,0.7,4198.2554
954856,72.0,20.0,0.6,5353.975
954875,235.0,30.0,0.9,1906.3699
954876,129.0,20.0,0.4,1927.6001
954890,215.0,40.0,0.9,289.8399
954938,134.0,60.0,0.6,3031.4204
954963,133.0,40.0,0.1,5291.6743
954966,114.0,40.0,0.9,2698.2766
954987,125.0,30.0,0.9,1576.9855
954997,69.0,40.0,0.2,1795.6448
955002,180.0,50.0,0.9,2048.802
955007,103.0,70.0,0.9,3086.7183
955057,87.0,30.0,0.6,2241.0042
955095,83.0,50.0,0.4,3911.1028
955103,95.0,20.0,0.1,11820.677
955104,107.0,30.0,0.3,2475.0461
955133,203.0,40.0,0.6,5391.467
955155,185.0,40.0,0.9,915.30884
955169,178.0,40.0,0.8,4208.6885
955184,104.0,40.0,0.8,1333.513
955190,125.0,40.0,0.9,626.7105
955232,109.0,30.0,0.1,4213.9395
955237,41.0,20.0,0.2,5718.8887
955241,264.0,50.0,0.8,2882.8499
955271,201.0,60.0,0.5,1141.6151
955280,141.0,30.0,0.7,1490.1761
955289,66.0,10.0,0.1,4311.962
955302,199.0,40.0,0.2,11973.28
955313,276.0,20.0,0.6,6664.2495
955356,92.0,40.0,0.4,5220.581
955371,136.0,30.0,0.4,4274.522
955386,107.0,60.0,0.8,5631.402
955429,64.0,30.0,0.6,1293.673
955431,156.0,30.0,0.4,5402.442
955439,168.0,40.0,0.9,3349.9597
955443,141.0,20.0,0.7,3177.181
955474,135.0,20.0,0.7,7949.9556
955476,232.0,40.0,0.8,9443.161
955505,136.0,30.0,0.5,4298.7637
955520,171.0,40.0,0.9,985.1811
955540,110.0,10.0,0.9,5831.6753
955583,189.0,30.0,0.9,3293.1106
955595,109.0,50.0,0.4,3050.4263
955617,101.0,50.0,0.2,1203.6757
955649,153.0,40.0,0.9,4244.2734
955666,234.0,30.0,0.7,2656.6775
955670,84.0,40.0,0.6,5481.477
955671,143.0,40.0,0.8,3301.94
955673,143.0,50.0,0.7,6569.615
955689,193.0,20.0,0.2,4601.0938
955707,268.0,30.0,0.9,3214.5693
955749,100.0,20.0,0.9,4099.016
955848,183.0,40.0,0.9,4327.549
955895,124.0,50.0,0.7,2825.1584
955902,196.0,30.0,0.6,2136.708
955903,97.0,20.0,0.5,3232.3865
955925,83.0,40.0,0.9,4276.1636
955940,156.0,10.0,0.7,12998.329
955960,228.0,40.0,0.9,5112.7393
955994,132.0,20.0,0.1,2226.177
956011,89.0,40.0,0.8,4344.019
956013,182.0,30.0,0.7,3570.9504
956020,108.0,30.0,0.8,3238.087
956023,113.0,30.0,0.9,2697.4504
956033,272.0,20.0,0.2,4425.476
956096,139.0,40.0,0.6,6035.1353
956107,260.0,40.0,0.3,2338.339
956122,93.0,20.0,0.8,1466.62
956147,118.0,40.0,0.9,4683.459
956148,95.0,40.0,0.8,1651.6729
956248,105.0,20.0,0.5,2425.468
956256,173.0,40.0,0.1,3199.0833
956275,111.0,50.0,0.9,2801.4116
956339,64.0,40.0,0.3,4106.1313
956373,140.0,30.0,0.9,4470.344
956456,193.0,50.0,0.9,3978.9285
956458,108.0,50.0,0.9,1465.4584
956475,137.0,20.0,0.7,3018.1082
956507,120.0,50.0,0.2,3459.3516
956509,156.0,20.0,0.6,2407.7725
956549,153.0,40.0,0.9,1200.71
956563,167.0,20.0,0.1,3784.277
956576,184.0,40.0,0.8,4337.164
956579,95.0,20.0,0.7,3817.1309
956590,234.0,40.0,0.9,3750.8823
956678,118.0,30.0,0.1,8397.016
956682,103.0,40.0,0.9,4320.825
956733,261.0,30.0,0.8,6075.3105
956751,114.0,30.0,0.5,914.2829
956798,100.0,40.0,0.4,1891.2921
956799,106.0,40.0,0.5,2825.481
956806,143.0,20.0,0.9,3962.1262
956810,63.0,30.0,0.8,1791.2971
956830,56.0,20.0,0.3,3806.3413
956872,29.0,50.0,0.6,6962.906
956890,39.0,20.0,0.8,3447.9333
956891,129.0,80.0,0.8,1110.7258
956928,-11.0,40.0,0.7,3806.284
956945,141.0,30.0,0.8,3918.6992
956952,91.0,40.0,0.1,3529.9998
956962,133.0,50.0,0.9,3121.4263
957014,186.0,40.0,0.7,6505.6084
957044,167.0,50.0,0.8,5407.5703
957056,163.0,20.0,0.6,4035.3386
957079,97.0,30.0,0.7,5980.5483
957110,98.0,20.0,0.9,4823.05
957112,176.0,40.0,0.9,4090.1248
957117,229.0,40.0,0.9,4805.0464
957118,179.0,30.0,0.9,1299.8352
957126,203.0,30.0,0.7,4362.5405
957133,109.0,40.0,0.9,3588.1736
957174,102.0,40.0,0.6,2676.2466
957183,170.0,50.0,0.5,874.0629
957194,111.0,20.0,0.8,3655.906
957195,135.0,20.0,0.9,7166.95
957207,126.0,40.0,0.9,3847.3125
957211,205.0,30.0,0.7,2976.2266
957237,249.0,40.0,0.9,2041.1746
957250,180.0,30.0,0.8,5131.5366
957256,136.0,20.0,0.3,2452.8425
957257,97.0,50.0,0.5,2816.7974
957262,242.0,40.0,0.9,1213.2406
957276,134.0,20.0,0.6,1128.4568
957277,38.0,30.0,0.9,5814.636
957278,103.0,30.0,0.9,5143.9966
957301,147.0,30.0,0.6,3713.7507
957355,96.0,40.0,0.1,2010.691
957378,103.0,20.0,0.9,3358.3848
957425,71.0,20.0,0.7,2097.0837
957436,130.0,40.0,0.5,2207.0354
957440,137.0,30.0,0.9,2905.777
957448,110.0,30.0,0.6,3221.679
957453,124.0,20.0,0.9,3841.7903
957463,102.0,50.0,0.8,5122.886
957499,121.0,20.0,0.3,3098.0847
957500,116.0,30.0,0.8,3852.3572
957508,80.0,30.0,0.9,3834.8662
957518,128.0,10.0,0.2,3738.3323
957528,109.0,30.0,0.9,1871.6766
957552,104.0,40.0,0.1,6092.6274
957673,143.0,30.0,0.5,1534.8585
957694,100.0,50.0,0.3,2158.6213
957726,123.0,40.0,0.2,3921.4446
957733,189.0,40.0,0.1,9211.626
957743,164.0,40.0,0.8,4188.962
957752,138.0,20.0,0.2,4172.5415
957759,90.0,30.0,0.5,5155.875
957767,242.0,20.0,0.6,3149.3994
957777,215.0,20.0,0.8,5000.5137
957785,146.0,30.0,0.9,797.003
957821,213.0,40.0,0.9,1570.474
957832,118.0,40.0,0.8,2527.468
957840,87.0,30.0,0.9,2902.5754
957869,17.0,20.0,0.6,4589.2246
957870,154.0,30.0,0.4,3448.877
957871,140.0,40.0,0.8,4140.0635
957883,119.0,30.0,0.1,4650.8013
957926,94.0,50.0,0.5,4762.6846
957970,95.0,60.0,0.8,3515.421
958009,143.0,30.0,0.9,3476.0767
958056,114.0,50.0,0.4,5591.0083
958079,117.0,60.0,0.4,4886.1396
958101,53.0,30.0,0.6,2320.5767
958112,123.0,30.0,0.9,4343.597
958130,208.0,10.0,0.9,1436.3541
958131,100.0,20.0,0.9,3621.1963
958172,106.0,40.0,0.9,4493.2593
958181,202.0,30.0,0.1,486.63144
958205,61.0,30.0,0.1,2824.2595
958214,86.0,50.0,0.7,1395.7163
958245,224.0,40.0,0.9,2837.7397
958274,96.0,50.0,0.5,3332.4983
958322,98.0,30.0,0.5,4253.2095
958332,153.0,40.0,0.8,4914.011
958347,126.0,20.0,0.9,2157.1145
958367,120.0,40.0,0.9,1847.2533
958397,68.0,30.0,0.8,2841.3457
958425,108.0,30.0,0.2,4961.79
958450,145.0,50.0,0.9,3481.2783
958452,153.0,20.0,0.7,1785.3083
958462,116.0,20.0,0.2,3079.4485
958467,131.0,40.0,0.6,6696.936
958479,111.0,20.0,0.9,5057.4995
958514,236.0,20.0,0.7,2392.306
958529,101.0,40.0,0.9,553.8347
958538,110.0,30.0,0.7,3243.2778
958539,165.0,30.0,0.6,3221.3586
958568,189.0,20.0,0.9,5075.695
958597,84.0,40.0,0.8,3348.3142
958618,186.0,20.0,0.1,1252.694
958630,111.0,40.0,0.5,3333.3645
958638,137.0,20.0,0.7,7035.0454
958672,159.0,20.0,0.9,9304.0
958701,245.0,40.0,0.8,998.53754
958713,194.0,40.0,0.1,5104.8726
958718,-15.0,20.0,0.7,1899.2778
958740,51.0,10.0,0.4,1971.6852
958759,99.0,40.0,0.6,6385.8667
958762,80.0,30.0,0.5,1722.1592
958766,146.0,50.0,0.6,7052.7397
958770,79.0,40.0,0.8,2865.2458
958793,84.0,40.0,0.2,3517.9133
958822,301.0,50.0,0.2,4399.3384
958836,32.0,40.0,0.7,2062.8447
958837,160.0,50.0,0.1,3125.9944
958843,96.0,30.0,0.9,3080.253
958848,168.0,50.0,0.4,3977.822
958926,103.0,10.0,0.1,1433.7454
958978,132.0,20.0,0.8,3000.1335
959024,84.0,10.0,0.5,3057.0142
959039,113.0,40.0,0.9,2865.6484
959051,100.0,30.0,0.8,5759.4995
959055,238.0,50.0,0.7,2827.8765
959085,187.0,40.0,0.7,3155.431
959093,219.0,20.0,0.1,893.8572
959099,129.0,40.0,0.7,4114.12
959151,96.0,30.0,0.2,1570.9353
959158,171.0,30.0,0.9,4256.7915
959173,71.0,30.0,0.6,1355.7346
959222,141.0,40.0,0.8,4517.665
959230,65.0,30.0,0.8,2822.7805
959271,160.0,40.0,0.9,2885.7195
959278,101.0,30.0,0.7,4610.555
959282,216.0,30.0,0.8,8338.109
959284,70.0,40.0,0.2,3926.2366
959293,121.0,20.0,0.9,4705.9067
959373,82.0,30.0,0.5,1987.922
959377,77.0,20.0,0.1,5473.209
959407,121.0,30.0,0.6,5441.7827
959411,83.0,30.0,0.8,2696.7935
959415,38.0,20.0,0.7,6104.0576
959445,181.0,40.0,0.9,2901.3145
959453,188.0,20.0,0.8,3765.591
959458,132.0,20.0,0.9,3953.621
959487,103.0,30.0,0.8,3896.0083
959535,145.0,40.0,0.9,745.962
959538,91.0,30.0,0.9,3816.0764
959583,192.0,10.0,0.6,1762.5182
959593,255.0,40.0,0.6,3289.8708
959601,70.0,20.0,0.6,980.4852
959636,144.0,20.0,0.7,4332.461
959650,92.0,20.0,0.3,3268.9653
959672,244.0,50.0,0.9,2688.5916
959675,120.0,40.0,0.6,3106.6736
959677,117.0,60.0,0.7,2169.28
959680,116.0,50.0,0.9,3911.569
959692,163.0,20.0,0.5,4138.0405
959708,76.0,10.0,0.2,1526.6681
959740,173.0,30.0,0.7,6051.6196
959765,144.0,30.0,0.8,3654.4292
959791,122.0,30.0,0.8,3485.4504
959798,204.0,20.0,0.9,1198.375
959814,127.0,40.0,0.8,5537.569
959817,82.0,40.0,0.3,3107.9697
959851,88.0,40.0,0.8,5893.67
959862,97.0,40.0,0.8,4878.3496
959865,105.0,60.0,0.9,1774.9651
959896,235.0,60.0,0.9,1560.3613
959913,70.0,40.0,0.8,4546.225
959915,134.0,50.0,0.3,3827.6086
959919,220.0,20.0,0.8,3650.5105
959936,67.0,40.0,0.9,2172.4016
959975,265.0,40.0,0.6,4064.4019
959981,111.0,60.0,0.4,2679.5735
959996,119.0,30.0,0.8,4014.0833
960003,218.0,30.0,0.9,7820.3457
960011,73.0,20.0,0.4,1636.4451
960016,96.0,20.0,0.9,3410.713
960033,194.0,40.0,0.7,6302.7876
960051,351.0,30.0,0.9,2428.1655
960052,279.0,40.0,0.9,5237.815
960053,94.0,40.0,0.9,3215.9573
960086,134.0,50.0,0.1,7046.768
960088,186.0,50.0,0.6,5057.9854
960107,103.0,30.0,0.7,3299.7646
960132,106.0,20.0,0.8,4707.489
960162,225.0,30.0,0.7,1884.2445
960189,166.0,30.0,0.7,2553.524
960201,145.0,40.0,0.9,2544.2092
960202,166.0,30.0,0.9,3313.7368
960203,187.0,40.0,0.9,2847.2295
960274,74.0,30.0,0.9,3211.3416
960277,229.0,40.0,0.6,1527.7559
960292,153.0,30.0,0.6,4007.9795
960302,83.0,10.0,0.7,3705.2092
960318,179.0,30.0,0.8,3105.3682
960360,0.0,10.0,0.7,3084.7515
960367,59.0,40.0,0.2,4381.2783
960412,131.0,30.0,0.8,3639.744
960484,280.0,40.0,0.5,562.60034
960510,215.0,60.0,0.5,1054.7472
960550,111.0,30.0,0.9,2711.9685
960557,103.0,60.0,0.4,6567.0884
960558,101.0,20.0,0.7,13871.166
960574,56.0,50.0,0.8,6431.384
960615,177.0,40.0,0.2,3039.6108
960640,182.0,30.0,0.8,5221.9946
960646,184.0,20.0,0.6,4684.046
960657,108.0,30.0,0.7,1271.0051
960663,109.0,30.0,0.3,1353.5121
960687,129.0,20.0,0.6,3745.6553
960784,93.0,10.0,0.4,5068.2417
960797,112.0,40.0,0.9,4397.062
960805,113.0,30.0,0.9,4637.554
960813,226.0,30.0,0.4,3185.903
960834,88.0,40.0,0.6,3457.2942
960841,99.0,40.0,0.8,4048.7517
960842,71.0,40.0,0.9,2529.276
960857,37.0,30.0,0.7,3059.632
960905,43.0,40.0,0.6,5522.4536
960913,140.0,40.0,0.6,3284.054
960916,132.0,40.0,0.6,1869.8218
960935,102.0,40.0,0.6,1065.0646
960956,91.0,30.0,0.7,4087.4907
960958,168.0,40.0,0.1,662.01984
960982,116.0,40.0,0.9,1490.8146
960987,131.0,40.0,0.9,3894.2305
961010,97.0,40.0,0.4,5138.3403
961013,163.0,30.0,0.6,2271.186
961044,125.0,60.0,0.1,5518.89
961053,141.0,10.0,0.2,2550.2961
961056,141.0,30.0,0.9,6991.816
961073,108.0,40.0,0.8,4082.4746
961111,277.0,40.0,0.5,3249.909
961112,86.0,30.0,0.9,5272.978
961138,105.0,50.0,0.9,3786.9697
961143,119.0,50.0,0.1,1413.3502
961162,189.0,10.0,0.1,3304.4534
961166,74.0,30.0,0.4,4551.4624
961234,96.0,20.0,0.7,1348.6053
961245,60.0,30.0,0.6,12711.675
961264,83.0,30.0,0.7,1945.254
961322,259.0,50.0,0.6,774.0624
961358,277.0,50.0,0.8,1493.4421
961361,129.0,30.0,0.1,2846.6096
961368,201.0,40.0,0.3,4303.6865
961464,121.0,10.0,0.2,3309.5906
961486,153.0,50.0,0.9,8066.6904
961501,95.0,20.0,0.8,3729.035
961509,126.0,40.0,0.8,2956.1611
961522,92.0,40.0,0.9,4008.6968
961524,238.0,30.0,0.8,4891.3877
961532,162.0,30.0,0.4,3675.6409
961533,90.0,10.0,0.2,2172.3872
961537,102.0,20.0,0.2,13785.278
961555,65.0,30.0,0.2,6977.5947
961557,89.0,40.0,0.6,4842.3955
961558,93.0,10.0,0.9,4310.122
961571,60.0,30.0,0.6,3432.758
961593,96.0,20.0,0.2,5049.1343
961596,159.0,40.0,0.5,3097.6985
961601,131.0,40.0,0.5,4137.266
961616,126.0,40.0,0.8,1482.132
961627,267.0,50.0,0.9,1729.5198
961710,174.0,30.0,0.7,3238.2485
961764,99.0,40.0,0.9,1043.725
961818,217.0,50.0,0.9,5776.309
961829,115.0,40.0,0.9,4691.3135
961837,113.0,20.0,0.2,6351.849
961850,184.0,50.0,0.9,2289.0452
961860,149.0,30.0,0.1,12202.263
961862,109.0,20.0,0.5,2924.056
961876,86.0,40.0,0.9,7969.629
961920,202.0,20.0,0.6,5274.5767
961932,106.0,50.0,0.9,3117.7864
961946,68.0,30.0,0.9,3160.7188
961968,102.0,40.0,0.9,3728.9634
961972,327.0,30.0,0.8,3124.137
961988,190.0,70.0,0.6,6902.914
962002,148.0,40.0,0.1,2832.013
962006,79.0,20.0,0.3,2482.042
962048,262.0,30.0,0.8,1037.7872
962074,109.0,20.0,0.1,5142.57
962092,185.0,30.0,0.6,4754.344
962139,113.0,10.0,0.2,4809.252
962158,139.0,20.0,0.1,1189.4425
962179,254.0,30.0,0.4,8762.754
962190,186.0,40.0,0.7,3649.9038
962191,151.0,20.0,0.2,5716.569
962213,111.0,10.0,0.1,3653.9165
962275,188.0,30.0,0.9,4110.1646
962297,193.0,20.0,0.1,11981.25
962308,162.0,40.0,0.6,1700.2836
962322,103.0,30.0,0.4,172.17455
962383,132.0,40.0,0.6,2914.9834
962461,227.0,30.0,0.9,3149.343
962520,345.0,50.0,0.9,358.4906
962529,80.0,30.0,0.9,5357.382
962535,166.0,30.0,0.9,5103.0815
962550,185.0,30.0,0.1,662.9015
962577,110.0,40.0,0.3,2406.9736
962600,232.0,50.0,0.1,4230.562
962603,153.0,30.0,0.9,8068.7383
962611,162.0,40.0,0.9,2391.845
962615,173.0,30.0,0.4,2620.7642
962657,116.0,40.0,0.9,2545.3635
962664,125.0,30.0,0.9,2271.4116
962675,113.0,40.0,0.9,4527.2427
962684,100.0,20.0,0.6,4923.2686
962699,127.0,20.0,0.2,5418.128
962707,121.0,40.0,0.7,3096.3398
962715,195.0,20.0,0.8,3262.0115
962727,180.0,40.0,0.8,4386.7275
962730,32.0,30.0,0.2,4594.067
962753,115.0,40.0,0.8,5052.5312
962834,233.0,50.0,0.9,2696.6
962836,216.0,50.0,0.1,4096.3667
962884,45.0,30.0,0.8,5831.481
962887,115.0,40.0,0.9,2521.163
962888,95.0,50.0,0.9,2600.3484
962904,196.0,40.0,0.6,2121.5774
962935,212.0,40.0,0.9,1273.3214
962946,102.0,20.0,0.3,3567.7942
962948,325.0,50.0,0.3,1576.0319
962960,81.0,20.0,0.2,5170.186
962971,148.0,40.0,0.9,3629.9683
962974,241.0,60.0,0.8,1942.8842
962978,260.0,40.0,0.9,7506.1694
962985,108.0,20.0,0.4,4667.765
963021,206.0,40.0,0.9,623.26117
963031,104.0,30.0,0.4,6074.747
963042,125.0,30.0,0.8,3705.535
963064,151.0,40.0,0.4,4422.9966
963067,222.0,40.0,0.8,2087.2183
963068,209.0,30.0,0.9,1815.106
963070,84.0,20.0,0.4,5075.19
963084,317.0,30.0,0.8,1046.9371
963117,109.0,40.0,0.6,2233.8462
963120,96.0,10.0,0.9,3528.4294
963121,188.0,40.0,0.9,396.35696
963123,107.0,20.0,0.7,6015.71
963165,96.0,40.0,0.9,1001.9873
963175,157.0,30.0,0.8,2027.3453
963183,127.0,30.0,0.1,2074.1807
963190,177.0,30.0,0.6,792.39514
963191,111.0,60.0,0.4,4629.8643
963217,107.0,20.0,0.1,4031.436
963221,161.0,10.0,0.5,2393.4382
963250,79.0,40.0,0.1,4969.2373
963305,121.0,20.0,0.1,10395.866
963316,205.0,50.0,0.2,1813.8142
963335,100.0,30.0,0.7,2999.108
963344,181.0,40.0,0.9,3091.6853
963347,58.0,40.0,0.3,4052.7512
963373,49.0,50.0,0.8,12298.114
963391,84.0,20.0,0.5,4676.3076
963419,63.0,40.0,0.3,2211.7354
963435,198.0,60.0,0.9,3091.9497
963457,98.0,30.0,0.5,4769.1157
963465,232.0,30.0,0.9,2655.0398
963477,201.0,40.0,0.2,1106.7948
963478,70.0,30.0,0.9,8322.388
963483,99.0,20.0,0.7,3960.2188
963506,127.0,20.0,0.9,3984.2852
963566,189.0,30.0,0.9,3670.8647
963657,140.0,30.0,0.5,4845.5796
963701,-36.0,50.0,0.1,1281.8759
963727,303.0,30.0,0.9,5821.0522
963770,41.0,20.0,0.7,3021.0159
963776,172.0,20.0,0.8,3230.458
963778,87.0,60.0,0.1,1437.047
963797,82.0,20.0,0.8,2877.4053
963829,217.0,30.0,0.9,1409.3485
963835,179.0,30.0,0.5,4217.0796
963855,93.0,50.0,0.9,4106.873
963876,71.0,20.0,0.5,7475.7827
963910,36.0,30.0,0.4,5931.846
963915,68.0,20.0,0.6,2791.0027
963941,126.0,30.0,0.7,4625.4233
964021,105.0,20.0,0.1,2889.0806
964029,96.0,40.0,0.8,3695.5457
964090,220.0,40.0,0.9,2436.7375
964110,61.0,40.0,0.3,3479.457
964111,208.0,20.0,0.6,1802.2513
964118,39.0,40.0,0.1,1538.6534
964142,105.0,40.0,0.1,3681.903
964154,222.0,50.0,0.9,3801.288
964166,92.0,20.0,0.9,2473.5437
964221,85.0,20.0,0.9,5697.663
964270,99.0,40.0,0.5,3147.26
964275,83.0,60.0,0.9,2822.909
964282,196.0,30.0,0.1,5576.03
964335,115.0,40.0,0.8,3762.7861
964351,343.0,40.0,0.8,3275.6282
964357,94.0,30.0,0.1,5415.886
964376,125.0,50.0,0.1,3265.226
964395,155.0,30.0,0.8,2685.796
964397,86.0,30.0,0.6,7194.912
964398,234.0,20.0,0.1,4621.0283
964400,113.0,40.0,0.1,3572.1658
964403,226.0,20.0,0.8,1220.5109
964423,166.0,40.0,0.8,1321.3285
964424,41.0,30.0,0.8,3005.0454
964439,101.0,40.0,0.9,4902.546
964443,101.0,30.0,0.1,3218.0137
964479,136.0,40.0,0.8,6361.67
964515,211.0,20.0,0.8,4227.367
964516,200.0,40.0,0.9,928.7782
964572,128.0,30.0,0.1,4204.953
964573,102.0,40.0,0.9,1448.9175
964580,83.0,40.0,0.8,5151.4917
964603,167.0,30.0,0.9,2669.2842
964637,77.0,30.0,0.9,4356.579
964638,131.0,20.0,0.2,1903.7003
964656,171.0,40.0,0.6,4170.1753
964686,179.0,50.0,0.8,1365.7079
964687,93.0,40.0,0.7,4688.739
964705,125.0,30.0,0.1,5007.9834
964712,159.0,40.0,0.9,2173.61
964746,97.0,20.0,0.7,2553.9465
964765,96.0,20.0,0.1,4596.6665
964772,263.0,50.0,0.8,5848.2573
964789,209.0,40.0,0.9,2420.1143
964818,107.0,40.0,0.9,6908.301
964821,200.0,40.0,0.8,5321.9175
964840,99.0,30.0,0.7,3636.5337
964855,67.0,40.0,0.4,823.7354
964864,120.0,30.0,0.8,5345.9224
964911,330.0,50.0,0.9,397.20474
964921,181.0,30.0,0.6,2224.8735
964931,188.0,30.0,0.9,695.2201
965032,119.0,30.0,0.9,1883.4846
965048,182.0,30.0,0.9,10222.301
965053,79.0,20.0,0.6,4000.6357
965055,184.0,40.0,0.6,2276.3157
965109,139.0,40.0,0.8,2630.714
965135,44.0,40.0,0.9,3713.9429
965148,91.0,50.0,0.7,4714.1807
965158,226.0,40.0,0.8,1301.6693
965167,155.0,40.0,0.6,8395.417
965175,30.0,20.0,0.3,4229.1807
965185,51.0,30.0,0.5,5114.6123
965197,229.0,30.0,0.9,4104.7476
965204,86.0,20.0,0.4,2865.323
965207,164.0,20.0,0.8,3433.697
965219,94.0,30.0,0.4,3790.404
965228,243.0,40.0,0.3,1157.6975
965239,113.0,40.0,0.4,1204.5289
965258,186.0,70.0,0.6,5687.3813
965281,297.0,50.0,0.9,4319.9424
965321,76.0,40.0,0.8,3635.4888
965337,174.0,30.0,0.7,4035.983
965345,165.0,20.0,0.4,5683.462
965356,128.0,30.0,0.8,3255.4272
965359,190.0,20.0,0.7,2171.4988
965363,130.0,30.0,0.6,4512.3096
965387,77.0,30.0,0.7,3077.98
965415,175.0,40.0,0.7,1655.8196
965419,126.0,20.0,0.6,6261.87
965460,10.0,30.0,0.8,3352.5156
965464,240.0,30.0,0.9,3036.2432
965482,131.0,30.0,0.3,2772.3523
965487,183.0,50.0,0.6,1244.5494
965492,119.0,30.0,0.5,2948.2898
965520,241.0,60.0,0.9,868.6701
965532,208.0,30.0,0.1,3655.2332
965618,104.0,20.0,0.9,3932.0798
965639,84.0,20.0,0.6,3903.902
965697,248.0,30.0,0.9,4524.386
965711,133.0,20.0,0.9,6594.491
965718,106.0,30.0,0.3,2694.845
965723,104.0,20.0,0.8,4266.2476
965731,130.0,30.0,0.9,2411.6707
965738,91.0,30.0,0.1,2804.619
965744,157.0,30.0,0.7,1682.2915
965754,189.0,50.0,0.9,1902.4465
965783,148.0,30.0,0.6,3333.528
965791,125.0,30.0,0.6,6205.952
965853,65.0,60.0,0.5,3607.2249
965885,178.0,30.0,0.8,8764.038
965913,174.0,30.0,0.7,4413.2783
965926,151.0,30.0,0.9,3291.3054
966034,95.0,30.0,0.1,2754.7957
966042,82.0,50.0,0.7,1872.2501
966056,125.0,30.0,0.8,5097.001
966059,88.0,30.0,0.9,8545.249
966079,191.0,30.0,0.2,1579.9103
966103,203.0,40.0,0.9,2891.2937
966174,175.0,50.0,0.8,3050.0522
966184,81.0,40.0,0.1,3641.9172
966192,235.0,30.0,0.8,2744.8948
966196,95.0,30.0,0.9,4623.059
966197,93.0,30.0,0.8,1933.7769
966202,84.0,30.0,0.6,4175.1963
966214,252.0,40.0,0.7,5028.086
966240,107.0,20.0,0.1,4114.2803
966280,179.0,40.0,0.8,2370.8406
966287,166.0,40.0,0.9,1071.2201
966289,211.0,40.0,0.9,1245.6697
966408,257.0,40.0,0.2,3465.827
966419,162.0,20.0,0.4,4355.1167
966436,245.0,40.0,0.1,4195.5815
966456,168.0,30.0,0.7,2268.7388
966510,92.0,50.0,0.1,2576.0896
966537,179.0,40.0,0.4,5416.446
966557,122.0,40.0,0.6,4409.35
966573,167.0,30.0,0.9,1243.3921
966602,296.0,50.0,0.8,5729.3613
966621,117.0,20.0,0.6,5757.6543
966639,83.0,30.0,0.8,4445.1343
966663,100.0,20.0,0.4,3930.0564
966678,130.0,50.0,0.9,4654.3145
966725,139.0,30.0,0.8,3028.5847
966728,169.0,40.0,0.9,4279.8604
966729,202.0,40.0,0.9,3252.208
966783,124.0,40.0,0.7,3793.7214
966799,184.0,30.0,0.9,2149.4941
966832,97.0,40.0,0.9,3373.6787
966871,209.0,30.0,0.9,3889.8115
966885,76.0,30.0,0.9,3723.7642
966913,123.0,30.0,0.8,4875.0312
966925,328.0,40.0,0.9,7228.784
966948,18.0,20.0,0.9,5527.6157
966956,222.0,30.0,0.9,2755.033
966962,197.0,30.0,0.8,1398.542
966995,96.0,40.0,0.3,1449.1752
967003,68.0,40.0,0.6,8257.168
967006,154.0,40.0,0.2,6235.4272
967007,195.0,30.0,0.9,1425.2516
967013,116.0,30.0,0.3,4632.477
967018,60.0,40.0,0.9,3027.4011
967031,207.0,40.0,0.8,3925.0608
967039,90.0,40.0,0.4,14490.737
967042,128.0,30.0,0.9,2956.8542
967055,108.0,30.0,0.9,3500.6282
967067,296.0,40.0,0.9,3296.7654
967068,169.0,40.0,0.3,2484.3633
967099,131.0,30.0,0.8,1730.1849
967105,130.0,50.0,0.9,2486.8901
967118,281.0,30.0,0.9,3988.1897
967168,161.0,20.0,0.9,2781.968
967171,173.0,30.0,0.2,4738.1562
967229,131.0,10.0,0.2,2793.3335
967243,116.0,20.0,0.3,4640.769
967250,129.0,30.0,0.4,2768.4531
967251,144.0,40.0,0.9,2088.2168
967265,99.0,20.0,0.9,3833.6472
967270,198.0,20.0,0.9,2795.887
967275,131.0,40.0,0.7,5223.4517
967321,216.0,50.0,0.6,1366.0677
967331,150.0,30.0,0.3,4398.992
967337,105.0,20.0,0.2,4227.7017
967339,257.0,30.0,0.9,4248.8354
967357,221.0,30.0,0.4,2043.1499
967365,128.0,40.0,0.7,1576.0485
967372,176.0,50.0,0.9,8501.804
967376,56.0,30.0,0.1,6079.472
967417,78.0,30.0,0.9,2577.9426
967423,139.0,20.0,0.9,13000.766
967425,125.0,10.0,0.1,4324.6245
967435,133.0,40.0,0.5,3693.6655
967445,259.0,40.0,0.1,4136.736
967550,176.0,30.0,0.9,2233.4949
967583,108.0,30.0,0.8,1243.8508
967600,299.0,30.0,0.9,1552.1794
967641,141.0,30.0,0.1,6253.3594
967642,42.0,20.0,0.3,3150.224
967644,88.0,40.0,0.8,4091.869
967645,92.0,40.0,0.9,4042.3518
967665,127.0,40.0,0.7,1009.2025
967667,21.0,40.0,0.4,2654.5898
967713,107.0,10.0,0.1,4102.87
967722,258.0,30.0,0.7,2711.726
967727,46.0,30.0,0.6,5170.7476
967729,112.0,40.0,0.2,3631.2666
967732,192.0,50.0,0.6,3155.578
967760,179.0,30.0,0.9,1217.5543
967785,85.0,40.0,0.6,3299.9712
967811,199.0,20.0,0.8,4457.8
967845,137.0,30.0,0.9,1824.0632
967862,187.0,20.0,0.1,1505.5483
967871,157.0,40.0,0.9,3424.073
967886,214.0,40.0,0.9,2702.9878
967896,124.0,40.0,0.8,5072.643
967900,226.0,30.0,0.4,1326.1697
967968,265.0,30.0,0.9,5117.2363
967974,128.0,30.0,0.8,2678.0432
967993,212.0,30.0,0.7,2970.677
968000,193.0,30.0,0.8,2092.1162
968003,222.0,50.0,0.8,1389.1128
968008,122.0,20.0,0.6,854.23315
968016,216.0,30.0,0.9,790.02106
968032,138.0,30.0,0.8,4301.2715
968066,137.0,30.0,0.7,3671.2783
968140,186.0,20.0,0.1,4583.9146
968260,112.0,30.0,0.7,3613.0212
968276,225.0,30.0,0.9,664.8828
968278,171.0,20.0,0.9,3027.706
968309,112.0,30.0,0.9,2057.928
968314,93.0,30.0,0.5,5894.828
968343,161.0,30.0,0.6,3319.879
968344,246.0,50.0,0.9,5103.8105
968350,101.0,40.0,0.6,2732.8567
968359,217.0,50.0,0.8,1363.931
968387,120.0,50.0,0.7,4065.487
968388,108.0,40.0,0.9,5448.732
968400,113.0,40.0,0.4,4139.6304
968447,27.0,40.0,0.4,2507.784
968451,84.0,20.0,0.9,3366.099
968484,120.0,30.0,0.7,3548.112
968514,100.0,10.0,0.2,4892.0957
968525,142.0,50.0,0.7,7277.887
968550,77.0,40.0,0.1,3938.7295
968615,124.0,30.0,0.6,1132.7317
968632,165.0,30.0,0.9,6260.512
968673,103.0,10.0,0.9,4263.12
968702,72.0,30.0,0.6,4041.634
968708,248.0,50.0,0.7,1262.4393
968711,163.0,30.0,0.9,1832.3782
968719,103.0,20.0,0.9,13505.832
968760,119.0,20.0,0.9,4128.6235
968819,187.0,30.0,0.6,2609.014
968838,102.0,40.0,0.9,3274.7043
968847,290.0,50.0,0.8,3357.7083
968848,329.0,30.0,0.9,1456.6351
968889,182.0,30.0,0.9,4126.3228
968890,116.0,30.0,0.6,3813.166
968919,188.0,30.0,0.8,2782.9705
968983,96.0,40.0,0.9,3127.171
968986,124.0,10.0,0.1,4297.0044
968992,119.0,20.0,0.8,4005.5688
969009,86.0,20.0,0.1,4941.349
969015,190.0,30.0,0.1,4392.91
969030,68.0,40.0,0.8,4315.232
969081,127.0,30.0,0.9,4754.192
969165,166.0,10.0,0.2,2809.0618
969176,317.0,40.0,0.9,4132.672
969217,210.0,30.0,0.9,1885.4373
969278,91.0,30.0,0.8,2744.032
969290,236.0,30.0,0.6,3610.4834
969306,214.0,50.0,0.9,2252.5264
969332,216.0,60.0,0.9,3708.8647
969396,141.0,50.0,0.6,3882.6228
969405,121.0,20.0,0.9,4318.232
969409,140.0,30.0,0.7,1838.0363
969420,206.0,20.0,0.8,459.57385
969424,163.0,30.0,0.4,6219.5903
969446,179.0,50.0,0.1,4720.8877
969465,213.0,40.0,0.9,4172.942
969466,132.0,30.0,0.8,3242.465
969498,91.0,30.0,0.9,3036.7346
969527,231.0,20.0,0.8,3757.3682
969539,164.0,30.0,0.9,2217.4446
969573,117.0,30.0,0.7,1360.7024
969601,148.0,20.0,0.2,4138.9297
969621,84.0,20.0,0.1,1475.2391
969624,337.0,60.0,0.6,820.78046
969634,115.0,30.0,0.5,3928.3975
969651,112.0,20.0,0.3,4548.1426
969703,85.0,20.0,0.4,2532.3484
969708,110.0,50.0,0.8,1415.5981
969738,190.0,30.0,0.6,2939.9062
969744,191.0,30.0,0.9,3797.014
969753,187.0,20.0,0.6,5320.1484
969782,64.0,30.0,0.2,4115.2383
969796,206.0,20.0,0.8,3164.4111
969860,137.0,50.0,0.7,6083.1855
969868,80.0,20.0,0.2,4262.4365
969895,59.0,30.0,0.4,5511.2886
969905,129.0,20.0,0.7,1076.2266
969937,141.0,20.0,0.8,3748.6848
969966,259.0,40.0,0.1,5417.5156
969974,288.0,50.0,0.9,4078.6128
969996,117.0,60.0,0.2,2002.73
970002,255.0,30.0,0.9,3021.4688
970008,83.0,40.0,0.5,3411.3855
970024,87.0,30.0,0.3,1098.6772
970055,168.0,40.0,0.9,5257.128
970066,202.0,50.0,0.9,691.3376
970076,216.0,30.0,0.8,4514.583
970130,228.0,50.0,0.9,272.843
970218,122.0,30.0,0.2,3773.7715
970230,245.0,50.0,0.9,1454.8383
970238,148.0,40.0,0.9,2780.3704
970242,136.0,20.0,0.1,3920.039
970287,129.0,50.0,0.8,4897.47
970295,177.0,40.0,0.4,5234.819
970308,99.0,30.0,0.6,4221.906
970327,242.0,30.0,0.7,6126.512
970339,80.0,30.0,0.5,5535.8047
970400,57.0,10.0,0.3,5379.7695
970407,82.0,40.0,0.8,3831.4502
970408,200.0,20.0,0.8,1881.602
970409,68.0,30.0,0.6,4717.1826
970411,160.0,30.0,0.9,3269.2346
970426,91.0,40.0,0.9,5909.4937
970459,177.0,50.0,0.6,2941.198
970464,81.0,40.0,0.8,3440.453
970469,79.0,20.0,0.8,6221.9595
970481,225.0,40.0,0.5,4357.65
970493,246.0,30.0,0.8,3287.2227
970508,136.0,30.0,0.9,3567.784
970516,124.0,20.0,0.9,4801.205
970517,93.0,40.0,0.9,796.76996
970520,116.0,30.0,0.5,3608.4653
970523,191.0,20.0,0.4,3371.5793
970524,117.0,10.0,0.1,6558.6724
970558,155.0,30.0,0.3,3476.713
970634,214.0,40.0,0.9,173.23772
970683,117.0,40.0,0.5,2919.1887
970702,242.0,30.0,0.9,4095.6018
970722,105.0,40.0,0.8,3575.7366
970728,214.0,50.0,0.9,2886.8943
970732,130.0,30.0,0.5,6960.096
970744,216.0,40.0,0.8,345.71228
970754,11.0,10.0,0.1,4606.209
970764,179.0,40.0,0.8,3835.4224
970776,200.0,30.0,0.9,1050.6354
970781,109.0,50.0,0.2,3346.5405
970787,217.0,40.0,0.1,995.8633
970788,96.0,30.0,0.9,3743.8599
970839,158.0,30.0,0.6,4483.1343
970842,121.0,50.0,0.9,1633.4352
970869,69.0,20.0,0.4,3137.7698
970880,111.0,30.0,0.8,2879.0132
970916,179.0,40.0,0.3,3596.7627
970932,138.0,40.0,0.9,2565.5066
970957,108.0,20.0,0.5,4473.0435
971028,98.0,40.0,0.8,3795.6257
971040,111.0,60.0,0.9,5360.673
971045,284.0,50.0,0.9,1847.945
971059,291.0,40.0,0.7,7654.757
971066,119.0,40.0,0.9,1951.9213
971068,74.0,20.0,0.2,2226.9714
971099,191.0,20.0,0.6,2564.7517
971121,76.0,20.0,0.1,2578.1936
971126,297.0,40.0,0.9,1391.0137
971191,187.0,30.0,0.9,1987.9528
971201,140.0,40.0,0.9,1804.2614
971233,167.0,30.0,0.7,1741.8099
971237,122.0,30.0,0.6,3398.6667
971244,115.0,40.0,0.3,5274.2944
971269,102.0,60.0,0.3,2592.9229
971298,119.0,30.0,0.2,2969.6914
971358,207.0,40.0,0.8,2458.9192
971365,163.0,20.0,0.8,3189.3066
971366,81.0,40.0,0.9,4052.7544
971401,89.0,20.0,0.8,3089.5012
971414,98.0,40.0,0.5,2296.7463
971417,165.0,20.0,0.8,3588.087
971438,153.0,20.0,0.8,6594.6436
971462,110.0,30.0,0.4,1649.6611
971485,47.0,30.0,0.9,5700.0454
971489,125.0,20.0,0.9,5709.116
971492,195.0,30.0,0.7,3657.3904
971535,232.0,40.0,0.9,3092.112
971562,311.0,50.0,0.5,11431.218
971580,200.0,60.0,0.7,1291.9219
971583,95.0,20.0,0.3,3203.777
971602,222.0,30.0,0.9,3528.5857
971616,95.0,30.0,0.6,2528.1848
971632,230.0,40.0,0.7,4111.6904
971643,258.0,30.0,0.8,3990.8296
971657,76.0,40.0,0.9,2552.8108
971694,232.0,30.0,0.4,3164.4412
971719,109.0,10.0,0.7,3631.5098
971721,93.0,40.0,0.1,3845.7678
971744,101.0,20.0,0.2,4677.994
971764,138.0,30.0,0.8,1759.8528
971768,72.0,30.0,0.4,2594.5535
971771,172.0,40.0,0.9,4212.097
971820,121.0,20.0,0.8,5118.1846
971856,213.0,20.0,0.4,3310.8135
971880,90.0,40.0,0.9,2851.1794
971888,132.0,40.0,0.2,1354.2025
971927,22.0,30.0,0.9,1689.4288
971954,102.0,30.0,0.6,5451.0327
971999,135.0,30.0,0.9,3455.071
972008,118.0,20.0,0.8,1161.8678
972037,151.0,40.0,0.8,3575.3591
972049,280.0,50.0,0.9,800.2476
972068,190.0,40.0,0.9,2313.9631
972086,194.0,40.0,0.6,780.01807
972092,238.0,20.0,0.9,4189.856
972112,232.0,30.0,0.9,3375.609
972119,261.0,40.0,0.8,4454.513
972125,86.0,40.0,0.9,4031.121
972146,171.0,30.0,0.9,4406.1553
972147,109.0,20.0,0.8,12159.713
972151,152.0,30.0,0.9,1873.0442
972152,90.0,30.0,0.8,3147.331
972196,102.0,20.0,0.7,2459.6338
972216,180.0,30.0,0.9,4919.399
972222,197.0,40.0,0.6,1850.1152
972257,105.0,60.0,0.5,3992.002
972304,94.0,60.0,0.6,3120.0503
972331,235.0,40.0,0.9,3063.1943
972385,111.0,20.0,0.1,4373.862
972403,132.0,20.0,0.9,1714.7832
972405,84.0,30.0,0.4,5210.5347
972419,118.0,30.0,0.8,1332.8375
972435,163.0,40.0,0.3,4440.801
972438,186.0,20.0,0.1,1786.0497
972503,189.0,30.0,0.8,3621.0251
972525,124.0,30.0,0.9,3424.5908
972533,89.0,20.0,0.1,1804.398
972554,128.0,20.0,0.8,3925.4238
972555,131.0,40.0,0.6,2117.9263
972556,135.0,30.0,0.5,1310.7203
972560,144.0,60.0,0.9,4792.1445
972581,122.0,30.0,0.7,5493.5854
972600,95.0,30.0,0.4,3859.8503
972606,101.0,20.0,0.7,3121.729
972614,111.0,50.0,0.8,2075.7349
972621,129.0,10.0,0.8,4717.8125
972671,126.0,40.0,0.9,5810.789
972672,97.0,30.0,0.9,1582.2488
972718,100.0,30.0,0.9,3022.2783
972760,113.0,30.0,0.7,4688.6494
972762,87.0,30.0,0.8,5022.795
972779,157.0,40.0,0.4,2332.524
972817,105.0,30.0,0.4,1142.2328
972826,76.0,20.0,0.1,3776.6638
972835,238.0,50.0,0.9,2842.0505
972840,137.0,20.0,0.8,3491.5515
972861,169.0,40.0,0.4,3289.375
972862,83.0,50.0,0.4,1747.7809
972878,179.0,40.0,0.7,3678.0999
972879,112.0,30.0,0.3,1576.6312
972888,169.0,30.0,0.8,3270.438
972906,108.0,60.0,0.5,3623.8738
972911,116.0,20.0,0.1,4397.086
972918,252.0,50.0,0.8,1769.7639
972921,246.0,40.0,0.9,4706.2217
972940,307.0,20.0,0.7,5882.575
972949,138.0,50.0,0.9,1505.582
972959,103.0,10.0,0.8,3218.22
972981,80.0,20.0,0.8,3779.5146
972987,125.0,40.0,0.1,4678.474
972988,101.0,20.0,0.4,1997.8761
973042,313.0,40.0,0.9,4246.107
973074,85.0,40.0,0.9,1980.7445
973077,280.0,40.0,0.8,1518.498
973093,118.0,30.0,0.4,3518.5881
973100,215.0,50.0,0.1,3517.2222
973152,71.0,30.0,0.2,6125.2383
973154,221.0,30.0,0.3,5747.6855
973209,97.0,40.0,0.1,5575.509
973238,125.0,20.0,0.9,2812.298
973270,266.0,50.0,0.9,4603.2407
973283,187.0,20.0,0.8,4488.3438
973304,332.0,50.0,0.2,644.85016
973402,167.0,20.0,0.6,1388.7721
973413,100.0,40.0,0.9,3631.153
973415,256.0,30.0,0.9,4686.293
973456,188.0,40.0,0.4,1111.8652
973468,23.0,30.0,0.6,4515.9565
973485,151.0,60.0,0.9,3651.5337
973498,163.0,40.0,0.8,3577.5466
973510,157.0,40.0,0.9,1419.4999
973531,129.0,20.0,0.9,3418.9539
973537,203.0,20.0,0.7,3614.696
973550,19.0,50.0,0.8,5543.403
973595,213.0,30.0,0.1,3348.1218
973599,81.0,30.0,0.5,5151.7793
973603,124.0,40.0,0.8,4770.068
973606,74.0,20.0,0.9,4229.923
973651,100.0,30.0,0.9,3379.6265
973656,67.0,30.0,0.7,2345.5322
973695,164.0,30.0,0.9,4399.238
973697,234.0,30.0,0.9,3938.644
973701,322.0,50.0,0.4,4937.5713
973712,103.0,30.0,0.7,2071.4768
973728,83.0,20.0,0.1,4389.087
973743,179.0,30.0,0.9,4641.749
973746,171.0,20.0,0.7,3405.9573
973800,175.0,20.0,0.6,3521.3896
973812,120.0,40.0,0.4,3442.723
973840,101.0,40.0,0.1,1663.1276
973866,222.0,30.0,0.9,3949.2173
973899,177.0,30.0,0.7,5393.302
973902,123.0,20.0,0.7,1987.4447
973913,180.0,20.0,0.8,3808.3274
973914,238.0,40.0,0.6,142.11665
973916,128.0,40.0,0.1,3918.7915
973935,262.0,60.0,0.8,2719.0361
973936,84.0,30.0,0.4,1850.3351
973964,136.0,40.0,0.8,1242.2631
973970,168.0,40.0,0.9,1546.843
974057,143.0,40.0,0.9,3160.8347
974089,87.0,50.0,0.1,3356.6384
974149,109.0,40.0,0.7,3988.9248
974151,108.0,50.0,0.2,4409.987
974157,224.0,20.0,0.7,1313.0288
974186,99.0,20.0,0.4,4778.7944
974236,61.0,20.0,0.6,4433.5137
974260,122.0,30.0,0.7,3869.7266
974263,224.0,30.0,0.1,2339.3784
974271,124.0,20.0,0.3,6400.168
974299,128.0,40.0,0.5,2220.339
974331,130.0,30.0,0.4,4874.339
974357,218.0,20.0,0.1,7032.9077
974365,153.0,10.0,0.6,2654.5947
974367,107.0,60.0,0.9,3683.8823
974370,122.0,60.0,0.5,4685.0293
974451,223.0,30.0,0.9,3887.763
974458,159.0,30.0,0.6,1666.7333
974494,112.0,60.0,0.9,1244.8706
974510,110.0,20.0,0.7,3107.0188
974534,127.0,40.0,0.9,9515.988
974552,91.0,30.0,0.1,1259.7189
974556,204.0,30.0,0.9,2369.4263
974573,192.0,20.0,0.9,4998.693
974607,126.0,10.0,0.6,1179.6454
974608,83.0,30.0,0.1,5906.707
974609,99.0,30.0,0.4,5352.9697
974635,115.0,30.0,0.9,7925.84
974643,150.0,30.0,0.7,849.3262
974674,99.0,30.0,0.3,5449.2544
974679,107.0,30.0,0.8,2883.784
974705,117.0,30.0,0.6,3432.001
974742,135.0,40.0,0.7,3356.4092
974748,93.0,40.0,0.9,1643.3392
974790,115.0,20.0,0.1,3849.2756
974816,136.0,30.0,0.9,4648.7437
974824,228.0,40.0,0.9,6058.025
974838,132.0,20.0,0.8,3007.074
974845,210.0,30.0,0.8,5540.2993
974850,374.0,40.0,0.9,4036.7258
974851,208.0,40.0,0.7,909.5645
974884,215.0,40.0,0.8,4048.5298
974888,184.0,40.0,0.5,1459.2909
974939,242.0,20.0,0.9,3418.2617
974942,266.0,50.0,0.9,1998.6598
974946,167.0,40.0,0.6,3604.147
974971,174.0,20.0,0.6,7106.759
975017,44.0,40.0,0.4,3036.001
975043,118.0,40.0,0.2,1613.02
975069,103.0,40.0,0.6,1307.611
975088,210.0,30.0,0.8,3796.6855
975131,78.0,40.0,0.8,5624.7554
975133,141.0,40.0,0.1,1245.8871
975160,100.0,30.0,0.9,3317.514
975161,62.0,60.0,0.7,5817.6094
975166,245.0,50.0,0.6,442.33618
975212,204.0,40.0,0.7,3588.8064
975230,164.0,30.0,0.8,1177.0721
975234,159.0,30.0,0.8,3311.7334
975244,41.0,20.0,0.6,5059.408
975252,156.0,20.0,0.9,803.28595
975276,133.0,30.0,0.5,3451.3142
975292,56.0,40.0,0.9,4738.136
975301,223.0,30.0,0.2,1651.1213
975308,271.0,40.0,0.4,3636.517
975317,132.0,20.0,0.9,3325.7488
975320,197.0,30.0,0.8,4152.7417
975331,117.0,30.0,0.9,3095.7412
975354,109.0,40.0,0.8,3491.3284
975360,98.0,40.0,0.6,3877.6038
975387,158.0,50.0,0.8,5080.8135
975392,251.0,30.0,0.7,3532.5884
975408,196.0,30.0,0.4,4724.4473
975466,147.0,30.0,0.9,3863.4407
975494,149.0,40.0,0.7,4351.0625
975529,42.0,40.0,0.1,2161.242
975541,82.0,30.0,0.6,1407.7231
975545,127.0,50.0,0.8,1648.9797
975568,161.0,40.0,0.4,3933.1504
975596,125.0,30.0,0.9,1892.0029
975606,131.0,20.0,0.1,4545.5825
975618,139.0,20.0,0.9,1790.3838
975633,71.0,40.0,0.4,2947.3557
975638,129.0,10.0,0.9,2681.149
975646,114.0,30.0,0.9,2753.1833
975654,234.0,40.0,0.9,910.1258
975687,264.0,40.0,0.7,698.40656
975776,105.0,40.0,0.8,5743.531
975800,239.0,30.0,0.8,3153.187
975826,217.0,30.0,0.7,1820.2317
975835,93.0,20.0,0.9,934.9834
975854,108.0,40.0,0.7,3284.6907
975858,94.0,40.0,0.1,2896.0232
975866,117.0,20.0,0.1,1789.4023
975870,116.0,30.0,0.9,3059.948
975887,168.0,50.0,0.9,3752.6924
975909,289.0,40.0,0.7,3403.804
975917,55.0,20.0,0.9,3886.2
975919,130.0,40.0,0.9,4307.3887
976000,176.0,30.0,0.4,2567.6401
976019,90.0,30.0,0.8,3851.6948
976024,183.0,20.0,0.3,2793.2295
976042,143.0,20.0,0.6,2645.0085
976065,221.0,30.0,0.8,2898.0496
976069,191.0,50.0,0.8,1777.8163
976073,99.0,30.0,0.8,1168.85
976076,191.0,20.0,0.9,2939.8164
976083,139.0,40.0,0.8,7220.608
976102,124.0,30.0,0.9,1905.7854
976163,198.0,20.0,0.8,4323.858
976164,120.0,60.0,0.1,5123.6094
976166,83.0,20.0,0.3,3749.524
976173,108.0,30.0,0.9,1100.1864
976181,101.0,40.0,0.8,3036.0066
976191,37.0,30.0,0.7,11897.825
976202,178.0,40.0,0.8,3224.0027
976221,91.0,20.0,0.8,3627.2473
976279,179.0,30.0,0.9,3470.4434
976301,101.0,40.0,0.7,2825.2422
976328,140.0,20.0,0.1,3286.7253
976340,109.0,20.0,0.1,3403.2095
976350,154.0,20.0,0.7,7989.148
976368,89.0,30.0,0.1,5184.507
976420,125.0,20.0,0.6,1512.7178
976475,196.0,40.0,0.4,4472.3833
976510,147.0,30.0,0.5,1791.6781
976523,249.0,40.0,0.8,3219.1294
976619,51.0,20.0,0.7,3937.3333
976631,225.0,30.0,0.9,893.00287
976683,184.0,30.0,0.9,4559.987
976693,264.0,20.0,0.4,3949.5476
976708,67.0,30.0,0.4,2421.3433
976721,103.0,40.0,0.9,3582.771
976731,110.0,40.0,0.4,3199.4373
976755,96.0,30.0,0.8,3709.0908
976797,183.0,40.0,0.5,3419.3445
976805,122.0,30.0,0.3,3864.3499
976816,253.0,30.0,0.8,3377.1345
976819,316.0,50.0,0.9,2066.6763
976858,271.0,20.0,0.8,562.271
976864,168.0,40.0,0.6,4418.9023
976867,90.0,40.0,0.4,3481.454
976870,119.0,40.0,0.7,3677.7925
976874,253.0,30.0,0.9,237.76912
976933,120.0,20.0,0.2,774.0338
976934,73.0,20.0,0.4,4162.4326
976947,117.0,30.0,0.7,6231.316
976960,117.0,40.0,0.8,4480.1807
976983,192.0,30.0,0.9,3138.1084
976989,83.0,30.0,0.9,1284.1134
976993,102.0,30.0,0.7,2536.264
977018,138.0,50.0,0.3,5820.8096
977043,8.0,40.0,0.1,1946.3872
977044,228.0,30.0,0.4,7756.562
977057,207.0,30.0,0.9,1197.6595
977062,131.0,30.0,0.4,1614.5928
977070,157.0,20.0,0.3,6255.938
977142,89.0,40.0,0.8,3461.3704
977147,286.0,30.0,0.8,3132.9492
977175,141.0,20.0,0.9,3552.0845
977185,204.0,30.0,0.9,884.5719
977233,118.0,30.0,0.1,961.91315
977305,225.0,80.0,0.7,410.56873
977328,96.0,20.0,0.8,5065.442
977339,265.0,40.0,0.9,2865.7603
977419,145.0,50.0,0.5,3048.3103
977430,82.0,30.0,0.5,5933.493
977434,164.0,30.0,0.9,2376.4036
977446,130.0,40.0,0.9,1011.11914
977454,118.0,30.0,0.1,3570.2053
977469,182.0,30.0,0.8,2937.3386
977508,126.0,20.0,0.6,4753.8926
977515,157.0,10.0,0.9,2565.6116
977520,131.0,40.0,0.8,4435.0166
977536,246.0,30.0,0.5,5187.585
977549,108.0,30.0,0.9,2134.54
977580,230.0,50.0,0.6,1120.6611
977594,186.0,30.0,0.9,1866.9375
977614,184.0,30.0,0.6,1178.9882
977616,134.0,40.0,0.7,3578.9563
977623,159.0,50.0,0.8,5523.4106
977625,92.0,40.0,0.8,4934.161
977646,125.0,20.0,0.9,2889.5076
977693,239.0,30.0,0.8,387.00827
977706,256.0,40.0,0.9,3960.272
977717,129.0,20.0,0.2,3316.6838
977728,174.0,30.0,0.8,1234.7695
977745,147.0,40.0,0.9,3500.8635
977748,98.0,30.0,0.9,3454.8228
977754,70.0,30.0,0.1,13448.916
977774,189.0,40.0,0.9,1209.1924
977776,87.0,50.0,0.8,3322.715
977784,94.0,60.0,0.6,3319.3506
977790,228.0,60.0,0.2,1189.4548
977799,319.0,40.0,0.9,2676.211
977871,95.0,50.0,0.9,2140.4768
977906,61.0,30.0,0.1,6813.269
977919,100.0,20.0,0.1,3559.5205
977939,115.0,40.0,0.1,3769.8
977948,50.0,40.0,0.2,3988.4885
977958,219.0,20.0,0.8,2897.6946
977972,36.0,20.0,0.2,8690.392
977982,46.0,30.0,0.8,3056.777
978001,143.0,30.0,0.5,3798.1777
978019,110.0,40.0,0.1,2901.124
978036,157.0,30.0,0.7,5176.398
978053,150.0,40.0,0.9,3369.9653
978085,28.0,20.0,0.1,2084.4749
978090,107.0,50.0,0.9,5427.0503
978099,126.0,40.0,0.8,7017.159
978113,39.0,20.0,0.5,4119.3647
978117,103.0,20.0,0.8,1089.0321
978159,210.0,40.0,0.4,3960.8625
978180,108.0,40.0,0.9,882.4114
978210,120.0,40.0,0.3,2385.5398
978214,194.0,30.0,0.5,964.8984
978216,188.0,40.0,0.4,5056.598
978223,234.0,40.0,0.9,3933.2683
978227,262.0,40.0,0.9,2706.1707
978229,139.0,40.0,0.5,3343.7556
978251,100.0,20.0,0.1,879.1224
978266,176.0,20.0,0.8,1412.9053
978288,126.0,30.0,0.2,2637.8228
978290,102.0,30.0,0.5,1198.1255
978311,218.0,30.0,0.7,4633.56
978319,91.0,20.0,0.1,3367.8083
978357,308.0,40.0,0.9,1982.2089
978398,96.0,30.0,0.9,209.38843
978406,104.0,40.0,0.9,2711.5625
978463,60.0,30.0,0.6,3370.8486
978465,212.0,30.0,0.4,5204.3037
978496,112.0,30.0,0.4,3721.5486
978510,205.0,40.0,0.7,3017.4114
978515,193.0,50.0,0.7,3221.336
978575,34.0,10.0,0.1,3652.2388
978586,218.0,40.0,0.9,1364.0884
978613,95.0,20.0,0.3,2506.423
978617,102.0,10.0,0.7,2343.0425
978620,176.0,30.0,0.8,2580.8894
978625,101.0,40.0,0.9,1220.8538
978644,269.0,50.0,0.8,3196.3408
978671,136.0,40.0,0.6,1016.70953
978678,282.0,40.0,0.8,3657.3179
978697,104.0,50.0,0.1,1516.533
978715,176.0,30.0,0.8,2036.4244
978740,96.0,20.0,0.6,954.3954
978748,30.0,20.0,0.2,11742.303
978778,177.0,40.0,0.9,2136.9287
978815,114.0,20.0,0.9,2537.9482
978830,122.0,30.0,0.9,2692.239
978847,231.0,40.0,0.9,5556.346
978877,257.0,40.0,0.9,5556.9624
978891,247.0,40.0,0.4,6366.8774
978898,130.0,30.0,0.9,3370.8337
978899,120.0,50.0,0.8,6042.4844
978925,110.0,30.0,0.6,1384.0828
978937,149.0,30.0,0.7,5955.8794
978972,83.0,40.0,0.1,3222.318
979000,199.0,40.0,0.7,356.77658
979014,184.0,30.0,0.7,4427.5547
979030,91.0,40.0,0.1,3115.9392
979041,129.0,50.0,0.6,4702.2573
979073,222.0,30.0,0.7,1901.118
979080,71.0,30.0,0.1,3101.8884
979085,343.0,50.0,0.5,4141.739
979137,262.0,30.0,0.7,3930.8604
979143,90.0,50.0,0.7,2950.5176
979152,57.0,30.0,0.1,2706.8447
979167,80.0,40.0,0.1,4503.18
979201,135.0,20.0,0.1,2672.78
979243,117.0,40.0,0.9,6943.375
979249,149.0,20.0,0.6,2814.4421
979256,176.0,40.0,0.9,2311.2207
979274,129.0,20.0,0.8,4534.8335
979278,13.0,30.0,0.6,3880.3672
979300,276.0,30.0,0.9,4822.6714
979305,122.0,30.0,0.9,2157.3623
979325,173.0,20.0,0.3,4215.4536
979403,329.0,50.0,0.9,1521.3163
979432,136.0,30.0,0.9,2888.003
979442,142.0,40.0,0.9,3857.2952
979463,104.0,30.0,0.9,2849.8667
979498,115.0,20.0,0.6,4238.2007
979530,122.0,40.0,0.6,2533.5151
979564,91.0,50.0,0.8,1690.8207
979579,260.0,40.0,0.1,1056.696
979634,76.0,50.0,0.1,4560.796
979691,143.0,20.0,0.8,4408.6597
979702,126.0,60.0,0.2,1574.1261
979759,254.0,40.0,0.8,2192.1184
979767,50.0,30.0,0.8,1197.6384
979799,148.0,40.0,0.6,5044.9595
979842,88.0,30.0,0.9,5342.7773
979844,81.0,20.0,0.2,8030.529
979854,193.0,40.0,0.8,981.3571
979863,74.0,50.0,0.6,2544.9011
979871,222.0,40.0,0.4,6853.2534
979913,72.0,30.0,0.1,4811.4976
979936,111.0,30.0,0.9,1232.8685
979946,86.0,40.0,0.5,5623.024
980006,210.0,50.0,0.8,4556.034
980010,139.0,40.0,0.8,835.1594
980014,128.0,40.0,0.9,3089.0566
980017,115.0,20.0,0.6,13419.809
980025,112.0,40.0,0.6,5503.605
980033,198.0,40.0,0.9,3583.5076
980041,114.0,40.0,0.9,5417.823
980045,138.0,50.0,0.9,5405.586
980111,160.0,40.0,0.9,5477.2466
980141,122.0,30.0,0.8,4736.0474
980153,72.0,30.0,0.4,2723.424
980161,185.0,40.0,0.5,2364.2527
980165,90.0,30.0,0.7,3327.3438
980217,141.0,40.0,0.1,3933.8958
980220,114.0,40.0,0.1,785.27673
980222,115.0,20.0,0.4,3704.9028
980285,52.0,20.0,0.1,1586.8689
980306,122.0,40.0,0.4,1059.5272
980313,104.0,40.0,0.7,993.4552
980355,105.0,20.0,0.8,4407.744
980356,123.0,20.0,0.9,3150.7773
980369,71.0,40.0,0.6,4691.599
980371,132.0,30.0,0.4,2834.344
980391,108.0,30.0,0.2,4707.0386
980406,287.0,40.0,0.9,3215.9988
980485,134.0,30.0,0.3,1335.5592
980493,288.0,30.0,0.1,3915.4268
980503,79.0,20.0,0.3,3743.4128
980509,119.0,40.0,0.1,1967.2251
980514,99.0,40.0,0.7,2946.7039
980517,113.0,30.0,0.9,3112.4336
980526,144.0,40.0,0.9,2817.7302
980596,141.0,40.0,0.5,1639.8442
980597,91.0,10.0,0.7,2122.028
980643,255.0,30.0,0.9,1132.0912
980653,115.0,30.0,0.2,4088.8633
980710,33.0,50.0,0.7,3228.377
980728,73.0,40.0,0.9,1133.9246
980729,81.0,30.0,0.9,5188.2153
980744,94.0,40.0,0.4,3701.0466
980748,210.0,40.0,0.9,2428.2134
980758,110.0,20.0,0.3,8191.924
980770,150.0,40.0,0.9,3278.4468
980800,104.0,40.0,0.9,3582.557
980831,140.0,50.0,0.1,8335.468
980880,138.0,50.0,0.9,4151.0664
980894,181.0,50.0,0.7,8656.181
980905,127.0,20.0,0.8,1861.5518
980912,142.0,40.0,0.7,5815.741
980933,268.0,20.0,0.6,3606.7524
980950,154.0,40.0,0.1,4232.8477
980995,226.0,30.0,0.7,2924.296
980999,79.0,30.0,0.9,4715.088
981001,90.0,20.0,0.8,1449.2404
981007,169.0,20.0,0.3,677.9751
981029,145.0,40.0,0.9,2227.3306
981034,171.0,40.0,0.7,2631.2817
981048,112.0,30.0,0.7,2140.855
981088,109.0,50.0,0.7,8094.4453
981116,82.0,10.0,0.7,2225.7627
981145,75.0,30.0,0.9,2475.846
981202,210.0,40.0,0.9,1484.0073
981239,96.0,30.0,0.8,1630.967
981244,264.0,60.0,0.7,1098.6661
981258,44.0,50.0,0.1,563.13043
981274,162.0,20.0,0.8,3196.4385
981288,31.0,40.0,0.9,6745.006
981298,126.0,40.0,0.4,3977.3132
981358,132.0,30.0,0.9,2934.209
981359,120.0,20.0,0.3,4199.693
981382,272.0,40.0,0.8,951.195
981394,222.0,40.0,0.9,2051.662
981453,65.0,20.0,0.6,6807.4756
981471,52.0,30.0,0.1,5228.044
981475,99.0,30.0,0.8,2138.6558
981483,120.0,50.0,0.7,4147.34
981490,177.0,30.0,0.9,4849.247
981504,146.0,30.0,0.3,4793.4824
981507,196.0,30.0,0.7,4724.612
981532,105.0,20.0,0.6,5823.188
981544,128.0,20.0,0.8,5098.477
981555,177.0,40.0,0.9,4298.7314
981567,133.0,20.0,0.2,3641.4702
981608,106.0,40.0,0.5,4889.827
981643,120.0,50.0,0.6,5758.422
981655,207.0,20.0,0.9,3036.1897
981675,49.0,40.0,0.2,5399.9253
981679,63.0,40.0,0.1,5005.0415
981696,81.0,30.0,0.2,4553.847
981699,189.0,20.0,0.9,2762.464
981710,141.0,60.0,0.7,3350.7046
981766,78.0,30.0,0.7,4881.363
981787,152.0,40.0,0.4,5262.6416
981809,173.0,40.0,0.8,748.06085
981880,101.0,20.0,0.5,2613.7744
981882,177.0,40.0,0.9,2883.585
981898,203.0,40.0,0.9,6123.756
981901,140.0,30.0,0.5,2772.8567
981907,177.0,20.0,0.9,3332.4336
981920,248.0,40.0,0.4,4514.6553
981924,103.0,20.0,0.6,4291.527
981943,143.0,30.0,0.9,4439.947
981958,175.0,30.0,0.9,3845.2903
981960,111.0,50.0,0.9,2209.3203
982006,272.0,30.0,0.9,415.16568
982014,158.0,20.0,0.9,2950.8228
982016,205.0,20.0,0.5,5096.921
982035,55.0,20.0,0.3,4978.8306
982039,124.0,30.0,0.9,2173.4275
982046,107.0,20.0,0.7,4914.831
982054,121.0,20.0,0.1,4709.6133
982080,105.0,50.0,0.4,1358.6863
982094,86.0,40.0,0.9,2006.6095
982122,93.0,20.0,0.6,3508.588
982161,60.0,40.0,0.1,4429.4194
982201,192.0,40.0,0.9,4305.9526
982216,117.0,20.0,0.1,3816.758
982273,272.0,40.0,0.9,4362.012
982285,236.0,50.0,0.9,753.46497
982312,147.0,60.0,0.7,6902.565
982329,130.0,30.0,0.2,4400.961
982332,292.0,20.0,0.1,4276.0293
982345,101.0,20.0,0.1,3079.0967
982347,114.0,30.0,0.9,876.24713
982380,122.0,40.0,0.5,3733.2568
982389,279.0,30.0,0.1,5365.831
982393,175.0,60.0,0.9,3539.2305
982402,257.0,40.0,0.9,2436.0564
982405,217.0,20.0,0.1,5111.3506
982409,288.0,40.0,0.9,3615.8994
982448,127.0,20.0,0.7,2885.4556
982466,99.0,30.0,0.1,574.3926
982485,115.0,20.0,0.9,1589.4839
982490,162.0,40.0,0.9,1126.9199
982491,138.0,40.0,0.1,1796.1566
982503,132.0,30.0,0.4,8200.882
982510,151.0,20.0,0.1,4423.648
982530,101.0,40.0,0.1,3322.5427
982534,74.0,30.0,0.9,3368.546
982548,82.0,40.0,0.4,15106.998
982576,226.0,40.0,0.9,1406.0126
982594,236.0,30.0,0.8,1452.2646
982606,119.0,30.0,0.9,2148.4954
982614,131.0,30.0,0.9,3482.7512
982619,141.0,40.0,0.9,3395.8613
982641,84.0,20.0,0.1,1623.5585
982659,118.0,50.0,0.1,4041.0718
982674,99.0,30.0,0.8,1649.1115
982692,206.0,30.0,0.9,3942.1362
982693,109.0,40.0,0.3,6251.621
982724,49.0,40.0,0.7,3091.1782
982730,164.0,20.0,0.9,1850.5679
982772,194.0,10.0,0.8,1914.3541
982778,214.0,40.0,0.6,5333.1396
982811,144.0,30.0,0.6,1967.7064
982840,110.0,20.0,0.1,3867.9653
982845,270.0,40.0,0.9,4591.425
982876,117.0,40.0,0.4,1826.2191
982892,172.0,20.0,0.5,2487.6104
982911,48.0,40.0,0.9,1677.5922
982926,91.0,20.0,0.6,3979.9329
982927,135.0,30.0,0.4,4157.576
982929,108.0,20.0,0.6,4998.0146
982947,202.0,30.0,0.9,3538.314
982955,230.0,40.0,0.8,5059.934
982973,206.0,30.0,0.1,864.64325
982977,180.0,40.0,0.4,5674.1743
983044,174.0,30.0,0.2,552.04913
983100,110.0,40.0,0.8,4701.42
983122,97.0,30.0,0.9,3937.4365
983150,259.0,50.0,0.8,966.7537
983170,230.0,30.0,0.2,1276.0303
983174,90.0,20.0,0.4,2656.6394
983203,240.0,30.0,0.1,4704.6445
983253,178.0,20.0,0.9,3191.6128
983258,120.0,10.0,0.2,5200.269
983280,104.0,20.0,0.3,4981.3467
983327,112.0,40.0,0.8,3167.3196
983337,84.0,30.0,0.8,4237.887
983370,194.0,30.0,0.9,5461.442
983376,122.0,30.0,0.8,6679.47
983395,130.0,40.0,0.9,1605.6683
983429,151.0,20.0,0.3,2605.4197
983452,107.0,20.0,0.9,4106.1
983514,231.0,30.0,0.4,2428.0747
983516,100.0,20.0,0.8,3195.132
983519,141.0,50.0,0.6,1477.8413
983544,200.0,20.0,0.1,4489.203
983554,141.0,40.0,0.1,4421.7466
983591,112.0,40.0,0.8,4312.8833
983662,107.0,30.0,0.1,2652.784
983666,131.0,20.0,0.1,6854.4463
983678,149.0,40.0,0.1,4416.0195
983694,124.0,20.0,0.1,3677.965
983739,112.0,20.0,0.6,7512.4624
983747,104.0,20.0,0.1,4383.5283
983748,79.0,40.0,0.5,3557.2915
983779,98.0,30.0,0.8,3945.0396
983793,75.0,30.0,0.8,1505.9053
983794,215.0,40.0,0.8,4869.8354
983799,227.0,20.0,0.4,6607.137
983800,123.0,20.0,0.8,3228.133
983814,185.0,30.0,0.8,1785.9934
983881,150.0,70.0,0.6,1507.865
983945,96.0,30.0,0.3,2897.9534
983948,103.0,60.0,0.7,831.3142
983961,329.0,40.0,0.7,6104.0825
983984,246.0,20.0,0.4,4224.3623
984014,203.0,30.0,0.3,4673.4346
984051,182.0,40.0,0.4,3921.3215
984059,123.0,40.0,0.9,6619.5376
984081,278.0,40.0,0.9,5807.213
984103,179.0,20.0,0.7,2562.8364
984132,125.0,40.0,0.4,1243.9138
984138,59.0,40.0,0.3,8975.541
984142,59.0,60.0,0.8,3219.3862
984153,236.0,40.0,0.7,1289.3486
984162,91.0,60.0,0.6,2419.0151
984167,102.0,20.0,0.2,5346.732
984277,81.0,20.0,0.1,3268.072
984322,110.0,40.0,0.2,1787.3307
984336,176.0,40.0,0.7,631.54474
984399,94.0,20.0,0.1,4805.727
984402,124.0,20.0,0.7,4381.3623
984423,235.0,30.0,0.8,1629.4972
984437,111.0,30.0,0.7,995.14075
984439,86.0,40.0,0.8,3451.587
984530,205.0,20.0,0.9,3114.1067
984577,245.0,30.0,0.9,3334.0735
984578,230.0,30.0,0.8,4017.411
984580,154.0,40.0,0.6,3291.9138
984582,116.0,30.0,0.1,6547.317
984599,141.0,10.0,0.4,3308.0732
984681,117.0,30.0,0.1,5153.823
984697,119.0,60.0,0.6,5315.0977
984703,212.0,40.0,0.4,4605.443
984751,78.0,30.0,0.1,3606.0002
984771,186.0,30.0,0.9,2542.2817
984819,106.0,30.0,0.1,5193.379
984820,104.0,30.0,0.6,3132.3494
984824,97.0,30.0,0.9,4284.1577
984830,109.0,20.0,0.1,5412.0684
984840,57.0,50.0,0.6,3498.9521
984882,106.0,30.0,0.6,4065.6208
984914,58.0,50.0,0.6,3094.1594
984937,175.0,30.0,0.4,5602.3086
984941,91.0,50.0,0.9,6511.4253
984972,119.0,30.0,0.1,2998.8572
985008,150.0,40.0,0.8,2978.339
985013,108.0,30.0,0.9,2303.5767
985024,124.0,30.0,0.1,4998.597
985037,114.0,40.0,0.9,4016.7183
985044,93.0,40.0,0.9,3593.5583
985064,135.0,40.0,0.4,1125.5336
985112,122.0,40.0,0.6,1681.6257
985114,95.0,20.0,0.9,2997.9722
985123,66.0,40.0,0.1,4862.421
985136,-84.0,30.0,0.2,3100.5146
985151,77.0,30.0,0.1,4871.767
985154,176.0,50.0,0.8,3902.6628
985158,86.0,30.0,0.7,2415.9202
985175,223.0,30.0,0.5,1327.6683
985185,116.0,40.0,0.4,2003.487
985201,69.0,20.0,0.8,1644.6931
985207,162.0,50.0,0.6,2939.0466
985222,108.0,40.0,0.8,1436.3274
985247,101.0,20.0,0.2,3944.3135
985270,110.0,50.0,0.9,3171.9597
985278,91.0,10.0,0.1,2110.158
985284,129.0,30.0,0.2,3738.368
985298,118.0,40.0,0.1,1568.0035
985306,101.0,40.0,0.9,8314.129
985307,110.0,40.0,0.8,2683.4653
985326,116.0,30.0,0.9,4641.4946
985327,181.0,50.0,0.6,1566.4808
985343,128.0,40.0,0.7,1023.76245
985347,93.0,30.0,0.9,3640.7532
985349,80.0,20.0,0.8,1950.1217
985355,103.0,20.0,0.7,1146.4758
985357,28.0,20.0,0.2,4110.8105
985424,177.0,60.0,0.9,3620.457
985436,107.0,20.0,0.3,2558.5076
985456,231.0,40.0,0.7,752.1846
985464,116.0,30.0,0.8,3329.7234
985469,237.0,20.0,0.9,3904.0269
985526,209.0,50.0,0.9,767.696
985530,201.0,40.0,0.9,4453.676
985540,139.0,60.0,0.1,4246.5366
985546,91.0,20.0,0.4,3689.4375
985588,222.0,10.0,0.1,4757.879
985610,80.0,20.0,0.2,3983.8486
985660,127.0,40.0,0.1,4456.136
985662,237.0,40.0,0.9,2504.1885
985683,103.0,20.0,0.3,2553.018
985701,80.0,30.0,0.2,1234.6672
985769,119.0,30.0,0.7,3856.7803
985771,299.0,40.0,0.6,6126.68
985775,50.0,40.0,0.8,4750.4785
985815,94.0,30.0,0.9,5161.8774
985849,121.0,30.0,0.9,2576.21
985896,238.0,20.0,0.9,3903.0308
985915,104.0,50.0,0.8,2655.0808
985923,139.0,40.0,0.8,7067.4575
986011,129.0,20.0,0.3,4245.4634
986046,140.0,20.0,0.2,7856.5044
986050,126.0,30.0,0.4,3351.5955
986058,130.0,30.0,0.2,2263.8945
986095,187.0,30.0,0.8,11488.748
986099,74.0,30.0,0.8,4912.317
986125,48.0,30.0,0.6,4144.388
986226,194.0,20.0,0.6,4334.42
986232,170.0,40.0,0.7,6276.089
986262,123.0,60.0,0.4,1670.0222
986267,125.0,30.0,0.9,3892.207
986290,108.0,30.0,0.2,4219.6284
986298,158.0,20.0,0.9,2674.57
986317,100.0,30.0,0.4,2799.721
986322,118.0,30.0,0.4,1589.8236
986336,100.0,50.0,0.8,6390.861
986378,118.0,20.0,0.5,5354.8535
986384,134.0,30.0,0.1,5130.1313
986399,113.0,20.0,0.6,7779.1724
986400,100.0,30.0,0.8,813.6864
986488,107.0,30.0,0.7,1207.9945
986497,119.0,50.0,0.7,4677.455
986501,53.0,20.0,0.6,4785.955
986528,116.0,30.0,0.8,1142.9849
986560,82.0,30.0,0.9,3809.423
986569,184.0,40.0,0.9,3616.1858
986577,120.0,40.0,0.8,3257.8406
986601,184.0,40.0,0.8,5674.6807
986674,333.0,30.0,0.8,1421.0995
986690,131.0,20.0,0.9,894.1649
986716,176.0,20.0,0.6,2633.6885
986728,81.0,40.0,0.7,1824.4556
986729,112.0,20.0,0.1,4087.4814
986736,88.0,30.0,0.7,3998.7468
986809,161.0,30.0,0.1,6678.4346
986825,228.0,40.0,0.9,2171.2356
986826,88.0,20.0,0.6,2570.6953
986889,238.0,40.0,0.7,3462.6235
986904,107.0,20.0,0.9,4316.828
986905,200.0,20.0,0.6,3873.6104
986922,106.0,20.0,0.8,7651.545
986939,120.0,30.0,0.9,5588.018
986940,128.0,20.0,0.7,4714.693
986946,158.0,20.0,0.4,4319.6084
986986,121.0,50.0,0.9,1937.6558
986998,117.0,20.0,0.4,5318.1655
987012,180.0,30.0,0.9,2882.4475
987015,230.0,20.0,0.6,5788.131
987034,115.0,20.0,0.6,3431.841
987035,165.0,30.0,0.2,4483.4023
987043,103.0,30.0,0.9,3931.5688
987084,64.0,10.0,0.1,3363.3384
987109,82.0,30.0,0.8,1585.1659
987159,194.0,40.0,0.7,1663.2693
987164,246.0,30.0,0.4,5795.6006
987206,134.0,30.0,0.9,1663.409
987207,115.0,30.0,0.1,5802.7236
987271,11.0,20.0,0.1,2918.6484
987276,59.0,20.0,0.1,3499.3916
987292,5.0,20.0,0.4,3291.4905
987331,226.0,60.0,0.5,3121.8516
987335,98.0,20.0,0.6,3721.065
987349,196.0,70.0,0.2,4304.485
987352,70.0,20.0,0.9,4575.69
987356,189.0,30.0,0.6,2552.668
987385,185.0,40.0,0.6,1829.1139
987453,132.0,30.0,0.8,3669.3755
987473,105.0,50.0,0.9,5364.522
987497,137.0,30.0,0.9,1577.9606
987512,41.0,30.0,0.1,4484.939
987569,170.0,10.0,0.1,3933.7705
987571,99.0,50.0,0.9,4589.1406
987574,226.0,40.0,0.9,4387.005
987592,98.0,20.0,0.1,3417.0957
987644,186.0,30.0,0.5,2086.3533
987684,109.0,30.0,0.8,5880.487
987728,187.0,50.0,0.8,1297.6359
987749,144.0,30.0,0.9,4081.0059
987763,131.0,40.0,0.5,5027.0054
987783,142.0,30.0,0.6,6434.1304
987801,258.0,30.0,0.9,4312.0244
987804,202.0,30.0,0.7,5915.2764
987854,198.0,50.0,0.9,3646.9448
987876,48.0,20.0,0.3,1620.7507
987919,171.0,40.0,0.9,990.72516
987931,110.0,20.0,0.1,3032.8848
987941,125.0,40.0,0.8,2441.3164
987959,164.0,20.0,0.1,1719.3927
987976,159.0,30.0,0.8,3417.3662
988001,106.0,40.0,0.9,3240.6543
988008,22.0,30.0,0.1,2432.846
988011,111.0,30.0,0.1,1474.1405
988025,108.0,10.0,0.1,5634.227
988028,185.0,30.0,0.9,731.3908
988029,210.0,20.0,0.5,1417.4103
988031,74.0,30.0,0.3,7131.014
988056,134.0,30.0,0.1,3572.0557
988076,95.0,30.0,0.8,3316.834
988113,189.0,20.0,0.2,5562.3013
988134,121.0,20.0,0.1,4672.5703
988135,198.0,30.0,0.7,5455.3276
988170,183.0,40.0,0.9,4557.7695
988180,157.0,30.0,0.8,5020.8525
988190,135.0,20.0,0.7,4984.962
988207,201.0,40.0,0.6,2752.0906
988219,139.0,20.0,0.1,5647.479
988227,168.0,40.0,0.3,3170.0598
988242,91.0,30.0,0.9,6258.396
988267,193.0,30.0,0.4,1585.6641
988273,93.0,40.0,0.2,5299.932
988293,109.0,30.0,0.4,1910.677
988294,210.0,30.0,0.1,3898.7427
988325,102.0,20.0,0.9,6581.542
988349,124.0,40.0,0.9,3805.1672
988363,136.0,20.0,0.8,4833.073
988395,96.0,30.0,0.8,4645.587
988416,93.0,20.0,0.6,3426.6633
988463,212.0,40.0,0.1,841.6521
988466,200.0,30.0,0.4,7457.88
988497,235.0,40.0,0.1,958.1024
988525,215.0,40.0,0.4,13200.866
988529,91.0,30.0,0.7,6337.312
988588,75.0,40.0,0.6,4349.488
988601,104.0,20.0,0.1,3282.1296
988605,199.0,40.0,0.9,4293.9023
988630,117.0,40.0,0.9,1772.1898
988665,207.0,20.0,0.2,8402.989
988728,251.0,30.0,0.9,2261.6914
988746,167.0,30.0,0.7,5190.8545
988753,155.0,50.0,0.2,3866.0044
988761,113.0,30.0,0.6,3061.4375
988764,119.0,30.0,0.8,4259.156
988771,178.0,40.0,0.3,5743.1504
988792,179.0,30.0,0.9,5510.102
988793,98.0,20.0,0.1,2849.808
988823,50.0,40.0,0.6,3581.6616
988856,151.0,30.0,0.9,882.06976
988859,65.0,30.0,0.8,1580.3182
988875,81.0,20.0,0.6,3014.081
988896,87.0,30.0,0.8,3430.2175
988913,160.0,30.0,0.8,4030.2805
988947,123.0,40.0,0.9,2712.0444
988970,62.0,40.0,0.9,3359.2239
988990,98.0,20.0,0.7,4206.0713
988993,166.0,30.0,0.9,3955.0437
988997,154.0,40.0,0.1,1940.7723
989006,87.0,30.0,0.9,2093.706
989008,153.0,40.0,0.9,1238.2003
989025,192.0,50.0,0.4,2507.8694
989054,109.0,30.0,0.8,3975.9958
989059,291.0,30.0,0.9,4117.7295
989089,134.0,30.0,0.7,4121.986
989095,146.0,50.0,0.9,1922.6025
989107,200.0,40.0,0.4,690.4468
989159,281.0,40.0,0.9,3466.325
989165,242.0,40.0,0.9,3380.091
989172,212.0,20.0,0.4,4214.9937
989187,218.0,40.0,0.8,914.6613
989197,99.0,50.0,0.1,5614.168
989212,129.0,20.0,0.6,4656.7275
989220,116.0,40.0,0.2,2011.1112
989224,130.0,30.0,0.9,2324.844
989234,93.0,30.0,0.9,3782.8293
989254,134.0,30.0,0.9,2999.1436
989268,60.0,30.0,0.9,3144.8904
989287,171.0,40.0,0.2,2057.6697
989324,115.0,40.0,0.1,2014.0444
989360,177.0,30.0,0.6,3991.9043
989361,151.0,30.0,0.2,3712.3533
989390,142.0,30.0,0.9,3255.8445
989414,134.0,50.0,0.9,6864.652
989459,116.0,20.0,0.8,4382.9556
989465,90.0,20.0,0.7,4932.996
989507,303.0,40.0,0.9,6148.29
989510,175.0,40.0,0.9,1224.8463
989547,224.0,30.0,0.9,3873.0945
989578,208.0,50.0,0.4,5881.185
989588,190.0,30.0,0.9,4381.708
989628,140.0,40.0,0.9,2583.6697
989653,61.0,20.0,0.1,5047.4907
989662,72.0,20.0,0.8,3793.6265
989668,135.0,10.0,0.6,3615.2659
989676,147.0,30.0,0.6,3765.504
989699,195.0,30.0,0.1,4287.061
989702,123.0,50.0,0.9,5859.425
989703,98.0,40.0,0.9,6607.056
989704,130.0,30.0,0.9,3340.9182
989726,105.0,40.0,0.7,11569.149
989738,214.0,40.0,0.9,3130.1694
989739,107.0,40.0,0.6,8854.341
989748,261.0,40.0,0.8,2783.357
989775,242.0,50.0,0.7,4017.8596
989800,212.0,40.0,0.7,2545.4324
989811,240.0,20.0,0.6,2118.379
989836,194.0,40.0,0.8,2616.717
989871,102.0,40.0,0.9,2904.3225
989927,45.0,30.0,0.5,3180.9963
989948,177.0,40.0,0.9,2488.3835
989952,276.0,50.0,0.9,3322.4204
989955,82.0,20.0,0.2,4338.9395
989956,142.0,20.0,0.1,3139.5803
989974,101.0,30.0,0.9,3221.6414
989976,115.0,30.0,0.8,3527.867
989991,215.0,40.0,0.9,1595.17
989994,170.0,30.0,0.2,2177.0532
989996,100.0,40.0,0.9,4440.644
990027,120.0,40.0,0.1,1847.798
990051,306.0,50.0,0.9,5115.6826
990053,243.0,50.0,0.9,2139.29
990062,225.0,40.0,0.5,4567.374
990097,208.0,10.0,0.4,3010.8525
990124,63.0,30.0,0.1,3408.837
990131,179.0,40.0,0.9,3013.4028
990146,119.0,40.0,0.9,1192.4331
990192,124.0,50.0,0.8,4763.865
990203,134.0,20.0,0.9,4428.41
990232,137.0,20.0,0.4,4042.051
990283,172.0,40.0,0.4,2668.3413
990290,62.0,30.0,0.4,3915.7668
990299,156.0,30.0,0.1,2746.6597
990300,181.0,40.0,0.6,6844.7617
990325,96.0,50.0,0.7,2921.224
990344,132.0,10.0,0.7,2495.3186
990381,119.0,40.0,0.8,3098.3777
990419,89.0,40.0,0.8,3115.681
990422,264.0,20.0,0.8,5205.3433
990438,73.0,20.0,0.8,3550.4834
990450,133.0,20.0,0.9,2377.3958
990453,110.0,20.0,0.8,2443.9045
990472,117.0,30.0,0.8,3456.0244
990521,66.0,50.0,0.5,2252.6052
990561,70.0,20.0,0.5,2707.8894
990567,87.0,30.0,0.8,3498.6057
990572,109.0,40.0,0.8,1778.0756
990646,94.0,30.0,0.7,675.5657
990707,119.0,50.0,0.8,8282.878
990750,167.0,40.0,0.3,2221.9773
990754,117.0,20.0,0.1,4722.931
990760,199.0,50.0,0.9,12272.165
990799,100.0,50.0,0.1,941.4
990825,45.0,30.0,0.2,3224.0435
990828,118.0,40.0,0.9,4255.7744
990832,219.0,40.0,0.9,3621.3987
990861,94.0,30.0,0.8,3777.2798
990883,183.0,30.0,0.9,2655.839
990894,214.0,20.0,0.8,3033.0635
990905,3.0,20.0,0.1,4785.331
990917,240.0,40.0,0.4,1610.3882
990939,67.0,30.0,0.2,3944.8086
990948,108.0,40.0,0.8,2339.395
990961,156.0,60.0,0.7,868.3434
990972,93.0,20.0,0.3,3665.772
990984,225.0,40.0,0.4,3168.6814
991000,91.0,40.0,0.6,4457.672
991001,78.0,30.0,0.3,2281.6543
991043,85.0,20.0,0.8,1250.3057
991055,90.0,40.0,0.1,4114.909
991063,97.0,40.0,0.9,6260.24
991071,125.0,50.0,0.9,1345.1925
991081,239.0,20.0,0.9,4679.0825
991107,157.0,30.0,0.6,3908.3586
991168,103.0,40.0,0.9,3235.4292
991212,56.0,30.0,0.7,4219.516
991233,74.0,30.0,0.1,4906.8423
991241,248.0,40.0,0.8,1254.1318
991243,98.0,20.0,0.3,6435.9395
991244,179.0,30.0,0.7,6241.169
991256,101.0,30.0,0.9,1459.1757
991290,209.0,30.0,0.5,5772.2876
991298,128.0,40.0,0.1,2617.5027
991313,201.0,20.0,0.5,3006.3635
991315,128.0,10.0,0.6,3061.919
991318,127.0,40.0,0.9,4397.7407
991321,132.0,20.0,0.2,4930.838
991351,137.0,30.0,0.2,3779.9307
991372,263.0,30.0,0.2,6103.0317
991380,184.0,30.0,0.3,2825.4592
991383,147.0,20.0,0.7,4242.986
991389,220.0,40.0,0.2,2231.1226
991407,178.0,20.0,0.1,9945.362
991451,215.0,50.0,0.9,1424.4397
991468,113.0,40.0,0.2,5321.88
991511,80.0,20.0,0.9,4748.167
991526,244.0,50.0,0.3,2729.744
991559,68.0,30.0,0.6,8149.9937
991574,224.0,40.0,0.3,920.0974
991622,181.0,40.0,0.7,1727.6943
991623,97.0,20.0,0.1,1995.2902
991656,183.0,40.0,0.7,4179.279
991657,152.0,30.0,0.6,4430.2227
991665,344.0,20.0,0.9,4228.352
991705,54.0,40.0,0.8,567.2594
991710,127.0,30.0,0.9,2889.9849
991711,101.0,20.0,0.4,931.1078
991734,85.0,30.0,0.1,11462.319
991765,78.0,40.0,0.6,5567.5317
991771,180.0,30.0,0.4,1432.9142
991776,91.0,30.0,0.9,2081.6843
991779,130.0,20.0,0.8,2682.0427
991782,114.0,30.0,0.6,4454.626
991793,91.0,40.0,0.4,5276.029
991795,70.0,60.0,0.7,2998.5386
991801,132.0,40.0,0.8,253.89348
991815,100.0,40.0,0.9,3465.6018
991854,69.0,20.0,0.5,4181.0806
991861,109.0,30.0,0.2,750.1902
991865,113.0,60.0,0.3,1949.9828
991895,128.0,30.0,0.7,5780.3403
991910,111.0,50.0,0.9,3646.9702
991920,151.0,20.0,0.7,2858.7031
991930,324.0,40.0,0.7,2902.7185
991941,167.0,20.0,0.8,5167.6387
991945,85.0,20.0,0.1,6765.296
991949,101.0,30.0,0.9,1969.0477
991955,114.0,60.0,0.9,3322.4678
991971,209.0,40.0,0.9,3156.0437
991973,218.0,30.0,0.9,957.8076
991985,204.0,50.0,0.6,1467.9723
991987,211.0,30.0,0.6,1348.4349
992049,156.0,30.0,0.1,3277.771
992099,104.0,30.0,0.1,5257.076
992103,84.0,30.0,0.9,4328.105
992126,210.0,50.0,0.7,1010.1023
992139,252.0,30.0,0.6,4125.451
992208,120.0,30.0,0.1,2634.6953
992230,134.0,30.0,0.9,4385.545
992232,268.0,20.0,0.5,3101.5002
992255,142.0,30.0,0.9,2125.7786
992311,120.0,40.0,0.4,5366.6074
992325,103.0,20.0,0.8,3500.0913
992374,122.0,10.0,0.8,3129.6377
992384,123.0,30.0,0.7,1763.3867
992393,103.0,50.0,0.4,1564.3835
992417,99.0,40.0,0.4,2958.2957
992498,129.0,40.0,0.8,861.42084
992587,115.0,20.0,0.9,3231.945
992600,73.0,30.0,0.9,2927.6892
992644,133.0,20.0,0.9,3244.045
992645,120.0,30.0,0.9,4185.377
992716,100.0,10.0,0.4,6225.9883
992725,112.0,20.0,0.8,2684.1392
992732,110.0,50.0,0.9,6431.031
992739,97.0,30.0,0.9,1240.6201
992741,139.0,10.0,0.4,3063.579
992745,53.0,30.0,0.2,13823.377
992761,182.0,20.0,0.8,3883.6477
992786,215.0,40.0,0.1,7701.8877
992805,38.0,30.0,0.9,5035.757
992881,248.0,30.0,0.9,4053.9553
992898,133.0,30.0,0.9,3354.3352
992917,82.0,20.0,0.8,6056.0776
992919,75.0,40.0,0.8,6883.5786
992925,194.0,30.0,0.9,4205.533
992936,224.0,40.0,0.8,1949.6073
992944,232.0,40.0,0.6,7063.072
992956,126.0,60.0,0.5,2599.3748
992967,321.0,50.0,0.9,3831.3906
993026,76.0,10.0,0.6,3484.681
993046,102.0,40.0,0.9,4061.9365
993049,248.0,40.0,0.7,3982.0857
993054,86.0,40.0,0.8,3677.9963
993066,166.0,30.0,0.8,1770.7507
993086,157.0,40.0,0.9,2640.3455
993098,323.0,40.0,0.7,2530.5554
993118,106.0,20.0,0.9,4323.007
993176,112.0,20.0,0.6,1611.0775
993184,229.0,40.0,0.8,1261.5051
993279,26.0,30.0,0.7,3989.7498
993303,114.0,20.0,0.7,793.12256
993319,163.0,40.0,0.9,2799.853
993321,130.0,20.0,0.9,986.0019
993323,47.0,20.0,0.1,5128.7837
993351,100.0,20.0,0.6,5109.87
993476,94.0,30.0,0.9,3317.626
993486,104.0,40.0,0.7,4083.9136
993488,196.0,30.0,0.7,1832.8942
993502,169.0,30.0,0.9,3281.0505
993515,139.0,40.0,0.7,3337.5144
993539,160.0,40.0,0.8,610.0765
993554,330.0,20.0,0.8,2780.8887
993609,268.0,10.0,0.4,3919.01
993628,126.0,30.0,0.3,4884.7476
993632,123.0,60.0,0.7,2972.2751
993661,209.0,30.0,0.9,1925.6154
993673,93.0,20.0,0.8,3300.0996
993683,143.0,60.0,0.9,802.76117
993694,84.0,30.0,0.6,3915.4924
993752,157.0,40.0,0.9,13038.495
993756,146.0,40.0,0.8,3221.477
993796,138.0,40.0,0.9,6587.439
993797,234.0,30.0,0.9,4498.233
993808,194.0,30.0,0.2,2936.844
993820,244.0,30.0,0.6,1393.571
993829,114.0,20.0,0.6,5988.3384
993831,275.0,50.0,0.6,3217.0542
993874,73.0,40.0,0.9,5173.1475
993880,85.0,30.0,0.3,1560.3558
993881,157.0,20.0,0.7,4228.097
993885,96.0,30.0,0.7,4180.451
993905,239.0,50.0,0.9,3825.4473
993954,119.0,20.0,0.3,2057.8423
993978,101.0,30.0,0.8,4648.8877
993996,155.0,50.0,0.4,1812.6365
994003,270.0,40.0,0.1,1291.705
994012,103.0,10.0,0.9,1250.9802
994032,74.0,40.0,0.4,4492.6943
994097,133.0,40.0,0.9,1313.549
994100,177.0,30.0,0.8,1084.2805
994130,216.0,30.0,0.5,5376.742
994135,209.0,20.0,0.2,1020.0938
994169,136.0,30.0,0.4,5348.777
994174,177.0,40.0,0.8,2727.1091
994204,74.0,30.0,0.4,3099.086
994207,101.0,30.0,0.3,3671.6292
994215,257.0,20.0,0.9,1392.74
994248,39.0,20.0,0.1,6155.246
994252,191.0,40.0,0.9,1175.306
994281,50.0,20.0,0.6,1684.9938
994317,140.0,20.0,0.1,2613.3594
994323,107.0,40.0,0.1,3703.1343
994330,158.0,30.0,0.3,2637.1172
994331,275.0,40.0,0.9,3036.1992
994339,178.0,30.0,0.9,3069.3386
994368,117.0,20.0,0.3,3931.4585
994382,69.0,30.0,0.1,10588.879
994426,133.0,10.0,0.9,4951.815
994439,87.0,40.0,0.9,1500.7256
994478,108.0,40.0,0.9,1407.1143
994482,145.0,20.0,0.9,4000.3955
994490,98.0,20.0,0.1,5375.198
994513,282.0,30.0,0.6,3476.1648
994523,96.0,20.0,0.4,7284.886
994527,93.0,20.0,0.8,1960.5125
994557,201.0,20.0,0.1,3073.011
994568,199.0,30.0,0.9,875.4913
994571,248.0,20.0,0.4,2450.4124
994583,120.0,30.0,0.2,980.2486
994606,87.0,20.0,0.7,2026.0293
994625,215.0,30.0,0.8,5324.8228
994628,173.0,30.0,0.5,7822.745
994664,118.0,50.0,0.8,4118.3887
994669,117.0,40.0,0.6,4772.422
994707,273.0,40.0,0.9,2339.3535
994710,124.0,30.0,0.5,2659.3381
994738,114.0,50.0,0.7,4848.619
994776,96.0,10.0,0.7,6934.7896
994805,89.0,40.0,0.8,3879.8928
994806,138.0,20.0,0.3,4162.298
994807,148.0,20.0,0.5,2454.071
994843,179.0,40.0,0.8,868.6563
994847,249.0,40.0,0.7,3773.5115
994904,21.0,30.0,0.9,5667.2344
994913,129.0,20.0,0.9,4846.4307
994918,91.0,20.0,0.6,1364.4043
994925,117.0,20.0,0.2,3857.915
994946,106.0,20.0,0.7,2103.991
994990,121.0,20.0,0.8,2240.39
995004,121.0,50.0,0.2,4892.907
995014,189.0,30.0,0.9,1927.7336
995034,107.0,10.0,0.8,3815.52
995121,208.0,40.0,0.9,3140.905
995134,-32.0,20.0,0.2,5824.832
995149,229.0,30.0,0.7,1250.3848
995156,206.0,30.0,0.3,4719.284
995164,53.0,50.0,0.7,2613.3616
995219,134.0,30.0,0.9,5781.83
995240,107.0,40.0,0.7,3699.3127
995256,178.0,40.0,0.2,1185.1852
995286,280.0,30.0,0.9,5331.663
995334,183.0,30.0,0.4,3769.152
995392,117.0,20.0,0.2,3980.7656
995401,297.0,40.0,0.6,4484.498
995421,112.0,30.0,0.8,3451.6592
995450,107.0,50.0,0.2,4660.9707
995462,96.0,40.0,0.9,4534.9507
995490,57.0,50.0,0.8,3261.168
995507,91.0,20.0,0.8,3385.3179
995527,215.0,20.0,0.8,4971.206
995602,160.0,30.0,0.5,3045.9888
995621,125.0,40.0,0.1,3580.4775
995626,121.0,30.0,0.7,3945.1624
995651,85.0,50.0,0.9,3519.7664
995678,107.0,40.0,0.9,1879.5758
995690,103.0,20.0,0.9,6300.5776
995691,335.0,50.0,0.6,5581.9985
995715,133.0,30.0,0.6,2003.9475
995719,271.0,40.0,0.8,4292.6167
995734,77.0,30.0,0.9,1456.2201
995738,174.0,40.0,0.7,4649.818
995761,66.0,40.0,0.9,1324.2421
995817,197.0,60.0,0.6,816.7973
995827,125.0,20.0,0.8,4383.3657
995835,189.0,50.0,0.9,13724.679
995863,239.0,50.0,0.9,2081.3699
995891,113.0,40.0,0.2,4043.592
995900,93.0,20.0,0.1,2325.6248
995901,72.0,30.0,0.1,7333.783
995906,309.0,40.0,0.9,5241.1235
995917,93.0,40.0,0.2,3729.3281
995919,77.0,30.0,0.6,13154.647
995953,80.0,30.0,0.4,1062.0963
995960,58.0,50.0,0.8,3841.4866
995963,70.0,30.0,0.2,5612.415
995975,124.0,10.0,0.4,3844.5557
996015,132.0,40.0,0.7,4957.4683
996038,326.0,40.0,0.9,4026.0613
996047,1.0,20.0,0.3,2093.986
996090,125.0,20.0,0.8,4479.6787
996103,100.0,60.0,0.1,2908.61
996114,98.0,30.0,0.6,2034.3214
996117,98.0,20.0,0.4,164.18103
996167,87.0,20.0,0.7,3241.59
996171,242.0,30.0,0.8,2069.2297
996178,266.0,40.0,0.7,2683.6746
996218,58.0,40.0,0.9,3272.429
996220,114.0,30.0,0.9,933.46906
996251,258.0,40.0,0.8,2727.1614
996270,112.0,50.0,0.9,4145.771
996289,155.0,40.0,0.8,1794.4657
996294,212.0,20.0,0.4,4317.3667
996295,86.0,30.0,0.4,2894.8772
996324,85.0,30.0,0.9,5365.1826
996340,110.0,40.0,0.6,1857.9026
996371,106.0,20.0,0.4,2490.142
996408,251.0,40.0,0.9,3708.607
996438,113.0,20.0,0.1,4295.698
996453,300.0,50.0,0.8,746.54504
996486,217.0,20.0,0.9,556.6026
996531,167.0,40.0,0.7,5176.3706
996562,96.0,50.0,0.9,6295.0776
996579,67.0,40.0,0.2,4787.903
996613,82.0,40.0,0.5,4695.2334
996615,123.0,10.0,0.1,2497.76
996638,165.0,20.0,0.8,1011.6707
996660,91.0,40.0,0.9,3910.7998
996706,144.0,40.0,0.8,748.44275
996711,113.0,30.0,0.6,1147.2319
996723,67.0,50.0,0.9,4339.1807
996770,95.0,40.0,0.1,462.87674
996782,113.0,30.0,0.7,3472.9753
996812,80.0,40.0,0.6,3024.5247
996857,121.0,20.0,0.7,1792.0652
996883,191.0,30.0,0.4,656.28796
996926,83.0,50.0,0.1,2811.0537
996978,83.0,40.0,0.9,1405.7108
997015,120.0,30.0,0.9,3448.1545
997029,124.0,20.0,0.8,3445.1235
997075,226.0,50.0,0.9,3722.8599
997093,236.0,30.0,0.3,3020.7622
997115,97.0,40.0,0.1,2691.122
997118,99.0,30.0,0.6,3892.4988
997216,172.0,20.0,0.2,5376.3623
997227,118.0,20.0,0.7,5746.261
997247,169.0,30.0,0.7,2881.384
997253,140.0,30.0,0.3,4764.9155
997268,203.0,40.0,0.9,1295.4574
997301,65.0,30.0,0.9,3573.801
997302,209.0,20.0,0.2,2660.926
997304,182.0,50.0,0.3,5524.2974
997319,273.0,30.0,0.7,1134.7214
997332,267.0,40.0,0.1,3978.0562
997374,263.0,10.0,0.6,3637.714
997383,216.0,40.0,0.4,3797.9795
997396,235.0,40.0,0.8,5991.174
997408,107.0,40.0,0.7,3935.6575
997418,95.0,40.0,0.9,4080.7246
997462,84.0,10.0,0.7,11998.744
997469,103.0,40.0,0.8,5098.4214
997472,112.0,50.0,0.6,4634.6616
997488,121.0,30.0,0.1,4776.4614
997500,132.0,30.0,0.5,5292.8315
997525,141.0,20.0,0.8,3897.6914
997558,187.0,40.0,0.1,3091.8647
997565,215.0,40.0,0.5,5483.344
997577,85.0,30.0,0.4,3394.0732
997579,124.0,30.0,0.9,4113.82
997596,219.0,40.0,0.9,4377.621
997628,109.0,40.0,0.1,3402.7808
997640,90.0,30.0,0.4,3690.846
997662,226.0,40.0,0.6,799.7288
997695,198.0,40.0,0.8,1320.4056
997716,136.0,40.0,0.1,1287.8448
997741,107.0,20.0,0.3,3348.1726
997746,87.0,20.0,0.5,2811.0461
997751,82.0,40.0,0.7,4897.0615
997759,64.0,40.0,0.1,4445.663
997770,79.0,60.0,0.6,4958.5625
997801,217.0,30.0,0.9,1909.1318
997827,181.0,30.0,0.9,4047.9768
997838,125.0,20.0,0.9,7918.3696
997840,120.0,30.0,0.8,3943.3557
997871,59.0,50.0,0.7,4640.081
997875,199.0,40.0,0.9,4619.3413
997939,159.0,40.0,0.4,2301.8816
997942,69.0,30.0,0.9,599.3654
997946,245.0,40.0,0.9,2853.9585
997967,144.0,30.0,0.7,958.8298
997972,173.0,30.0,0.1,3974.1843
998049,277.0,60.0,0.8,2851.447
998064,254.0,30.0,0.6,3373.3855
998101,95.0,20.0,0.3,3976.1526
998106,308.0,40.0,0.7,3302.2466
998115,97.0,30.0,0.4,2501.6694
998149,236.0,40.0,0.7,2668.962
998175,94.0,20.0,0.2,2343.7517
998207,178.0,50.0,0.7,4953.1216
998211,122.0,20.0,0.8,3959.5977
998229,104.0,40.0,0.4,1917.4873
998235,108.0,40.0,0.7,3074.382
998255,103.0,40.0,0.9,4526.543
998263,33.0,50.0,0.9,1259.2814
998274,213.0,20.0,0.5,11587.574
998281,131.0,50.0,0.7,1367.1488
998291,117.0,30.0,0.8,5094.855
998299,253.0,30.0,0.3,2257.6313
998321,103.0,30.0,0.9,3653.376
998324,139.0,50.0,0.8,1570.9255
998334,140.0,20.0,0.1,2928.1497
998350,97.0,60.0,0.6,3795.9011
998389,128.0,30.0,0.8,3779.9243
998394,132.0,30.0,0.3,3018.1467
998397,293.0,50.0,0.9,710.831
998399,58.0,20.0,0.6,7714.013
998402,266.0,40.0,0.9,1340.9552
998427,171.0,40.0,0.8,1174.2703
998472,112.0,50.0,0.8,2940.1328
998513,300.0,20.0,0.9,1391.3203
998514,182.0,40.0,0.7,3061.779
998548,89.0,30.0,0.7,2188.722
998557,234.0,30.0,0.9,4945.523
998559,102.0,20.0,0.1,3799.9521
998570,115.0,30.0,0.7,2652.7668
998574,158.0,40.0,0.8,2277.149
998620,93.0,40.0,0.6,2380.5142
998624,4.0,40.0,0.8,4612.8877
998655,194.0,40.0,0.9,5483.8384
998657,114.0,30.0,0.4,3829.5894
998669,197.0,40.0,0.2,277.27515
998671,27.0,20.0,0.1,4846.1646
998677,154.0,40.0,0.9,1157.8951
998683,277.0,30.0,0.7,2389.974
998695,109.0,60.0,0.1,2542.5542
998717,120.0,40.0,0.8,1087.9906
998726,112.0,20.0,0.1,4177.054
998753,129.0,40.0,0.1,2940.5938
998890,172.0,20.0,0.7,4167.8486
998904,35.0,20.0,0.1,10328.042
998919,121.0,30.0,0.7,2609.3618
998927,75.0,40.0,0.6,3769.3713
998960,145.0,30.0,0.9,2898.3315
998970,95.0,40.0,0.1,3695.0588
999005,259.0,20.0,0.8,6754.863
999017,215.0,30.0,0.6,1338.3011
999036,200.0,30.0,0.6,1058.0469
999042,138.0,20.0,0.6,6255.1753
999062,217.0,10.0,0.5,4528.38
999071,113.0,40.0,0.9,1576.7837
999081,173.0,30.0,0.8,3762.3171
999083,174.0,30.0,0.9,231.5359
999084,94.0,20.0,0.9,6151.3525
999106,169.0,40.0,0.9,3080.7227
999117,33.0,30.0,0.7,4508.9585
999128,201.0,30.0,0.9,4158.7827
999156,84.0,50.0,0.8,3448.33
999196,272.0,20.0,0.1,4893.3325
999214,144.0,30.0,0.8,2695.3127
999261,57.0,20.0,0.8,2322.995
999265,204.0,40.0,0.4,1565.7965
999290,80.0,20.0,0.1,3360.2922
999304,123.0,50.0,0.8,1088.4036
999310,98.0,20.0,0.7,3531.3904
999323,85.0,50.0,0.9,5553.4795
999325,106.0,40.0,0.7,2586.2031
999383,145.0,20.0,0.5,2414.2017
999471,283.0,40.0,0.9,3072.8716
999486,111.0,30.0,0.5,4356.198
999504,117.0,30.0,0.5,6336.9756
999552,208.0,50.0,0.9,5880.9785
999554,104.0,20.0,0.5,2760.1282
999561,110.0,40.0,0.8,3714.0874
999581,211.0,50.0,0.8,4795.2817
999628,105.0,30.0,0.3,1388.1512
999652,270.0,50.0,0.9,3011.89
999656,102.0,30.0,0.1,4487.6934
999676,185.0,20.0,0.6,11284.461
999698,182.0,40.0,0.8,1937.6096
999728,116.0,20.0,0.8,3123.0132
999742,121.0,50.0,0.6,2970.9573
999745,197.0,20.0,0.9,862.883
999749,87.0,30.0,0.7,3114.0022
999793,34.0,20.0,0.3,5305.454
999826,76.0,40.0,0.3,5280.966
999832,207.0,20.0,0.3,4728.8027
999845,118.0,40.0,0.9,4044.7197
999847,242.0,50.0,0.6,3861.8357
999876,241.0,30.0,0.8,3898.1772
999891,116.0,40.0,0.6,4227.92
999895,145.0,30.0,0.9,4728.5317
999924,88.0,30.0,0.7,7292.0522
999929,103.0,40.0,0.9,3838.3115
999959,172.0,60.0,0.7,2362.638
999976,110.0,40.0,0.9,2411.1714
